[LOG] === diag_scan log start (pid=24712) ===
[I] DiagDciClient: starting...
[D] libdiag: resolved Diag_LSM_Init @ 0x6edada6d38
[D] libdiag: resolved Diag_LSM_DeInit @ 0x6edada6f38
[D] libdiag: resolved diag_register_dci_client @ 0x6edada6d68
[D] libdiag: resolved diag_release_dci_client @ 0x6edada6dc4
[D] libdiag: using Variant B (register_dci_client)
[D] libdiag: resolved diag_register_dci_stream_proc @ 0x6edada6d78
[D] libdiag: resolved diag_log_stream_config @ 0x6edada6d98
[D] libdiag: resolved diag_event_stream_config @ 0x6edada6da0
[D] libdiag: resolved diag_get_dci_support_list_proc @ 0x6edada6d90
[D] libdiag: resolved diag_send_dci_async_req @ 0x6edada6d80
[D] libdiag: resolved diag_get_health_stats_proc @ 0x6edada6db0
[I] libdiag: loaded from libdiag.so (variant B (register_dci_client))
[I] DiagDciClient: libdiag loaded from libdiag.so
[D] DiagDciClient: Diag_LSM_Init() OK
[I] DiagDciClient: allocated client_id=1 (variant B)
[D] DiagDciClient: DCI stream callbacks registered
[I] DiagDciClient: log mask enabled (43 codes)
[I] DiagDciClient: mask contains B0C0=1 B0C1=1 B0C2=1 B0EC=1
[I] DiagDciClient: event mask enabled (23 ids)
[I] DiagDciClient: running (client_id=1, log_codes=43, event_ids=23)
[CLEANUP] === unlock_all() — wiping all lock files ===
[CLEANUP] === unlock_lte: starting wipe ===
[UNLINK] === attempt 1/3 path=/nv/item_files/modem/lte/rrc/efs/cell_lock_list ===
[STAT] /nv/item_files/modem/lte/rrc/efs/cell_lock_list -> ABSENT (errno=2)
[UNLINK] file already absent — OK
[UNLINK] === attempt 1/3 path=/nv/item_files/modem/lte/rrc/efs/cell_restrict_opt_params ===
[STAT] /nv/item_files/modem/lte/rrc/efs/cell_restrict_opt_params -> ABSENT (errno=2)
[UNLINK] file already absent — OK
[UNLINK] === attempt 1/3 path=/nv/item_files/modem/lte/rrc/csp/pci_lock ===
[STAT] /nv/item_files/modem/lte/rrc/csp/pci_lock -> ABSENT (errno=2)
[UNLINK] file already absent — OK
[EFS] SyncNoWait seq=1 '/nv/item_files/modem/lte/rrc/efs/cell_lock_list'
[EFS] SyncNoWait raw rsp (14): 4B 13 30 00 01 00 00 00 00 00 02 00 00 00
[EFS] SyncNoWait rsp: seq=1 token=0x00000000 err=2
[EFS] SYNC_NO_WAIT failed: errno=2
[STAT] /nv/item_files/modem/lte/rrc/efs/cell_lock_list -> ABSENT (errno=2)
[EFS] OPEN(rd) '/nv/item_files/modem/lte/rrc/efs/cell_lock_list' failed fd=-1 errno=2
[CLEANUP] /nv/item_files/modem/lte/rrc/efs/cell_lock_list: confirmed gone (stat+get agree)
[STAT] /nv/item_files/modem/lte/rrc/efs/cell_restrict_opt_params -> ABSENT (errno=2)
[EFS] OPEN(rd) '/nv/item_files/modem/lte/rrc/efs/cell_restrict_opt_params' failed fd=-1 errno=2
[CLEANUP] /nv/item_files/modem/lte/rrc/efs/cell_restrict_opt_params: confirmed gone (stat+get agree)
[STAT] /nv/item_files/modem/lte/rrc/csp/pci_lock -> ABSENT (errno=2)
[EFS] OPEN(rd) '/nv/item_files/modem/lte/rrc/csp/pci_lock' failed fd=-1 errno=2
[CLEANUP] /nv/item_files/modem/lte/rrc/csp/pci_lock: confirmed gone (stat+get agree)
[CLEANUP] === unlock_lte: OK ===
[CLEANUP] === unlock_umts() — wiping WCDMA lock files ===
[UNLINK] === attempt 1/3 path=/nv/item_files/wcdma/rrc/wcdma_rrc_freq_lock_item ===
[STAT] /nv/item_files/wcdma/rrc/wcdma_rrc_freq_lock_item -> EXISTS (errno=0)
[EFS] UNLINK '/nv/item_files/wcdma/rrc/wcdma_rrc_freq_lock_item'
[EFS] UNLINK errno=0
[EFS] SyncNoWait seq=2 '/nv/item_files/wcdma/rrc/wcdma_rrc_freq_lock_item'
[EFS] SyncNoWait raw rsp (14): 4B 13 30 00 02 00 00 00 DE AD 02 00 00 00
[EFS] SyncNoWait rsp: seq=2 token=0xADDE0000 err=2
[EFS] SYNC_NO_WAIT failed: errno=2
[STAT] /nv/item_files/wcdma/rrc/wcdma_rrc_freq_lock_item -> ABSENT (errno=2)
[UNLINK] verified gone after attempt 1 (unlink rc=0)
[UNLINK] === attempt 1/3 path=/nv/item_files/wcdma/rrc/wcdma_rrc_enable_psc_lock ===
[STAT] /nv/item_files/wcdma/rrc/wcdma_rrc_enable_psc_lock -> EXISTS (errno=0)
[EFS] UNLINK '/nv/item_files/wcdma/rrc/wcdma_rrc_enable_psc_lock'
[EFS] UNLINK errno=0
[EFS] SyncNoWait seq=3 '/nv/item_files/wcdma/rrc/wcdma_rrc_enable_psc_lock'
[EFS] SyncNoWait raw rsp (14): 4B 13 30 00 03 00 00 00 DE AD 02 00 00 00
[EFS] SyncNoWait rsp: seq=3 token=0xADDE0000 err=2
[EFS] SYNC_NO_WAIT failed: errno=2
[STAT] /nv/item_files/wcdma/rrc/wcdma_rrc_enable_psc_lock -> ABSENT (errno=2)
[UNLINK] verified gone after attempt 1 (unlink rc=0)
[UNLINK] === attempt 1/3 path=/nv/item_files/wcdma/l1/srch/wl1_srch_debug_utils ===
[STAT] /nv/item_files/wcdma/l1/srch/wl1_srch_debug_utils -> EXISTS (errno=0)
[EFS] UNLINK '/nv/item_files/wcdma/l1/srch/wl1_srch_debug_utils'
[EFS] UNLINK errno=0
[EFS] SyncNoWait seq=4 '/nv/item_files/wcdma/l1/srch/wl1_srch_debug_utils'
[EFS] SyncNoWait raw rsp (14): 4B 13 30 00 04 00 00 00 DE AD 02 00 00 00
[EFS] SyncNoWait rsp: seq=4 token=0xADDE0000 err=2
[EFS] SYNC_NO_WAIT failed: errno=2
[STAT] /nv/item_files/wcdma/l1/srch/wl1_srch_debug_utils -> ABSENT (errno=2)
[UNLINK] verified gone after attempt 1 (unlink rc=0)
[STAT] /nv/item_files/wcdma/rrc/wcdma_rrc_freq_lock_item -> ABSENT (errno=2)
[STAT] /nv/item_files/wcdma/rrc/wcdma_rrc_enable_psc_lock -> ABSENT (errno=2)
[STAT] /nv/item_files/wcdma/l1/srch/wl1_srch_debug_utils -> ABSENT (errno=2)
[CLEANUP] === unlock_umts: verified CLEAR (attempt 1/3) ===
[GSM-UNLOCK] === clearing GSM ARFCN lock ===
[EFS] === Attempt 1/3 path=/nv/item_files/modem/geran/grr/feature_lock_arfcn_enabled len=1 ===
[EFS] UNLINK '/nv/item_files/modem/geran/grr/feature_lock_arfcn_enabled'
[EFS] UNLINK errno=0
[EFS] PUT pkt (76):
  0000: 4B 13 26 00 01 00 00 00 42 02 FF 01 BA 17 00 2F
  0010: 6E 76 2F 69 74 65 6D 5F 66 69 6C 65 73 2F 6D 6F
  0020: 64 65 6D 2F 67 65 72 61 6E 2F 67 72 72 2F 66 65
  0030: 61 74 75 72 65 5F 6C 6F 63 6B 5F 61 72 66 63 6E
  0040: 5F 65 6E 61 62 6C 65 64 00 00 00 00
[EFS] PUT rsp: code=0x17BA errno=0
[EFS] PUT OK
[EFS] SyncNoWait seq=5 '/nv/item_files/modem/geran/grr/feature_lock_arfcn_enabled'
[EFS] SyncNoWait raw rsp (14): 4B 13 30 00 05 00 17 00 00 00 00 00 00 00
[EFS] SyncNoWait rsp: seq=5 token=0x00000017 err=0
[EFS] SYNC_NO_WAIT OK: token=0x00000017
[EFS] SyncGetStatus raw rsp (11): 4B 13 31 00 06 00 01 00 00 00 00
[EFS] GET_SYNC_STATUS done after 1 polls (status=1)
[EFS] ==> WRITE + SYNC COMPLETED
[GSM-UNLOCK] feature flag set to 0 OK
[UNLINK] === attempt 1/3 path=/nv/item_files/modem/geran/rr_efs_arfcn_list ===
[STAT] /nv/item_files/modem/geran/rr_efs_arfcn_list -> ABSENT (errno=2)
[UNLINK] file already absent — OK
[EFS] OPEN(rd) '/nv/item_files/modem/geran/rr_efs_arfcn_list' failed fd=-1 errno=2
[EFS] OPEN(rd) '/nv/item_files/modem/geran/grr/feature_lock_arfcn_enabled' -> fd=0
[EFS] READ raw rsp (21 bytes):
[EFS]   0000: 4B 13 04 00 00 00 00 00 00 00 00 00 01 00 00 00
[EFS]   0010: 00 00 00 00 00
[EFS] READ fd=0 -> 1 bytes
[GSM-UNLOCK] === verified CLEAR (attempt 1/3) ===
[CLEANUP] === unlock_all done (rc=0) ===
[I] DiagDciClient: stopping (client_id=1)...
[D] DiagDciClient: log mask disabled
[D] DiagDciClient: event mask disabled
[D] DiagDciClient: released client_id=0
[D] DiagDciClient: Diag_LSM_DeInit() done
[I] libdiag: unloaded
[I] DiagDciClient: stopped. Stats: logs=0 events=0 parsed=0 errors=0
[LOG] === diag_scan log start (pid=25858) ===
[I] DiagDciClient: starting...
[D] libdiag: resolved Diag_LSM_Init @ 0x72c3279d38
[D] libdiag: resolved Diag_LSM_DeInit @ 0x72c3279f38
[D] libdiag: resolved diag_register_dci_client @ 0x72c3279d68
[D] libdiag: resolved diag_release_dci_client @ 0x72c3279dc4
[D] libdiag: using Variant B (register_dci_client)
[D] libdiag: resolved diag_register_dci_stream_proc @ 0x72c3279d78
[D] libdiag: resolved diag_log_stream_config @ 0x72c3279d98
[D] libdiag: resolved diag_event_stream_config @ 0x72c3279da0
[D] libdiag: resolved diag_get_dci_support_list_proc @ 0x72c3279d90
[D] libdiag: resolved diag_send_dci_async_req @ 0x72c3279d80
[D] libdiag: resolved diag_get_health_stats_proc @ 0x72c3279db0
[I] libdiag: loaded from libdiag.so (variant B (register_dci_client))
[I] DiagDciClient: libdiag loaded from libdiag.so
[D] DiagDciClient: Diag_LSM_Init() OK
[I] DiagDciClient: allocated client_id=1 (variant B)
[D] DiagDciClient: DCI stream callbacks registered
[I] DiagDciClient: log mask enabled (43 codes)
[I] DiagDciClient: mask contains B0C0=1 B0C1=1 B0C2=1 B0EC=1
[I] DiagDciClient: event mask enabled (23 ids)
[I] DiagDciClient: running (client_id=1, log_codes=43, event_ids=23)
[I] DAEMON: listening on abstract unix socket @observer_diag
[I] DAEMON: client connected
[D] QCP: log code=0xB197 len=48
[I] RAWCAP code=0xB197 ver=2 plen=36  (LTE ML1 Serving Cell Info)
[I] RAWCAP 0xB197 v2 +000 02 4B 54 03 86 05 00 00 4C 43 00 00 00 00 00 00 FC 1C 00 00 E0 61 57 14 00 00 00 00 00 00 54 8B 
[I] RAWCAP 0xB197 v2 +032 58 02 02 00 
[I] ML1 0xB197 ServInfo: EARFCN=1414 PCI=134 (v2)
[D] QCP: log code=0xB0C1 len=23
[I] RAWCAP code=0xB0C1 ver=2 plen=11  (LTE RRC MIB)
[I] RAWCAP 0xB0C1 v2 +000 02 4C 01 86 05 00 00 55 03 04 4B 
[D] LTE 0xB0C1 MIB: ver=2 plen=11
[D] 0xB0C1 [11 bytes]: 02 4C 01 86 05 00 00 55 03 04 4B 
[D] LTE MIB v2: bandwidth=75 tx_antenna=4 sfn=853 earfcn=1414 pci=332
[D] QCP: log code=0xB0C0 len=55
[I] RAWCAP code=0xB0C0 ver=27 plen=43  (LTE RRC OTA)
[I] RAWCAP 0xB0C0 v27 +000 1B 10 10 10 90 00 4C 01 86 05 00 00 85 35 03 02 00 00 00 16 00 48 49 41 33 02 A6 BE BA 60 98 20 
[I] RAWCAP 0xB0C0 v27 +032 21 90 20 81 84 50 24 C3 50 00 00 
[D] LTE 0xB0C0 RRC OTA: ver=27 plen=43
[D] 0xB0C0 [43 bytes]: 1B 10 10 10 90 00 4C 01 86 05 00 00 85 35 03 02 00 00 00 16 00 48 49 41 33 02 A6 BE BA 60 98 20 21 90 20 81 84 50 24 C3 50 00 00 
[D] v25 item: rrc=16.16 nr_rrc=16.144 rbid=0 pci=332 earfcn=1414 sfn_subfn=13701 pdu_num=3 sib_mask=2 len=22
[I] [SIB1] EARFCN=1414 PCI=332 MCC=250 MNC=99 CID=199992841 TAC=678 barred=0 csg=0
[D] QCP: log code=0xB17F len=52
[I] RAWCAP code=0xB17F ver=5 plen=40  (LTE ML1 Serving Meas & Eval)
[I] RAWCAP 0xB17F v5 +000 05 01 00 00 86 05 00 00 4C 0F 00 00 8A A5 58 00 8A A5 58 00 78 E0 81 07 78 4C 0F 00 48 AD 96 02 
[I] RAWCAP 0xB17F v5 +032 00 00 00 00 00 17 00 00 
[I] === RAW 0xB17F len=40 ver=5 (capture this) ===
[D] B17F-RAW [40 bytes]: 05 01 00 00 86 05 00 00 4C 0F 00 00 8A A5 58 00 8A A5 58 00 78 E0 81 07 78 4C 0F 00 48 AD 96 02 00 00 00 00 00 17 00 00 
[I] ML1 0xB17F PCI 30 → 134 (corrected from 0xB197)
[I] ML1 0xB17F SCell: EARFCN=1414 PCI=134 RSRP=-91 RSRQ=-28(raw,dropped) RSSI=-79 (v5)
[D] QCP: log code=0xB197 len=48
[I] ML1 0xB197 ServInfo: EARFCN=1414 PCI=1 (v2)
[D] QCP: log code=0xB197 len=48
[I] ML1 0xB197 ServInfo: EARFCN=1414 PCI=1 (v2)
[D] QCP: log code=0xB197 len=48
[I] ML1 0xB197 ServInfo: EARFCN=38750 PCI=132 (v2)
[D] QCP: log code=0xB0C1 len=23
[D] LTE 0xB0C1 MIB: ver=2 plen=11
[D] 0xB0C1 [11 bytes]: 02 71 00 5E 97 00 00 52 01 04 64 
[D] LTE MIB v2: bandwidth=100 tx_antenna=4 sfn=338 earfcn=38750 pci=113
[D] QCP: log code=0xB0C0 len=55
[D] LTE 0xB0C0 RRC OTA: ver=27 plen=43
[D] 0xB0C0 [43 bytes]: 1B 10 10 10 90 00 71 00 5E 97 00 00 45 95 03 02 00 00 00 16 00 58 49 40 41 4E 3D BF 7B 02 08 2A 71 80 81 84 4C 23 61 22 76 35 1C 
[D] v25 item: rrc=16.16 nr_rrc=16.144 rbid=0 pci=113 earfcn=38750 sfn_subfn=38213 pdu_num=3 sib_mask=2 len=22
[I] [SIB1] EARFCN=38750 PCI=113 MCC=250 MNC=20 CID=200781856 TAC=20029 barred=0 csg=0
[D] QCP: log code=0xB17F len=52
[I] ML1 0xB17F PCI 28 → 132 (corrected from 0xB197)
[I] ML1 0xB17F SCell: EARFCN=38750 PCI=132 RSRP=-115 RSRQ=-27(raw,dropped) RSSI=-94 (v5)
[D] QCP: log code=0xB197 len=48
[I] ML1 0xB197 ServInfo: EARFCN=38750 PCI=135 (v2)
[D] QCP: log code=0xB0C1 len=23
[D] LTE 0xB0C1 MIB: ver=2 plen=11
[D] 0xB0C1 [11 bytes]: 02 EB 01 5E 97 00 00 60 01 04 64 
[D] LTE MIB v2: bandwidth=100 tx_antenna=4 sfn=352 earfcn=38750 pci=491
[D] QCP: log code=0xB0C0 len=55
[D] LTE 0xB0C0 RRC OTA: ver=27 plen=43
[D] 0xB0C0 [43 bytes]: 1B 10 10 10 90 00 EB 01 5E 97 00 00 E5 D6 03 02 00 00 00 16 00 58 49 40 41 4C F7 BF 79 21 F8 2A 71 80 81 84 4C 23 61 22 76 05 1C 
[D] v25 item: rrc=16.16 nr_rrc=16.144 rbid=0 pci=491 earfcn=38750 sfn_subfn=55013 pdu_num=3 sib_mask=2 len=22
[I] [SIB1] EARFCN=38750 PCI=491 MCC=250 MNC=20 CID=200774175 TAC=19703 barred=0 csg=0
[D] QCP: log code=0xB17F len=52
[I] ML1 0xB17F PCI 31 → 135 (corrected from 0xB197)
[I] ML1 0xB17F SCell: EARFCN=38750 PCI=135 RSRP=-121 RSRQ=-28(raw,dropped) RSSI=-95 (v5)
[D] QCP: log code=0xB197 len=48
[I] ML1 0xB197 ServInfo: EARFCN=38750 PCI=132 (v2)
[D] QCP: log code=0xB0C1 len=23
[D] LTE 0xB0C1 MIB: ver=2 plen=11
[D] 0xB0C1 [11 bytes]: 02 78 00 5E 97 00 00 78 01 04 64 
[D] LTE MIB v2: bandwidth=100 tx_antenna=4 sfn=376 earfcn=38750 pci=120
[D] QCP: log code=0xB0C0 len=55
[D] LTE 0xB0C0 RRC OTA: ver=27 plen=43
[D] 0xB0C0 [43 bytes]: 1B 10 10 10 90 00 78 00 5E 97 00 00 A5 17 03 02 00 00 00 16 00 58 49 40 41 4E 3D BF 7B 02 18 2A 71 80 81 84 4C 23 61 22 76 35 1C 
[D] v25 item: rrc=16.16 nr_rrc=16.144 rbid=0 pci=120 earfcn=38750 sfn_subfn=6053 pdu_num=3 sib_mask=2 len=22
[I] [SIB1] EARFCN=38750 PCI=120 MCC=250 MNC=20 CID=200781857 TAC=20029 barred=0 csg=0
[D] QCP: log code=0xB17F len=52
[I] ML1 0xB17F PCI 28 → 132 (corrected from 0xB197)
[I] ML1 0xB17F SCell: EARFCN=38750 PCI=132 RSRP=-118 RSRQ=-28(raw,dropped) RSSI=-93 (v5)
[D] QCP: log code=0xB197 len=48
[I] ML1 0xB197 ServInfo: EARFCN=38750 PCI=132 (v2)
[D] QCP: log code=0xB0C1 len=23
[D] LTE 0xB0C1 MIB: ver=2 plen=11
[D] 0xB0C1 [11 bytes]: 02 11 00 5E 97 00 00 88 01 04 64 
[D] LTE MIB v2: bandwidth=100 tx_antenna=4 sfn=392 earfcn=38750 pci=17
[D] QCP: log code=0xB197 len=48
[I] ML1 0xB197 ServInfo: EARFCN=6408 PCI=1 (v2)
[D] QCP: log code=0xB197 len=48
[I] ML1 0xB197 ServInfo: EARFCN=3200 PCI=133 (v2)
[D] QCP: log code=0xB0C1 len=23
[D] LTE 0xB0C1 MIB: ver=2 plen=11
[D] 0xB0C1 [11 bytes]: 02 82 00 80 0C 00 00 14 02 04 32 
[D] LTE MIB v2: bandwidth=50 tx_antenna=4 sfn=532 earfcn=3200 pci=130
[D] QCP: log code=0xB0C0 len=51
[D] LTE 0xB0C0 RRC OTA: ver=27 plen=39
[D] 0xB0C0 [39 bytes]: 1B 10 10 10 90 00 82 00 80 0C 00 00 65 21 03 02 00 00 00 12 00 40 49 40 03 45 8E 31 6D F0 28 20 61 10 81 04 4C 24 C5 
[D] v25 item: rrc=16.16 nr_rrc=16.144 rbid=0 pci=130 earfcn=3200 sfn_subfn=8549 pdu_num=3 sib_mask=2 len=18
[I] [SIB1] EARFCN=3200 PCI=130 MCC=250 MNC=1 CID=51830530 TAC=17806 barred=0 csg=0
[D] QCP: log code=0xB17F len=52
[I] ML1 0xB17F PCI 29 → 133 (corrected from 0xB197)
[I] ML1 0xB17F SCell: EARFCN=3200 PCI=133 RSRP=-80 RSRQ=-27(raw,dropped) RSSI=-78 (v5)
[D] QCP: log code=0xB197 len=48
[I] ML1 0xB197 ServInfo: EARFCN=3200 PCI=0 (v2)
[D] QCP: log code=0xB197 len=48
[I] ML1 0xB197 ServInfo: EARFCN=3638 PCI=133 (v2)
[D] QCP: log code=0xB0C1 len=23
[D] LTE 0xB0C1 MIB: ver=2 plen=11
[D] 0xB0C1 [11 bytes]: 02 AD 00 36 0E 00 00 50 02 02 19 
[D] LTE MIB v2: bandwidth=25 tx_antenna=2 sfn=592 earfcn=3638 pci=173
[D] QCP: log code=0xB0C0 len=51
[D] LTE 0xB0C0 RRC OTA: ver=27 plen=39
[D] 0xB0C0 [39 bytes]: 1B 10 10 10 90 00 AD 00 36 0E 00 00 25 E5 03 02 00 00 00 12 00 40 49 40 03 45 8E 31 6D F1 C8 20 71 10 81 04 4C 24 CF 
[D] v25 item: rrc=16.16 nr_rrc=16.144 rbid=0 pci=173 earfcn=3638 sfn_subfn=58661 pdu_num=3 sib_mask=2 len=18
[I] [SIB1] EARFCN=3638 PCI=173 MCC=250 MNC=1 CID=51830556 TAC=17806 barred=0 csg=0
[D] QCP: log code=0xB17F len=52
[I] ML1 0xB17F PCI 29 → 133 (corrected from 0xB197)
[I] ML1 0xB17F SCell: EARFCN=3638 PCI=133 RSRP=-80 RSRQ=-25(raw,dropped) RSSI=-83 (v5)
[D] QCP: log code=0xB197 len=48
[I] ML1 0xB197 ServInfo: EARFCN=3638 PCI=2 (v2)
[D] QCP: log code=0xB197 len=48
[I] ML1 0xB197 ServInfo: EARFCN=3638 PCI=3 (v2)
[D] QCP: log code=0xB197 len=48
[I] ML1 0xB197 ServInfo: EARFCN=3638 PCI=2 (v2)
[D] QCP: log code=0xB197 len=48
[I] ML1 0xB197 ServInfo: EARFCN=3638 PCI=2 (v2)
[D] QCP: log code=0x7130 len=15
[I] RAWCAP code=0x7130 ver=1 plen=3  (UMTS GMM/SM OTA)
[I] RAWCAP 0x7130 v1 +000 01 05 00 
[W] UMTS NAS OTA: payload too short (3)
[D] QCP: log code=0x7130 len=15
[W] UMTS NAS OTA: payload too short (3)
[D] QCP: log code=0x7130 len=15
[W] UMTS NAS OTA: payload too short (3)
[D] QCP: log code=0x7130 len=15
[W] UMTS NAS OTA: payload too short (3)
[D] QCP: log code=0x7130 len=15
[W] UMTS NAS OTA: payload too short (3)
[D] QCP: log code=0x7130 len=15
[W] UMTS NAS OTA: payload too short (3)
[D] QCP: log code=0x7130 len=15
[W] UMTS NAS OTA: payload too short (3)
[D] QCP: log code=0x7130 len=15
[W] UMTS NAS OTA: payload too short (3)
[D] QCP: log code=0xB197 len=48
[I] ML1 0xB197 ServInfo: EARFCN=40991 PCI=3 (v2)
[D] QCP: log code=0xB197 len=48
[I] ML1 0xB197 ServInfo: EARFCN=41188 PCI=1 (v2)
[D] QCP: log code=0xB197 len=48
[I] ML1 0xB197 ServInfo: EARFCN=41187 PCI=2 (v2)
[D] QCP: log code=0xB197 len=48
[I] ML1 0xB197 ServInfo: EARFCN=40740 PCI=135 (v2)
[D] QCP: log code=0xB0C1 len=23
[D] LTE 0xB0C1 MIB: ver=2 plen=11
[D] 0xB0C1 [11 bytes]: 02 C7 01 24 9F 00 00 1A 01 04 64 
[D] LTE MIB v2: bandwidth=100 tx_antenna=4 sfn=282 earfcn=40740 pci=455
[D] QCP: log code=0xB0C0 len=59
[D] LTE 0xB0C0 RRC OTA: ver=27 plen=47
[D] 0xB0C0 [47 bytes]: 1B 10 10 10 90 00 C7 01 24 9F 00 00 C5 91 03 02 00 00 00 1A 00 58 49 40 03 45 8E 31 6D F1 68 22 51 10 81 04 4C 24 4F 9F 01 42 80 00 00 00 00 
[D] v25 item: rrc=16.16 nr_rrc=16.144 rbid=0 pci=455 earfcn=40740 sfn_subfn=37317 pdu_num=3 sib_mask=2 len=26
[I] [SIB1] EARFCN=40740 PCI=455 MCC=250 MNC=1 CID=51830550 TAC=17806 barred=0 csg=0
[D] QCP: log code=0xB17F len=52
[I] ML1 0xB17F PCI 31 → 135 (corrected from 0xB197)
[I] ML1 0xB17F SCell: EARFCN=40740 PCI=135 RSRP=-92 RSRQ=-27(raw,dropped) RSSI=-81 (v5)
[D] QCP: log code=0xB197 len=48
[I] ML1 0xB197 ServInfo: EARFCN=40740 PCI=135 (v2)
[D] QCP: log code=0xB0C1 len=23
[D] LTE 0xB0C1 MIB: ver=2 plen=11
[D] 0xB0C1 [11 bytes]: 02 87 01 24 9F 00 00 28 01 04 64 
[D] LTE MIB v2: bandwidth=100 tx_antenna=4 sfn=296 earfcn=40740 pci=391
[D] QCP: log code=0xB0C0 len=59
[D] LTE 0xB0C0 RRC OTA: ver=27 plen=47
[D] 0xB0C0 [47 bytes]: 1B 10 10 10 90 00 87 01 24 9F 00 00 A5 92 03 02 00 00 00 1A 00 58 49 40 03 45 8E 31 6D F1 58 22 51 10 81 04 4C 24 4F 99 01 42 80 00 00 00 00 
[D] v25 item: rrc=16.16 nr_rrc=16.144 rbid=0 pci=391 earfcn=40740 sfn_subfn=37541 pdu_num=3 sib_mask=2 len=26
[I] [SIB1] EARFCN=40740 PCI=391 MCC=250 MNC=1 CID=51830549 TAC=17806 barred=0 csg=0
[D] QCP: log code=0xB17F len=52
[I] ML1 0xB17F PCI 31 → 135 (corrected from 0xB197)
[I] ML1 0xB17F SCell: EARFCN=40740 PCI=135 RSRP=-101 RSRQ=-29(raw,dropped) RSSI=-82 (v5)
[D] QCP: log code=0xB197 len=48
[I] ML1 0xB197 ServInfo: EARFCN=40740 PCI=2 (v2)
[D] QCP: log code=0xB197 len=48
[I] ML1 0xB197 ServInfo: EARFCN=1275 PCI=133 (v2)
[D] QCP: log code=0xB0C1 len=23
[D] LTE 0xB0C1 MIB: ver=2 plen=11
[D] 0xB0C1 [11 bytes]: 02 9C 00 FB 04 01 00 50 01 04 4B 
[D] LTE MIB v2: bandwidth=75 tx_antenna=4 sfn=336 earfcn=66811 pci=156
[D] QCP: log code=0xB0C0 len=51
[D] LTE 0xB0C0 RRC OTA: ver=27 plen=39
[D] 0xB0C0 [39 bytes]: 1B 10 10 10 90 00 9C 00 FB 04 01 00 25 D5 03 02 00 00 00 12 00 40 49 40 03 45 8E 31 6D F1 98 20 01 10 81 04 4C 24 D5 
[D] v25 item: rrc=16.16 nr_rrc=16.144 rbid=0 pci=156 earfcn=66811 sfn_subfn=54565 pdu_num=3 sib_mask=2 len=18
[I] [SIB1] EARFCN=66811 PCI=156 MCC=250 MNC=1 CID=51830553 TAC=17806 barred=0 csg=0
[D] QCP: log code=0xB17F len=52
[I] ML1 0xB17F SCell: EARFCN=66811 PCI=29 RSRP=-81 RSRQ=-26(raw,dropped) RSSI=-80 (v5)
[D] QCP: log code=0xB197 len=48
[I] ML1 0xB197 ServInfo: EARFCN=1000 PCI=133 (v2)
[D] QCP: log code=0xB0C1 len=23
[D] LTE 0xB0C1 MIB: ver=2 plen=11
[D] 0xB0C1 [11 bytes]: 02 AE 00 E8 03 01 00 0D 03 02 32 
[D] LTE MIB v2: bandwidth=50 tx_antenna=2 sfn=781 earfcn=66536 pci=174
[D] QCP: log code=0xB0C0 len=55
[D] LTE 0xB0C0 RRC OTA: ver=27 plen=43
[D] 0xB0C0 [43 bytes]: 1B 10 10 10 90 00 AE 00 E8 03 01 00 E5 70 03 02 00 00 00 16 00 48 49 40 41 4D 07 BF 2E 93 58 20 01 80 81 84 4C 23 61 23 3A 8E 00 
[D] v25 item: rrc=16.16 nr_rrc=16.144 rbid=0 pci=174 earfcn=66536 sfn_subfn=28901 pdu_num=3 sib_mask=2 len=22
[I] [SIB1] EARFCN=66536 PCI=174 MCC=250 MNC=20 CID=200468789 TAC=19719 barred=0 csg=0
[D] QCP: log code=0xB17F len=52
[I] ML1 0xB17F SCell: EARFCN=66536 PCI=29 RSRP=-92 RSRQ=-26(raw,dropped) RSSI=-85 (v5)
[D] QCP: log code=0xB197 len=48
[I] ML1 0xB197 ServInfo: EARFCN=1000 PCI=132 (v2)
[D] QCP: log code=0xB0C1 len=23
[D] LTE 0xB0C1 MIB: ver=2 plen=11
[D] 0xB0C1 [11 bytes]: 02 12 00 E8 03 01 00 6F 01 02 32 
[D] LTE MIB v2: bandwidth=50 tx_antenna=2 sfn=367 earfcn=66536 pci=18
[D] QCP: log code=0xB0C0 len=55
[D] LTE 0xB0C0 RRC OTA: ver=27 plen=43
[D] 0xB0C0 [43 bytes]: 1B 10 10 10 90 00 12 00 E8 03 01 00 05 97 03 02 00 00 00 16 00 48 49 40 41 4E 3D BE BF 83 48 20 01 80 81 84 4C 23 61 23 3A 8E 00 
[D] v25 item: rrc=16.16 nr_rrc=16.144 rbid=0 pci=18 earfcn=66536 sfn_subfn=38661 pdu_num=3 sib_mask=2 len=22
[I] [SIB1] EARFCN=66536 PCI=18 MCC=250 MNC=20 CID=200013876 TAC=20029 barred=0 csg=0
[D] QCP: log code=0xB17F len=52
[I] ML1 0xB17F SCell: EARFCN=66536 PCI=28 RSRP=-97 RSRQ=-27(raw,dropped) RSSI=-85 (v5)
[D] QCP: log code=0xB197 len=48
[I] ML1 0xB197 ServInfo: EARFCN=1425 PCI=133 (v2)
[D] QCP: log code=0xB0C1 len=23
[D] LTE 0xB0C1 MIB: ver=2 plen=11
[D] 0xB0C1 [11 bytes]: 02 B6 00 91 05 01 00 2A 00 04 4B 
[D] LTE MIB v2: bandwidth=75 tx_antenna=4 sfn=42 earfcn=66961 pci=182
[D] QCP: log code=0xB0C0 len=55
[D] LTE 0xB0C0 RRC OTA: ver=27 plen=43
[D] 0xB0C0 [43 bytes]: 1B 10 10 10 90 00 B6 00 91 05 01 00 C5 02 03 02 00 00 00 16 00 48 49 41 33 02 A6 BE BA 66 68 20 01 90 20 81 84 50 24 CC 50 00 00 
[D] v25 item: rrc=16.16 nr_rrc=16.144 rbid=0 pci=182 earfcn=66961 sfn_subfn=709 pdu_num=3 sib_mask=2 len=22
[I] [SIB1] EARFCN=66961 PCI=182 MCC=250 MNC=99 CID=199992934 TAC=678 barred=0 csg=0
[D] QCP: log code=0xB17F len=52
[I] ML1 0xB17F SCell: EARFCN=66961 PCI=29 RSRP=-91 RSRQ=-26(raw,dropped) RSSI=-85 (v5)
[D] QCP: log code=0xB197 len=48
[I] ML1 0xB197 ServInfo: EARFCN=1425 PCI=133 (v2)
[D] QCP: log code=0xB0C1 len=23
[D] LTE 0xB0C1 MIB: ver=2 plen=11
[D] 0xB0C1 [11 bytes]: 02 82 00 91 05 01 00 35 00 04 4B 
[D] LTE MIB v2: bandwidth=75 tx_antenna=4 sfn=53 earfcn=66961 pci=130
[D] QCP: log code=0xB0C0 len=55
[D] LTE 0xB0C0 RRC OTA: ver=27 plen=43
[D] 0xB0C0 [43 bytes]: 1B 10 10 10 90 00 82 00 91 05 01 00 E5 C3 03 02 00 00 00 16 00 48 49 41 33 02 A6 BE BA 66 78 20 01 90 20 81 84 50 24 DC 50 00 00 
[D] v25 item: rrc=16.16 nr_rrc=16.144 rbid=0 pci=130 earfcn=66961 sfn_subfn=50149 pdu_num=3 sib_mask=2 len=22
[I] [SIB1] EARFCN=66961 PCI=130 MCC=250 MNC=99 CID=199992935 TAC=678 barred=0 csg=0
[D] QCP: log code=0xB17F len=52
[I] ML1 0xB17F SCell: EARFCN=66961 PCI=29 RSRP=-100 RSRQ=-28(raw,dropped) RSSI=-86 (v5)
[D] QCP: log code=0xB197 len=48
[I] ML1 0xB197 ServInfo: EARFCN=1425 PCI=133 (v2)
[D] QCP: log code=0xB0C1 len=23
[D] LTE 0xB0C1 MIB: ver=2 plen=11
[D] 0xB0C1 [11 bytes]: 02 F4 00 91 05 01 00 E4 02 04 4B 
[D] LTE MIB v2: bandwidth=75 tx_antenna=4 sfn=740 earfcn=66961 pci=244
[D] QCP: log code=0xB0C0 len=55
[D] LTE 0xB0C0 RRC OTA: ver=27 plen=43
[D] 0xB0C0 [43 bytes]: 1B 10 10 10 90 00 F4 00 91 05 01 00 65 6E 03 02 00 00 00 16 00 48 49 41 33 02 A6 BE B9 D6 68 20 01 90 20 81 84 50 24 CE 50 00 00 
[D] v25 item: rrc=16.16 nr_rrc=16.144 rbid=0 pci=244 earfcn=66961 sfn_subfn=28261 pdu_num=3 sib_mask=2 len=22
[I] [SIB1] EARFCN=66961 PCI=244 MCC=250 MNC=99 CID=199990630 TAC=678 barred=0 csg=0
[D] QCP: log code=0xB17F len=52
[I] ML1 0xB17F SCell: EARFCN=66961 PCI=29 RSRP=-102 RSRQ=-28(raw,dropped) RSSI=-86 (v5)
[D] QCP: log code=0xB197 len=48
[I] ML1 0xB197 ServInfo: EARFCN=1425 PCI=2 (v2)
[D] QCP: log code=0xB197 len=48
[I] ML1 0xB197 ServInfo: EARFCN=1425 PCI=135 (v2)
[D] QCP: log code=0xB0C1 len=23
[D] LTE 0xB0C1 MIB: ver=2 plen=11
[D] 0xB0C1 [11 bytes]: 02 DA 01 91 05 01 00 97 01 04 4B 
[D] LTE MIB v2: bandwidth=75 tx_antenna=4 sfn=407 earfcn=66961 pci=474
[D] QCP: log code=0xB197 len=48
[I] ML1 0xB197 ServInfo: EARFCN=1425 PCI=1 (v2)
[D] QCP: log code=0xB197 len=48
[I] ML1 0xB197 ServInfo: EARFCN=1425 PCI=1 (v2)
[D] QCP: log code=0xB197 len=48
[I] ML1 0xB197 ServInfo: EARFCN=1425 PCI=2 (v2)
[D] QCP: log code=0xB197 len=48
[I] ML1 0xB197 ServInfo: EARFCN=1425 PCI=3 (v2)
[D] QCP: log code=0xB197 len=48
[I] ML1 0xB197 ServInfo: EARFCN=1425 PCI=2 (v2)
[D] QCP: log code=0xB197 len=48
[I] ML1 0xB197 ServInfo: EARFCN=1100 PCI=5 (v2)
[D] QCP: log code=0xB0C1 len=23
[D] LTE 0xB0C1 MIB: ver=2 plen=11
[D] 0xB0C1 [11 bytes]: 02 E0 00 4C 04 01 00 47 01 01 32 
[D] LTE MIB v2: bandwidth=50 tx_antenna=1 sfn=327 earfcn=66636 pci=224
[D] QCP: log code=0xB0C0 len=59
[D] LTE 0xB0C0 RRC OTA: ver=27 plen=47
[D] 0xB0C0 [47 bytes]: 1B 10 10 10 90 00 E0 00 4C 04 01 00 85 54 03 02 00 00 00 1A 00 48 C9 40 05 92 80 46 3D 29 7D 1D EC D0 50 04 20 21 02 08 98 46 C2 47 F5 20 00 
[D] v25 item: rrc=16.16 nr_rrc=16.144 rbid=0 pci=224 earfcn=66636 sfn_subfn=21637 pdu_num=3 sib_mask=2 len=26
[I] [SIB1] EARFCN=66636 PCI=224 MCC=250 MNC=2 CID=199815014 TAC=7828 barred=0 csg=0
[I] [SIB1] EARFCN=66636 PCI=224 MCC=250 MNC=11 CID=199815014 TAC=7828 barred=0 csg=0
[D] QCP: log code=0xB17F len=52
[I] ML1 0xB17F SCell: EARFCN=66636 PCI=29 RSRP=-95 RSRQ=-24(raw,dropped) RSSI=-91 (v5)
[D] QCP: log code=0xB197 len=48
[I] ML1 0xB197 ServInfo: EARFCN=1100 PCI=5 (v2)
[D] QCP: log code=0xB0C1 len=23
[D] LTE 0xB0C1 MIB: ver=2 plen=11
[D] 0xB0C1 [11 bytes]: 02 B8 00 4C 04 01 00 AD 01 01 32 
[D] LTE MIB v2: bandwidth=50 tx_antenna=1 sfn=429 earfcn=66636 pci=184
[D] QCP: log code=0xB197 len=48
[I] ML1 0xB197 ServInfo: EARFCN=1100 PCI=7 (v2)
[D] QCP: log code=0xB0C1 len=23
[D] LTE 0xB0C1 MIB: ver=2 plen=11
[D] 0xB0C1 [11 bytes]: 02 D2 01 4C 04 01 00 5A 01 01 32 
[D] LTE MIB v2: bandwidth=50 tx_antenna=1 sfn=346 earfcn=66636 pci=466
[D] QCP: log code=0xB0C0 len=59
[D] LTE 0xB0C0 RRC OTA: ver=27 plen=47
[D] 0xB0C0 [47 bytes]: 1B 10 10 10 90 00 D2 01 4C 04 01 00 C5 D5 03 02 00 00 00 1A 00 48 C9 40 05 92 80 46 3D 29 7D 1D EC B0 50 04 20 21 02 08 98 46 C2 47 F5 20 00 
[D] v25 item: rrc=16.16 nr_rrc=16.144 rbid=0 pci=466 earfcn=66636 sfn_subfn=54725 pdu_num=3 sib_mask=2 len=26
[I] [SIB1] EARFCN=66636 PCI=466 MCC=250 MNC=2 CID=199815013 TAC=7828 barred=0 csg=0
[I] [SIB1] EARFCN=66636 PCI=466 MCC=250 MNC=11 CID=199815013 TAC=7828 barred=0 csg=0
[D] QCP: log code=0xB17F len=52
[I] ML1 0xB17F SCell: EARFCN=66636 PCI=31 RSRP=-96 RSRQ=-25(raw,dropped) RSSI=-88 (v5)
[D] QCP: log code=0xB197 len=48
[I] ML1 0xB197 ServInfo: EARFCN=1100 PCI=5 (v2)
[D] QCP: log code=0xB0C1 len=23
[D] LTE 0xB0C1 MIB: ver=2 plen=11
[D] 0xB0C1 [11 bytes]: 02 B8 00 4C 04 01 00 C1 01 01 32 
[D] LTE MIB v2: bandwidth=50 tx_antenna=1 sfn=449 earfcn=66636 pci=184
[D] QCP: log code=0xB197 len=48
[I] ML1 0xB197 ServInfo: EARFCN=1100 PCI=4 (v2)
[D] QCP: log code=0xB0C1 len=23
[D] LTE 0xB0C1 MIB: ver=2 plen=11
[D] 0xB0C1 [11 bytes]: 02 5A 00 4C 04 01 00 DA 02 01 32 
[D] LTE MIB v2: bandwidth=50 tx_antenna=1 sfn=730 earfcn=66636 pci=90
[D] QCP: log code=0xB0C0 len=59
[D] LTE 0xB0C0 RRC OTA: ver=27 plen=47
[D] 0xB0C0 [47 bytes]: 1B 10 10 10 90 00 5A 00 4C 04 01 00 65 2E 03 02 00 00 00 1A 00 48 C9 40 05 92 80 47 76 1B 81 73 0C 90 50 04 20 21 02 08 98 46 C2 46 B5 20 00 
[D] v25 item: rrc=16.16 nr_rrc=16.144 rbid=0 pci=90 earfcn=66636 sfn_subfn=11877 pdu_num=3 sib_mask=2 len=26
[I] [SIB1] EARFCN=66636 PCI=90 MCC=250 MNC=2 CID=202086500 TAC=47885 barred=0 csg=0
[I] [SIB1] EARFCN=66636 PCI=90 MCC=250 MNC=11 CID=202086500 TAC=47885 barred=0 csg=0
[D] QCP: log code=0xB17F len=52
[I] ML1 0xB17F SCell: EARFCN=66636 PCI=28 RSRP=-109 RSRQ=-30(raw,dropped) RSSI=-87 (v5)
[D] QCP: log code=0xB197 len=48
[I] ML1 0xB197 ServInfo: EARFCN=1100 PCI=2 (v2)
[D] QCP: log code=0xB197 len=48
[I] ML1 0xB197 ServInfo: EARFCN=1100 PCI=1 (v2)
[D] QCP: log code=0xB197 len=48
[I] ML1 0xB197 ServInfo: EARFCN=1100 PCI=0 (v2)
[D] QCP: log code=0xB197 len=48
[I] ML1 0xB197 ServInfo: EARFCN=1100 PCI=3 (v2)
[D] QCP: log code=0xB197 len=48
[I] ML1 0xB197 ServInfo: EARFCN=1100 PCI=1 (v2)
[D] QCP: log code=0x7130 len=15
[W] UMTS NAS OTA: payload too short (3)
[D] QCP: log code=0x7130 len=15
[W] UMTS NAS OTA: payload too short (3)
[D] QCP: log code=0x7130 len=15
[W] UMTS NAS OTA: payload too short (3)
[D] QCP: log code=0x7130 len=15
[W] UMTS NAS OTA: payload too short (3)
[D] QCP: log code=0x7130 len=15
[W] UMTS NAS OTA: payload too short (3)
[D] QCP: log code=0x7130 len=15
[W] UMTS NAS OTA: payload too short (3)
[D] QCP: log code=0x7130 len=15
[W] UMTS NAS OTA: payload too short (3)
[D] QCP: log code=0x7130 len=15
[W] UMTS NAS OTA: payload too short (3)
[D] QCP: log code=0xB197 len=48
[I] ML1 0xB197 ServInfo: EARFCN=3200 PCI=133 (v2)
[D] QCP: log code=0xB0C1 len=23
[D] LTE 0xB0C1 MIB: ver=2 plen=11
[D] 0xB0C1 [11 bytes]: 02 82 00 80 0C 00 00 E0 02 04 32 
[D] LTE MIB v2: bandwidth=50 tx_antenna=4 sfn=736 earfcn=3200 pci=130
[D] QCP: log code=0xB0C0 len=51
[D] LTE 0xB0C0 RRC OTA: ver=27 plen=39
[D] 0xB0C0 [39 bytes]: 1B 10 10 10 90 00 82 00 80 0C 00 00 25 AE 03 02 00 00 00 12 00 40 49 40 03 45 8E 31 6D F0 28 20 61 10 81 04 4C 24 C5 
[D] v25 item: rrc=16.16 nr_rrc=16.144 rbid=0 pci=130 earfcn=3200 sfn_subfn=44581 pdu_num=3 sib_mask=2 len=18
[I] [SIB1] EARFCN=3200 PCI=130 MCC=250 MNC=1 CID=51830530 TAC=17806 barred=0 csg=0
[D] QCP: log code=0xB0C0 len=74
[D] LTE 0xB0C0 RRC OTA: ver=27 plen=62
[D] 0xB0C0 [62 bytes]: 1B 10 10 10 90 00 82 00 80 0C 00 00 40 2E 03 20 00 00 00 29 00 00 0F 04 00 BB 90 4A 58 A8 80 6B 92 09 4A D5 11 29 A8 41 52 AA A2 03 8D 88 25 32 34 40 C4 19 04 A6 46 80 82 01 D0 8A 00 00 
[D] v25 item: rrc=16.16 nr_rrc=16.144 rbid=0 pci=130 earfcn=3200 sfn_subfn=11840 pdu_num=3 sib_mask=32 len=41
[D] QCP: log code=0xB0C0 len=82
[D] LTE 0xB0C0 RRC OTA: ver=27 plen=70
[D] 0xB0C0 [70 bytes]: 1B 10 10 10 90 00 82 00 80 0C 00 00 00 6F 03 0C 00 00 00 31 00 00 82 5E 39 18 6F F9 28 C0 66 07 96 60 10 00 0C 01 B0 EE 31 6A A0 54 06 90 06 01 25 C8 2C 18 48 40 03 00 19 A5 1D 72 3E C9 E0 28 ...(+6)
[D] v25 item: rrc=16.16 nr_rrc=16.144 rbid=0 pci=130 earfcn=3200 sfn_subfn=28416 pdu_num=3 sib_mask=12 len=49
[D] [B0C0/SIB1] decode failed (plen=49, earfcn=3200, pci=130): ASN.1 decode failed
[D] QCP: log code=0xB17F len=52
[I] ML1 0xB17F PCI 29 → 133 (corrected from 0xB197)
[I] ML1 0xB17F SCell: EARFCN=3200 PCI=133 RSRP=-79 RSRQ=-27(raw,dropped) RSSI=-76 (v5)
[D] QCP: log code=0xB0C2 len=41
[I] RAWCAP code=0xB0C2 ver=3 plen=29  (LTE RRC Serving Cell Info)
[I] RAWCAP 0xB0C2 v3 +000 03 82 00 80 0C 00 00 D0 52 00 00 32 32 02 DF 16 03 8E 45 07 00 00 00 FA 00 02 01 00 01 
[B0C2] FIRST packet ver=3 plen=29 hex: 03 82 00 80 0C 00 00 D0 52 00 00 32 32 02 DF 16 03 8E 45 07 00 00 00 FA 00 02 01 00 01
[I] [B0C2] count=1 (ver=3 plen=29)
[D] LTE 0xB0C2 ver=3 plen=29
[D] 0xB0C2 [29 bytes]: 03 82 00 80 0C 00 00 D0 52 00 00 32 32 02 DF 16 03 8E 45 07 00 00 00 FA 00 02 01 00 01 
[B0C2-v3] decoded pci=130 dl_earfcn=3200 ul_earfcn=21200 cell_id=0x316DF02 tac=0x458E band=7 mcc=250 mnc=1  [OK]
[I] LTE RRC SCell v3: EARFCN=3200/21200 Band=7 BW=50/50 PCI=130 CID=0x316DF02 TAC=0x458E MCC=250 MNC=01
[D] QCP: log code=0xB0C0 len=51
[D] LTE 0xB0C0 RRC OTA: ver=27 plen=39
[D] 0xB0C0 [39 bytes]: 1B 10 10 10 90 00 82 00 80 0C 00 00 05 B0 03 02 00 00 00 12 00 40 49 40 03 45 8E 31 6D F0 28 20 61 10 81 04 4C 24 C5 
[D] v25 item: rrc=16.16 nr_rrc=16.144 rbid=0 pci=130 earfcn=3200 sfn_subfn=45061 pdu_num=3 sib_mask=2 len=18
[I] [SIB1] EARFCN=3200 PCI=130 MCC=250 MNC=1 CID=51830530 TAC=17806 barred=0 csg=0
[D] QCP: log code=0xB197 len=48
[I] ML1 0xB197 ServInfo: EARFCN=3200 PCI=133 (v2)
[D] QCP: log code=0xB0C1 len=23
[D] LTE 0xB0C1 MIB: ver=2 plen=11
[D] 0xB0C1 [11 bytes]: 02 82 00 80 0C 00 00 00 03 04 32 
[D] LTE MIB v2: bandwidth=50 tx_antenna=4 sfn=768 earfcn=3200 pci=130
[D] QCP: log code=0x7130 len=15
[W] UMTS NAS OTA: payload too short (3)
[D] QCP: log code=0x7130 len=15
[W] UMTS NAS OTA: payload too short (3)
[D] QCP: log code=0x7131 len=15
[I] RAWCAP code=0x7131 ver=0 plen=3  (UMTS MM State)
[I] RAWCAP 0x7131 v0 +000 00 00 00 
[D] UMTS MM state=0 substate=0 update_status=0
[D] QCP: log code=0x7131 len=15
[D] UMTS MM state=0 substate=0 update_status=1
[D] QCP: log code=0x7131 len=15
[D] UMTS MM state=0 substate=1 update_status=1
[D] QCP: log code=0x7131 len=15
[D] UMTS MM state=0 substate=0 update_status=0
[D] QCP: log code=0x7131 len=15
[D] UMTS MM state=0 substate=0 update_status=0
[D] QCP: log code=0x7130 len=15
[I] RAWCAP code=0x7130 ver=0 plen=3  (UMTS GMM/SM OTA)
[I] RAWCAP 0x7130 v0 +000 00 05 00 
[W] UMTS NAS OTA: payload too short (3)
[D] QCP: log code=0x7130 len=15
[W] UMTS NAS OTA: payload too short (3)
[D] QCP: log code=0x7131 len=15
[D] UMTS MM state=0 substate=0 update_status=1
[D] QCP: log code=0x7131 len=15
[D] UMTS MM state=0 substate=1 update_status=1
[D] QCP: log code=0x7130 len=15
[W] UMTS NAS OTA: payload too short (3)
[D] QCP: log code=0x7131 len=15
[D] UMTS MM state=0 substate=1 update_status=0
[D] QCP: log code=0x7131 len=15
[D] UMTS MM state=0 substate=1 update_status=0
[D] QCP: log code=0x7131 len=15
[I] RAWCAP code=0x7131 ver=18 plen=3  (UMTS MM State)
[I] RAWCAP 0x7131 v18 +000 12 01 00 
[D] UMTS MM state=18 substate=1 update_status=0
[D] QCP: log code=0x7131 len=15
[I] RAWCAP code=0x7131 ver=19 plen=3  (UMTS MM State)
[I] RAWCAP 0x7131 v19 +000 13 01 00 
[D] UMTS MM state=19 substate=1 update_status=0
[D] QCP: log code=0x7131 len=15
[D] UMTS MM state=19 substate=6 update_status=0
[D] QCP: log code=0x7130 len=15
[W] UMTS NAS OTA: payload too short (3)
[D] QCP: log code=0x7130 len=15
[W] UMTS NAS OTA: payload too short (3)
[D] QCP: log code=0x7130 len=15
[W] UMTS NAS OTA: payload too short (3)
[D] QCP: log code=0x7130 len=15
[W] UMTS NAS OTA: payload too short (3)
[D] QCP: log code=0xB197 len=48
[I] ML1 0xB197 ServInfo: EARFCN=375 PCI=133 (v2)
[D] QCP: log code=0xB0C1 len=23
[D] LTE 0xB0C1 MIB: ver=2 plen=11
[D] 0xB0C1 [11 bytes]: 02 9C 00 77 01 00 00 BF 01 04 4B 
[D] LTE MIB v2: bandwidth=75 tx_antenna=4 sfn=447 earfcn=375 pci=156
[D] QCP: log code=0xB0C0 len=51
[D] LTE 0xB0C0 RRC OTA: ver=27 plen=39
[D] 0xB0C0 [39 bytes]: 1B 10 10 10 90 00 9C 00 77 01 00 00 05 1C 03 02 00 00 00 12 00 40 49 40 03 45 8E 31 6D F1 98 20 01 10 81 04 4C 24 D5 
[D] v25 item: rrc=16.16 nr_rrc=16.144 rbid=0 pci=156 earfcn=375 sfn_subfn=7173 pdu_num=3 sib_mask=2 len=18
[I] [SIB1] EARFCN=375 PCI=156 MCC=250 MNC=1 CID=51830553 TAC=17806 barred=0 csg=0
[D] QCP: log code=0xB17F len=52
[I] ML1 0xB17F PCI 29 → 133 (corrected from 0xB197)
[I] ML1 0xB17F SCell: EARFCN=375 PCI=133 RSRP=-80 RSRQ=-27(raw,dropped) RSSI=-77 (v5)
[D] QCP: log code=0x7130 len=15
[W] UMTS NAS OTA: payload too short (3)
[D] QCP: log code=0x7130 len=15
[W] UMTS NAS OTA: payload too short (3)
[D] QCP: log code=0xB197 len=48
[I] ML1 0xB197 ServInfo: EARFCN=1721 PCI=132 (v2)
[D] QCP: log code=0xB0C1 len=23
[D] LTE 0xB0C1 MIB: ver=2 plen=11
[D] 0xB0C1 [11 bytes]: 02 37 00 B9 06 00 00 ED 01 04 32 
[D] LTE MIB v2: bandwidth=50 tx_antenna=4 sfn=493 earfcn=1721 pci=55
[D] QCP: log code=0xB0C0 len=51
[D] LTE 0xB0C0 RRC OTA: ver=27 plen=39
[D] 0xB0C0 [39 bytes]: 1B 10 10 10 90 00 37 00 B9 06 00 00 E5 DE 03 02 00 00 00 12 00 40 49 40 03 45 8E 31 6D F0 58 20 21 10 81 04 4C 24 D8 
[D] v25 item: rrc=16.16 nr_rrc=16.144 rbid=0 pci=55 earfcn=1721 sfn_subfn=57061 pdu_num=3 sib_mask=2 len=18
[I] [SIB1] EARFCN=1721 PCI=55 MCC=250 MNC=1 CID=51830533 TAC=17806 barred=0 csg=0
[D] QCP: log code=0xB17F len=52
[I] ML1 0xB17F PCI 28 → 132 (corrected from 0xB197)
[I] ML1 0xB17F SCell: EARFCN=1721 PCI=132 RSRP=-67 RSRQ=-26(raw,dropped) RSSI=-74 (v5)
[D] QCP: log code=0xB0C0 len=82
[D] LTE 0xB0C0 RRC OTA: ver=27 plen=70
[D] 0xB0C0 [70 bytes]: 1B 10 10 10 90 00 37 00 B9 06 00 00 00 1F 03 0C 00 00 00 31 00 00 82 5C 31 18 6F F9 2C AC 36 07 A1 60 10 00 0C 04 10 EE 31 6A A0 54 06 90 06 01 25 C8 2C 18 48 40 03 00 19 A5 15 72 3E C9 E0 28 ...(+6)
[D] v25 item: rrc=16.16 nr_rrc=16.144 rbid=0 pci=55 earfcn=1721 sfn_subfn=7936 pdu_num=3 sib_mask=12 len=49
[D] [B0C0/SIB1] decode failed (plen=49, earfcn=1721, pci=55): ASN.1 decode failed
[D] QCP: log code=0xB0C2 len=41
[I] [B0C2] count=2 (ver=3 plen=29)
[D] LTE 0xB0C2 ver=3 plen=29
[D] 0xB0C2 [29 bytes]: 03 37 00 B9 06 00 00 09 4D 00 00 32 32 05 DF 16 03 8E 45 03 00 00 00 FA 00 02 01 00 00 
[B0C2-v3] decoded pci=55 dl_earfcn=1721 ul_earfcn=19721 cell_id=0x316DF05 tac=0x458E band=3 mcc=250 mnc=1  [OK]
[I] LTE RRC SCell v3: EARFCN=1721/19721 Band=3 BW=50/50 PCI=55 CID=0x316DF05 TAC=0x458E MCC=250 MNC=01
[D] QCP: log code=0x7130 len=15
[W] UMTS NAS OTA: payload too short (3)
[D] QCP: log code=0x7130 len=15
[W] UMTS NAS OTA: payload too short (3)
[D] QCP: log code=0xB0ED len=126
[I] RAWCAP code=0xB0ED ver=1 plen=114  (LTE NAS EMM Plain OTA Out)
[I] RAWCAP 0xB0ED v1 +000 01 09 05 00 07 41 72 0B F6 52 F0 10 81 36 D0 E7 11 A0 A9 07 F0 70 00 00 18 00 80 00 37 02 01 D0 
[I] RAWCAP 0xB0ED v1 +032 31 D1 27 30 80 80 21 10 01 00 00 10 81 06 00 00 00 00 83 06 00 00 00 00 00 0D 00 00 03 00 00 0A 
[I] RAWCAP 0xB0ED v1 +064 00 00 05 00 00 10 00 00 11 00 00 1A 01 01 00 23 00 00 24 00 52 52 F0 10 45 8E 5C 0A 00 13 52 F0 
[I] RAWCAP 0xB0ED v1 +096 10 00 EA 11 03 4F 18 A6 F1 5D 01 03 E0 C1 10 02 59 80 
[D] LTE NAS EMM: nas_len=106
[D] NAS_PDU [106 bytes]: F6 52 F0 10 81 36 D0 E7 11 A0 A9 07 F0 70 00 00 18 00 80 00 37 02 01 D0 31 D1 27 30 80 80 21 10 01 00 00 10 81 06 00 00 00 00 83 06 00 00 00 00 ...(+58)
[D] QCP: log code=0xB0C0 len=39
[D] LTE 0xB0C0 RRC OTA: ver=27 plen=27
[D] 0xB0C0 [27 bytes]: 1B 10 10 10 90 00 37 00 B9 06 00 00 00 00 0A 00 00 00 00 06 00 50 39 9E 87 33 76 
[D] v25 item: rrc=16.16 nr_rrc=16.144 rbid=0 pci=55 earfcn=1721 sfn_subfn=0 pdu_num=10 sib_mask=0 len=6
[D] QCP: log code=0xB0C0 len=70
[D] LTE 0xB0C0 RRC OTA: ver=27 plen=58
[D] 0xB0C0 [58 bytes]: 1B 10 10 10 90 00 37 00 B9 06 00 00 86 1F 08 00 00 00 00 25 00 68 12 98 08 FD CE 01 83 B0 BA 08 6B 83 FF 24 AE 61 85 31 C3 83 21 0C 50 8B 7F FF FF FF FF FF FF FF E8 04 0D 80 
[D] v25 item: rrc=16.16 nr_rrc=16.144 rbid=0 pci=55 earfcn=1721 sfn_subfn=8070 pdu_num=8 sib_mask=0 len=37
[D] QCP: log code=0xB0C0 len=151
[D] LTE 0xB0C0 RRC OTA: ver=27 plen=139
[D] 0xB0C0 [139 bytes]: 1B 10 10 10 90 01 37 00 B9 06 00 00 00 00 0B 00 00 00 00 76 00 22 30 81 36 D0 6E 07 41 72 0B F6 52 F0 10 81 36 D0 E7 11 A0 A9 07 F0 70 00 00 18 00 80 00 37 02 01 D0 31 D1 27 30 80 80 21 10 01 ...(+75)
[D] v25 item: rrc=16.16 nr_rrc=16.144 rbid=1 pci=55 earfcn=1721 sfn_subfn=0 pdu_num=11 sib_mask=0 len=118
[D] QCP: log code=0xB193 len=176
[I] RAWCAP code=0xB193 ver=1 plen=164  (LTE ML1 SCell Meas Response)
[I] RAWCAP 0xB193 v1 +000 01 01 8F CD 19 3B A0 00 B9 06 00 00 01 00 00 00 03 00 00 00 00 01 FF FF 37 80 00 00 F9 19 00 00 
[I] RAWCAP 0xB193 v1 +032 EA 1E 02 00 75 0F C9 0F F9 D9 1B 00 F7 16 68 00 75 06 00 00 FF 86 6A 00 00 60 47 00 F6 66 6F 00 
[I] RAWCAP 0xB193 v1 +064 2B AD 14 0B B1 00 00 00 2B AD B4 12 5B 04 23 00 00 00 00 00 60 04 00 00 DF FF E0 FF 00 00 00 00 
[I] RAWCAP 0xB193 v1 +096 1D 00 20 00 00 00 00 00 00 00 00 00 2C 66 73 00 B5 55 19 00 00 00 00 00 00 00 00 00 AF B6 09 00 
[I] RAWCAP 0xB193 v1 +128 00 00 00 00 62 A3 00 00 B2 2A 00 00 00 00 00 00 00 00 00 00 DE 45 5A 00 00 00 00 00 00 00 00 00 
[I] RAWCAP 0xB193 v1 +160 2B 01 00 00 
[I] === RAW 0xB193 len=164 ver=1 (capture this) ===
[D] B193-RAW [164 bytes]: 01 01 8F CD 19 3B A0 00 B9 06 00 00 01 00 00 00 03 00 00 00 00 01 FF FF 37 80 00 00 F9 19 00 00 EA 1E 02 00 75 0F C9 0F F9 D9 1B 00 F7 16 68 00 75 06 00 00 FF 86 6A 00 00 60 47 00 F6 66 6F 00 2B AD 14 0B B1 00 00 00 2B AD B4 12 5B 04 23 00 00 00 00 00 60 04 00 00 DF FF E0 FF 00 00 00 00 1D 00 20 00 00 00 00 00 00 00 00 00 2C 66 73 00 B5 55 19 00 00 00 00 00 00 00 00 00 AF B6 09 00 00 00 00 00 62 A3 00 00 B2 2A 00 00 00 00 00 00 00 00 00 00 DE 45 5A 00 00 00 00 00 00 00 00 00 2B 01 00 00 
[D] QCP: log code=0xB193 len=176
[D] QCP: log code=0xB193 len=176
[D] QCP: log code=0xB193 len=176
[D] QCP: log code=0xB193 len=176
[D] QCP: log code=0xB193 len=176
[D] QCP: log code=0xB0C0 len=82
[D] LTE 0xB0C0 RRC OTA: ver=27 plen=70
[D] 0xB0C0 [70 bytes]: 1B 10 10 10 90 00 37 00 B9 06 00 00 00 20 03 0C 00 00 00 31 00 00 82 5C 31 18 6F F9 2C AC 36 07 A1 60 10 00 0C 04 10 EE 31 6A A0 54 06 90 06 01 25 C8 2C 18 48 40 03 00 19 A5 15 72 3E C9 E0 28 ...(+6)
[D] v25 item: rrc=16.16 nr_rrc=16.144 rbid=0 pci=55 earfcn=1721 sfn_subfn=8192 pdu_num=3 sib_mask=12 len=49
[D] [B0C0/SIB1] decode failed (plen=49, earfcn=1721, pci=55): ASN.1 decode failed
[D] QCP: log code=0xB0C0 len=51
[D] LTE 0xB0C0 RRC OTA: ver=27 plen=39
[D] 0xB0C0 [39 bytes]: 1B 10 10 10 90 00 37 00 B9 06 00 00 05 A0 03 02 00 00 00 12 00 40 49 40 03 45 8E 31 6D F0 58 20 21 10 81 04 4C 24 D8 
[D] v25 item: rrc=16.16 nr_rrc=16.144 rbid=0 pci=55 earfcn=1721 sfn_subfn=40965 pdu_num=3 sib_mask=2 len=18
[I] [SIB1] EARFCN=1721 PCI=55 MCC=250 MNC=1 CID=51830533 TAC=17806 barred=0 csg=0
[D] QCP: log code=0xB193 len=176
[D] QCP: log code=0xB197 len=48
[I] ML1 0xB197 ServInfo: EARFCN=1721 PCI=132 (v2)
[D] QCP: log code=0xB0C1 len=23
[D] LTE 0xB0C1 MIB: ver=2 plen=11
[D] 0xB0C1 [11 bytes]: 02 37 00 B9 06 00 00 00 02 04 32 
[D] LTE MIB v2: bandwidth=50 tx_antenna=4 sfn=512 earfcn=1721 pci=55
[D] QCP: log code=0xB193 len=176
[D] QCP: log code=0xB193 len=176
[D] QCP: log code=0xB193 len=176
[D] QCP: log code=0xB0C0 len=74
[D] LTE 0xB0C0 RRC OTA: ver=27 plen=62
[D] 0xB0C0 [62 bytes]: 1B 10 10 10 90 00 37 00 B9 06 00 00 40 E0 03 20 00 00 00 29 00 00 0F 04 00 BB 90 4A 58 A8 80 C8 02 09 4A D5 11 29 A8 41 52 AA A2 03 8D 88 25 32 34 40 C4 19 04 A6 46 80 82 01 D0 8A 00 00 
[D] v25 item: rrc=16.16 nr_rrc=16.144 rbid=0 pci=55 earfcn=1721 sfn_subfn=57408 pdu_num=3 sib_mask=32 len=41
[D] QCP: log code=0xB193 len=176
[D] QCP: log code=0xB193 len=176
[D] QCP: log code=0xB193 len=176
[D] QCP: log code=0xB0C0 len=39
[D] LTE 0xB0C0 RRC OTA: ver=27 plen=27
[D] 0xB0C0 [27 bytes]: 1B 10 10 10 90 01 37 00 B9 06 00 00 72 20 09 00 00 00 00 06 00 0A 00 18 3A A8 08 
[D] v25 item: rrc=16.16 nr_rrc=16.144 rbid=1 pci=55 earfcn=1721 sfn_subfn=8306 pdu_num=9 sib_mask=0 len=6
[D] QCP: log code=0xB0EC len=19
[I] RAWCAP code=0xB0EC ver=1 plen=7  (LTE NAS EMM Plain OTA In)
[I] RAWCAP 0xB0EC v1 +000 01 09 05 00 07 55 01 
[D] QCP: log code=0xB0ED len=27
[D] LTE NAS EMM: nas_len=7
[D] NAS_PDU [7 bytes]: 05 10 49 51 40 09 53 
[D] QCP: log code=0xB0C0 len=47
[D] LTE 0xB0C0 RRC OTA: ver=27 plen=35
[D] 0xB0C0 [35 bytes]: 1B 10 10 10 90 01 37 00 B9 06 00 00 00 00 0B 00 00 00 00 0E 00 48 01 60 EA C1 05 20 A2 09 2A 28 01 2A 60 
[D] v25 item: rrc=16.16 nr_rrc=16.144 rbid=1 pci=55 earfcn=1721 sfn_subfn=0 pdu_num=11 sib_mask=0 len=14
[D] QCP: log code=0xB193 len=176
[D] QCP: log code=0xB193 len=176
[D] QCP: log code=0xB193 len=176
[D] QCP: log code=0xB193 len=176
[D] QCP: log code=0xB193 len=176
[D] QCP: log code=0xB193 len=176
[D] QCP: log code=0xB193 len=176
[D] QCP: log code=0xB193 len=176
[D] QCP: log code=0xB193 len=176
[D] QCP: log code=0xB193 len=176
[D] QCP: log code=0xB193 len=176
[D] QCP: log code=0xB193 len=176
[D] QCP: log code=0xB193 len=176
[D] QCP: log code=0xB193 len=176
[D] QCP: log code=0xB193 len=176
[D] QCP: log code=0xB193 len=176
[D] QCP: log code=0xB0C0 len=72
[D] LTE 0xB0C0 RRC OTA: ver=27 plen=60
[D] 0xB0C0 [60 bytes]: 1B 10 10 10 90 01 37 00 B9 06 00 00 72 21 09 00 00 00 00 27 00 0A 01 20 3A 90 35 87 56 D5 07 AA 6D 14 73 63 9C 6E 7D B7 3A 00 00 84 A5 85 FE 7F FA AC 00 00 5B 87 75 13 C8 F2 81 70 
[D] v25 item: rrc=16.16 nr_rrc=16.144 rbid=1 pci=55 earfcn=1721 sfn_subfn=8562 pdu_num=9 sib_mask=0 len=39
[D] QCP: log code=0xB0EC len=52
[D] LTE NAS EMM: nas_len=32
[D] NAS_PDU [32 bytes]: EA DA A0 F5 4D A2 8E 6C 73 8D CF B6 E7 40 00 10 94 B0 BF CF FF 55 80 00 0B 70 EE A2 79 1E 50 2E 
[D] QCP: log code=0xB193 len=176
[D] QCP: log code=0xB193 len=176
[D] QCP: log code=0xB193 len=176
[D] QCP: log code=0xB193 len=176
[D] QCP: log code=0xB193 len=176
[D] QCP: log code=0xB0ED len=27
[D] LTE NAS EMM: nas_len=7
[D] NAS_PDU [7 bytes]: BC 4C 1E FC F5 93 FB 
[D] QCP: log code=0xB0C0 len=47
[D] LTE 0xB0C0 RRC OTA: ver=27 plen=35
[D] 0xB0C0 [35 bytes]: 1B 10 10 10 90 01 37 00 B9 06 00 00 00 00 0B 00 00 00 00 0E 00 48 01 60 EA 61 01 17 89 83 DF 9E B2 7F 60 
[D] v25 item: rrc=16.16 nr_rrc=16.144 rbid=1 pci=55 earfcn=1721 sfn_subfn=0 pdu_num=11 sib_mask=0 len=14
[D] QCP: log code=0xB193 len=176
[D] QCP: log code=0xB193 len=176
[D] QCP: log code=0xB193 len=176
[D] QCP: log code=0xB0C0 len=50
[D] LTE 0xB0C0 RRC OTA: ver=27 plen=38
[D] 0xB0C0 [38 bytes]: 1B 10 10 10 90 01 37 00 B9 06 00 00 F1 21 09 00 00 00 00 11 00 0A 00 71 BF DE 39 9B 20 00 3A E8 08 30 17 83 86 08 
[D] v25 item: rrc=16.16 nr_rrc=16.144 rbid=1 pci=55 earfcn=1721 sfn_subfn=8689 pdu_num=9 sib_mask=0 len=17
[D] QCP: log code=0xB0EA len=30
[I] RAWCAP code=0xB0EA ver=1 plen=18  (LTE NAS EMM Sec OTA In)
[I] RAWCAP 0xB0EA v1 +000 01 09 05 00 37 FB C7 33 64 00 07 5D 01 06 02 F0 70 C1 
[D] LTE NAS EMM: nas_len=10
[D] NAS_PDU [10 bytes]: 64 00 07 5D 01 06 02 F0 70 C1 
[D] QCP: log code=0xB0EC len=24
[D] LTE NAS EMM: nas_len=4
[D] NAS_PDU [4 bytes]: 02 F0 70 C1 
[D] QCP: log code=0xB0ED len=29
[D] LTE NAS EMM: nas_len=9
[D] NAS_PDU [9 bytes]: 83 16 59 05 67 09 24 06 F0 
[D] QCP: log code=0xB0C0 len=55
[D] LTE 0xB0C0 RRC OTA: ver=27 plen=43
[D] 0xB0C0 [43 bytes]: 1B 10 10 10 90 01 37 00 B9 06 00 00 00 00 0B 00 00 00 00 16 00 48 02 68 E1 F1 81 4C C0 00 EB C4 61 30 62 CB 20 AC E1 24 80 DE 00 
[D] v25 item: rrc=16.16 nr_rrc=16.144 rbid=1 pci=55 earfcn=1721 sfn_subfn=0 pdu_num=11 sib_mask=0 len=22
[D] QCP: log code=0xB193 len=176
[D] QCP: log code=0xB193 len=176
[D] QCP: log code=0xB193 len=176
[D] QCP: log code=0xB193 len=176
[D] QCP: log code=0xB193 len=176
[D] QCP: log code=0xB193 len=176
[D] QCP: log code=0xB193 len=176
[D] QCP: log code=0xB193 len=176
[D] QCP: log code=0xB193 len=176
[D] QCP: log code=0xB193 len=176
[D] QCP: log code=0xB0C0 len=45
[D] LTE 0xB0C0 RRC OTA: ver=27 plen=33
[D] 0xB0C0 [33 bytes]: 1B 10 10 10 90 01 37 00 B9 06 00 00 91 22 09 00 00 00 00 0C 00 0A 00 49 38 31 C8 62 00 08 10 0E C8 
[D] v25 item: rrc=16.16 nr_rrc=16.144 rbid=1 pci=55 earfcn=1721 sfn_subfn=8849 pdu_num=9 sib_mask=0 len=12
[D] QCP: log code=0xB0EA len=25
[D] LTE NAS EMM: nas_len=5
[D] NAS_PDU [5 bytes]: 40 01 02 01 D9 
[D] QCP: log code=0xB0C0 len=63
[D] LTE 0xB0C0 RRC OTA: ver=27 plen=51
[D] 0xB0C0 [51 bytes]: 1B 10 10 10 90 01 37 00 B9 06 00 00 00 00 0B 00 00 00 00 1E 00 48 03 64 E3 15 B9 89 C0 20 40 3B 45 02 01 0D 2D CE 8C AE 4D CC AE 80 6D AE 8E 60 4E 4E A0 
[D] v25 item: rrc=16.16 nr_rrc=16.144 rbid=1 pci=55 earfcn=1721 sfn_subfn=0 pdu_num=11 sib_mask=0 len=30
[D] QCP: log code=0xB193 len=176
[D] QCP: log code=0xB193 len=176
[D] QCP: log code=0xB0C0 len=72
[D] LTE 0xB0C0 RRC OTA: ver=27 plen=60
[D] 0xB0C0 [60 bytes]: 1B 10 10 10 90 01 37 00 B9 06 00 00 B2 22 09 00 00 00 00 27 00 0A 01 21 3C 19 67 3F D0 10 3B 0A 18 40 3A 6F 50 A1 25 6A 70 0A 28 40 3A 6F 50 A1 25 6A 70 0A 3B 13 80 08 8B 94 89 08 
[D] v25 item: rrc=16.16 nr_rrc=16.144 rbid=1 pci=55 earfcn=1721 sfn_subfn=8882 pdu_num=9 sib_mask=0 len=39
[D] QCP: log code=0xB0EA len=52
[D] LTE NAS EMM: nas_len=32
[D] NAS_PDU [32 bytes]: FA 02 07 61 43 08 07 4D EA 14 24 AD 4E 01 45 08 07 4D EA 14 24 AD 4E 01 47 62 70 01 11 72 91 21 
[D] QCP: log code=0xB0EC len=46
[D] LTE NAS EMM: nas_len=26
[D] NAS_PDU [26 bytes]: 07 4D EA 14 24 AD 4E 01 45 08 07 4D EA 14 24 AD 4E 01 47 62 70 01 11 72 91 21 
[D] NAS EMM: PD=0x7 sec=0 msg_type=0x4D body_len=24
[D] QCP: log code=0xB193 len=176
[D] QCP: log code=0xB193 len=176
[D] QCP: log code=0xB193 len=176
[D] QCP: log code=0xB193 len=176
[D] QCP: log code=0xB193 len=176
[D] QCP: log code=0xB193 len=176
[D] QCP: log code=0xB193 len=176
[D] QCP: log code=0xB193 len=176
[D] QCP: log code=0xB193 len=176
[D] QCP: log code=0xB193 len=176
[D] QCP: log code=0xB193 len=176
[D] QCP: log code=0xB193 len=176
[D] QCP: log code=0xB193 len=176
[D] QCP: log code=0xB193 len=176
[D] QCP: log code=0xB193 len=176
[D] QCP: log code=0xB193 len=176
[D] QCP: log code=0xB193 len=176
[D] QCP: log code=0xB193 len=176
[D] QCP: log code=0xB193 len=176
[D] QCP: log code=0xB193 len=176
[D] QCP: log code=0xB193 len=176
[D] QCP: log code=0xB0C0 len=38
[D] LTE 0xB0C0 RRC OTA: ver=27 plen=26
[D] 0xB0C0 [26 bytes]: 1B 10 10 10 90 01 37 00 B9 06 00 00 F6 23 09 00 00 00 00 05 00 3A 10 04 8D 00 
[D] v25 item: rrc=16.16 nr_rrc=16.144 rbid=1 pci=55 earfcn=1721 sfn_subfn=9206 pdu_num=9 sib_mask=0 len=5
[D] QCP: log code=0xB0C0 len=1946
[D] LTE 0xB0C0 RRC OTA: ver=27 plen=1934
[D] 0xB0C0 [1934 bytes]: 1B 10 10 10 90 01 37 00 B9 06 00 00 00 00 0B 00 00 00 00 79 07 3A 01 08 77 4D DB 80 50 90 80 06 3E 1C 9A 54 E6 D4 09 13 FF 89 FF C4 FF E2 7F F1 3F F8 9F FC 4F FE 27 FF 13 FF 89 FF DF 83 76 27 ...(+1870)
[D] v25 item: rrc=16.16 nr_rrc=16.144 rbid=1 pci=55 earfcn=1721 sfn_subfn=0 pdu_num=11 sib_mask=0 len=1913
[D] QCP: log code=0xB193 len=176
[D] QCP: log code=0xB193 len=176
[D] QCP: log code=0xB193 len=176
[D] QCP: log code=0xB193 len=176
[D] QCP: log code=0xB0C0 len=46
[D] LTE 0xB0C0 RRC OTA: ver=27 plen=34
[D] 0xB0C0 [34 bytes]: 1B 10 10 10 90 01 37 00 B9 06 00 00 41 24 09 00 00 00 00 0D 00 3C 20 1D 80 89 4A 01 80 04 C1 FC 18 00 
[D] v25 item: rrc=16.16 nr_rrc=16.144 rbid=1 pci=55 earfcn=1721 sfn_subfn=9281 pdu_num=9 sib_mask=0 len=13
[D] QCP: log code=0xB0C0 len=2017
[D] LTE 0xB0C0 RRC OTA: ver=27 plen=2005
[D] 0xB0C0 [2005 bytes]: 1B 10 10 10 90 01 37 00 B9 06 00 00 00 00 0B 00 00 00 00 C0 07 3C 01 08 7B BD DB 80 50 90 92 A8 0C 00 98 74 E6 CF 89 13 FF 89 FF C4 FF E2 7F F1 3F F8 9F FC 4F FE 27 FF 13 FF 89 FF DF 83 76 27 ...(+1941)
[D] v25 item: rrc=16.16 nr_rrc=16.144 rbid=1 pci=55 earfcn=1721 sfn_subfn=0 pdu_num=11 sib_mask=0 len=1984
[D] QCP: log code=0xB193 len=176
[D] QCP: log code=0xB193 len=176
[D] QCP: log code=0xB193 len=176
[D] QCP: log code=0xB0C0 len=36
[D] LTE 0xB0C0 RRC OTA: ver=27 plen=24
[D] 0xB0C0 [24 bytes]: 1B 10 10 10 90 01 37 00 B9 06 00 00 82 24 09 00 00 00 00 03 00 32 02 20 
[D] v25 item: rrc=16.16 nr_rrc=16.144 rbid=1 pci=55 earfcn=1721 sfn_subfn=9346 pdu_num=9 sib_mask=0 len=3
[D] QCP: log code=0xB0C0 len=35
[D] LTE 0xB0C0 RRC OTA: ver=27 plen=23
[D] 0xB0C0 [23 bytes]: 1B 10 10 10 90 01 37 00 B9 06 00 00 00 00 0B 00 00 00 00 02 00 2A 00 
[D] v25 item: rrc=16.16 nr_rrc=16.144 rbid=1 pci=55 earfcn=1721 sfn_subfn=0 pdu_num=11 sib_mask=0 len=2
[D] QCP: log code=0xB0C0 len=294
[D] LTE 0xB0C0 RRC OTA: ver=27 plen=282
[D] 0xB0C0 [282 bytes]: 1B 10 10 10 90 01 37 00 B9 06 00 00 82 64 09 00 00 00 00 05 01 22 06 84 07 19 38 F2 71 82 38 18 3A 10 12 48 31 02 97 80 82 2C 70 05 12 90 0E 08 08 41 18 43 4B 73 A3 2B 93 73 2B A0 1B 6B A3 98 ...(+218)
[D] v25 item: rrc=16.16 nr_rrc=16.144 rbid=1 pci=55 earfcn=1721 sfn_subfn=25730 pdu_num=9 sib_mask=0 len=261
[D] QCP: log code=0xB193 len=176
[D] QCP: log code=0xB0C0 len=35
[D] LTE 0xB0C0 RRC OTA: ver=27 plen=23
[D] 0xB0C0 [23 bytes]: 1B 10 10 10 90 01 37 00 B9 06 00 00 00 00 0B 00 00 00 00 02 00 12 00 
[D] v25 item: rrc=16.16 nr_rrc=16.144 rbid=1 pci=55 earfcn=1721 sfn_subfn=0 pdu_num=11 sib_mask=0 len=2
[D] QCP: log code=0xB0EA len=243
[D] LTE NAS EMM: nas_len=223
[D] NAS_PDU [223 bytes]: 47 03 07 42 02 49 06 20 52 F0 10 45 8E 00 A2 52 01 C1 01 08 23 08 69 6E 74 65 72 6E 65 74 03 6D 74 73 02 72 75 06 6D 6E 63 30 30 31 06 6D 63 63 ...(+175)
[D] QCP: log code=0xB0EC len=237
[D] LTE NAS EMM: nas_len=217
[D] NAS_PDU [217 bytes]: 06 20 52 F0 10 45 8E 00 A2 52 01 C1 01 08 23 08 69 6E 74 65 72 6E 65 74 03 6D 74 73 02 72 75 06 6D 6E 63 30 30 31 06 6D 63 63 32 35 30 04 67 70 ...(+169)
[D] QCP: log code=0x7131 len=15
[D] UMTS MM state=19 substate=6 update_status=0
[D] QCP: log code=0x7130 len=15
[I] RAWCAP code=0x7130 ver=3 plen=3  (UMTS GMM/SM OTA)
[I] RAWCAP 0x7130 v3 +000 03 05 00 
[W] UMTS NAS OTA: payload too short (3)
[D] QCP: log code=0x7130 len=15
[W] UMTS NAS OTA: payload too short (3)
[D] QCP: log code=0xB0ED len=30
[D] LTE NAS EMM: nas_len=10
[D] NAS_PDU [10 bytes]: 52 00 C2 27 05 80 00 22 01 53 
[D] QCP: log code=0xB0C0 len=56
[D] LTE 0xB0C0 RRC OTA: ver=27 plen=44
[D] 0xB0C0 [44 bytes]: 1B 10 10 10 90 02 37 00 B9 06 00 00 00 00 0B 00 00 00 00 17 00 48 02 84 FC 1E E0 63 A0 40 E8 60 01 4A 40 18 44 E0 B0 00 04 40 2A 60 
[D] v25 item: rrc=16.16 nr_rrc=16.144 rbid=2 pci=55 earfcn=1721 sfn_subfn=0 pdu_num=11 sib_mask=0 len=23
[D] QCP: log code=0xB193 len=176
[D] QCP: log code=0xB0C0 len=103
[D] LTE 0xB0C0 RRC OTA: ver=27 plen=91
[D] 0xB0C0 [91 bytes]: 1B 10 10 10 90 01 37 00 B9 06 00 00 A9 24 09 00 00 00 00 46 00 24 10 15 A8 00 14 03 5C B2 F0 00 6E F3 01 15 01 48 CB 81 40 50 02 88 A9 2D ED C0 A0 28 02 02 30 0B 41 01 81 94 0B C1 02 13 5B 94 ...(+27)
[D] v25 item: rrc=16.16 nr_rrc=16.144 rbid=1 pci=55 earfcn=1721 sfn_subfn=9385 pdu_num=9 sib_mask=0 len=70
[D] QCP: log code=0xB0C0 len=35
[D] LTE 0xB0C0 RRC OTA: ver=27 plen=23
[D] 0xB0C0 [23 bytes]: 1B 10 10 10 90 01 37 00 B9 06 00 00 00 00 0B 00 00 00 00 02 00 14 00 
[D] v25 item: rrc=16.16 nr_rrc=16.144 rbid=1 pci=55 earfcn=1721 sfn_subfn=0 pdu_num=11 sib_mask=0 len=2
[D] QCP: log code=0xB193 len=176
[D] QCP: log code=0xB193 len=176
[D] QCP: log code=0xB0C0 len=37
[D] LTE 0xB0C0 RRC OTA: ver=27 plen=25
[D] 0xB0C0 [25 bytes]: 1B 10 10 10 90 01 37 00 B9 06 00 00 00 00 0B 00 00 00 00 04 00 08 02 49 4C 
[D] v25 item: rrc=16.16 nr_rrc=16.144 rbid=1 pci=55 earfcn=1721 sfn_subfn=0 pdu_num=11 sib_mask=0 len=4
[I] [MEAS] PCell EARFCN=1721 PCI=55 RSRP=-67 RSRQ=-10
[D] QCP: log code=0xB193 len=176
[D] QCP: log code=0xB193 len=176
[D] QCP: log code=0xB193 len=176
[D] QCP: log code=0xB0C0 len=42
[D] LTE 0xB0C0 RRC OTA: ver=27 plen=30
[D] 0xB0C0 [30 bytes]: 1B 10 10 10 90 01 37 00 B9 06 00 00 00 65 09 00 00 00 00 09 00 26 02 01 80 01 02 04 10 20 
[D] v25 item: rrc=16.16 nr_rrc=16.144 rbid=1 pci=55 earfcn=1721 sfn_subfn=25856 pdu_num=9 sib_mask=0 len=9
[D] QCP: log code=0xB0C0 len=35
[D] LTE 0xB0C0 RRC OTA: ver=27 plen=23
[D] 0xB0C0 [23 bytes]: 1B 10 10 10 90 01 37 00 B9 06 00 00 00 00 0B 00 00 00 00 02 00 16 00 
[D] v25 item: rrc=16.16 nr_rrc=16.144 rbid=1 pci=55 earfcn=1721 sfn_subfn=0 pdu_num=11 sib_mask=0 len=2
[D] QCP: log code=0xB193 len=176
[D] QCP: log code=0xB193 len=176
[D] QCP: log code=0xB193 len=176
[D] QCP: log code=0xB193 len=176
[D] QCP: log code=0xB193 len=176
[D] QCP: log code=0xB193 len=176
[D] QCP: log code=0xB193 len=176
[D] QCP: log code=0xB193 len=176
[D] QCP: log code=0xB193 len=176
[D] QCP: log code=0xB193 len=176
[D] QCP: log code=0xB193 len=176
[D] QCP: log code=0xB193 len=176
[D] QCP: log code=0xB0C0 len=37
[D] LTE 0xB0C0 RRC OTA: ver=27 plen=25
[D] 0xB0C0 [25 bytes]: 1B 10 10 10 90 01 37 00 B9 06 00 00 00 00 0B 00 00 00 00 04 00 08 02 C9 4C 
[D] v25 item: rrc=16.16 nr_rrc=16.144 rbid=1 pci=55 earfcn=1721 sfn_subfn=0 pdu_num=11 sib_mask=0 len=4
[I] [MEAS] PCell EARFCN=1721 PCI=55 RSRP=-67 RSRQ=-10
[D] QCP: log code=0xB193 len=176
[D] QCP: log code=0xB0C0 len=45
[D] LTE 0xB0C0 RRC OTA: ver=27 plen=33
[D] 0xB0C0 [33 bytes]: 1B 10 10 10 90 01 37 00 B9 06 00 00 E0 25 09 00 00 00 00 0C 00 20 02 01 80 02 00 20 80 20 02 F0 00 
[D] v25 item: rrc=16.16 nr_rrc=16.144 rbid=1 pci=55 earfcn=1721 sfn_subfn=9696 pdu_num=9 sib_mask=0 len=12
[D] QCP: log code=0xB0C0 len=35
[D] LTE 0xB0C0 RRC OTA: ver=27 plen=23
[D] 0xB0C0 [23 bytes]: 1B 10 10 10 90 01 37 00 B9 06 00 00 00 00 0B 00 00 00 00 02 00 10 00 
[D] v25 item: rrc=16.16 nr_rrc=16.144 rbid=1 pci=55 earfcn=1721 sfn_subfn=0 pdu_num=11 sib_mask=0 len=2
[D] QCP: log code=0xB193 len=176
[D] QCP: log code=0xB0C0 len=120
[D] LTE 0xB0C0 RRC OTA: ver=27 plen=108
[D] 0xB0C0 [108 bytes]: 1B 10 10 10 90 01 37 00 B9 06 00 00 F4 E5 09 00 00 00 00 57 00 22 12 1F 41 00 14 03 5C B2 F0 00 6E F0 8C 13 E4 94 BC 04 06 40 43 00 0B BC 2F 01 01 90 18 C0 19 00 CB C0 40 64 08 30 07 1B 22 F0 ...(+44)
[D] v25 item: rrc=16.16 nr_rrc=16.144 rbid=1 pci=55 earfcn=1721 sfn_subfn=58868 pdu_num=9 sib_mask=0 len=87
[D] QCP: log code=0xB193 len=176
[D] QCP: log code=0xB0C0 len=35
[D] LTE 0xB0C0 RRC OTA: ver=27 plen=23
[D] 0xB0C0 [23 bytes]: 1B 10 10 10 90 01 37 00 B9 06 00 00 00 00 0B 00 00 00 00 02 00 12 00 
[D] v25 item: rrc=16.16 nr_rrc=16.144 rbid=1 pci=55 earfcn=1721 sfn_subfn=0 pdu_num=11 sib_mask=0 len=2
[D] QCP: log code=0xB0C0 len=37
[D] LTE 0xB0C0 RRC OTA: ver=27 plen=25
[D] 0xB0C0 [25 bytes]: 1B 10 10 10 90 01 37 00 B9 06 00 00 00 00 0B 00 00 00 00 04 00 08 02 49 50 
[D] v25 item: rrc=16.16 nr_rrc=16.144 rbid=1 pci=55 earfcn=1721 sfn_subfn=0 pdu_num=11 sib_mask=0 len=4
[I] [MEAS] PCell EARFCN=1721 PCI=55 RSRP=-67 RSRQ=-9
[D] QCP: log code=0xB193 len=176
[D] QCP: log code=0xB193 len=176
[D] QCP: log code=0xB193 len=176
[D] QCP: log code=0xB193 len=176
[D] QCP: log code=0xB193 len=176
[D] QCP: log code=0xB193 len=176
[D] QCP: log code=0xB193 len=176
[D] QCP: log code=0xB193 len=176
[D] QCP: log code=0xB193 len=176
[D] QCP: log code=0xB193 len=176
[D] QCP: log code=0xB193 len=176
[D] QCP: log code=0xB193 len=176
[D] QCP: log code=0xB193 len=176
[D] QCP: log code=0xB193 len=176
[D] QCP: log code=0xB193 len=176
[D] QCP: log code=0xB193 len=176
[D] QCP: log code=0xB193 len=176
[D] QCP: log code=0xB0C0 len=44
[D] LTE 0xB0C0 RRC OTA: ver=27 plen=32
[D] 0xB0C0 [32 bytes]: 1B 10 10 10 90 01 37 00 B9 06 00 00 00 00 0B 00 00 00 00 0B 00 08 14 C8 50 17 1D AE 51 87 69 95 
[D] v25 item: rrc=16.16 nr_rrc=16.144 rbid=1 pci=55 earfcn=1721 sfn_subfn=0 pdu_num=11 sib_mask=0 len=11
[I] [MEAS] PCell EARFCN=1721 PCI=55 RSRP=-68 RSRQ=-9
[I] [MEAS] neigh EARFCN=1721 PCI=455 RSRP=-94 RSRQ=-9
[I] [MEAS] neigh EARFCN=1721 PCI=391 RSRP=-102 RSRQ=-9
[D] QCP: log code=0xB193 len=176
[D] QCP: log code=0xB193 len=176
[D] QCP: log code=0xB193 len=176
[D] QCP: log code=0xB193 len=176
[D] QCP: log code=0xB193 len=176
[D] QCP: log code=0xB193 len=176
[D] QCP: log code=0xB193 len=176
[D] QCP: log code=0xB193 len=176
[D] QCP: log code=0xB193 len=176
[D] QCP: log code=0xB193 len=176
[D] QCP: log code=0xB193 len=176
[D] QCP: log code=0xB193 len=176
[D] QCP: log code=0xB193 len=176
[D] QCP: log code=0xB193 len=176
[D] QCP: log code=0xB193 len=176
[D] QCP: log code=0xB193 len=176
[D] QCP: log code=0xB193 len=176
[D] QCP: log code=0xB193 len=176
[D] QCP: log code=0xB193 len=176
[D] QCP: log code=0xB193 len=176
[D] QCP: log code=0xB193 len=176
[D] QCP: log code=0xB0C0 len=41
[D] LTE 0xB0C0 RRC OTA: ver=27 plen=29
[D] 0xB0C0 [29 bytes]: 1B 10 10 10 90 01 37 00 B9 06 00 00 00 00 0B 00 00 00 00 08 00 08 15 48 50 02 71 BD 50 
[D] v25 item: rrc=16.16 nr_rrc=16.144 rbid=1 pci=55 earfcn=1721 sfn_subfn=0 pdu_num=11 sib_mask=0 len=8
[I] [MEAS] PCell EARFCN=1721 PCI=55 RSRP=-68 RSRQ=-9
[I] [MEAS] neigh EARFCN=1721 PCI=156 RSRP=-79 RSRQ=-9
[D] QCP: log code=0xB193 len=176
[D] QCP: log code=0xB0C0 len=59
[D] LTE 0xB0C0 RRC OTA: ver=27 plen=47
[D] 0xB0C0 [47 bytes]: 1B 10 10 10 90 01 37 00 B9 06 00 00 D7 E8 09 00 00 00 00 1A 00 24 10 37 00 42 20 14 60 18 83 45 E0 20 32 00 48 46 10 01 0B DC 05 2A 01 4A 90 
[D] v25 item: rrc=16.16 nr_rrc=16.144 rbid=1 pci=55 earfcn=1721 sfn_subfn=59607 pdu_num=9 sib_mask=0 len=26
[D] QCP: log code=0xB0C0 len=35
[D] LTE 0xB0C0 RRC OTA: ver=27 plen=23
[D] 0xB0C0 [23 bytes]: 1B 10 10 10 90 01 37 00 B9 06 00 00 00 00 0B 00 00 00 00 02 00 14 00 
[D] v25 item: rrc=16.16 nr_rrc=16.144 rbid=1 pci=55 earfcn=1721 sfn_subfn=0 pdu_num=11 sib_mask=0 len=2
[D] QCP: log code=0xB193 len=176
[D] QCP: log code=0xB193 len=176
[D] QCP: log code=0xB193 len=176
[D] QCP: log code=0xB193 len=176
[D] QCP: log code=0xB193 len=176
[D] QCP: log code=0xB193 len=176
[D] QCP: log code=0xB193 len=176
[D] QCP: log code=0xB193 len=176
[D] QCP: log code=0xB193 len=176
[D] QCP: log code=0xB193 len=176
[D] QCP: log code=0xB193 len=176
[D] QCP: log code=0xB193 len=176
[D] QCP: log code=0xB193 len=176
[D] QCP: log code=0xB0C0 len=41
[D] LTE 0xB0C0 RRC OTA: ver=27 plen=29
[D] 0xB0C0 [29 bytes]: 1B 10 10 10 90 01 37 00 B9 06 00 00 00 00 0B 00 00 00 00 08 00 08 15 C8 54 02 09 BF 48 
[D] v25 item: rrc=16.16 nr_rrc=16.144 rbid=1 pci=55 earfcn=1721 sfn_subfn=0 pdu_num=11 sib_mask=0 len=8
[I] [MEAS] PCell EARFCN=1721 PCI=55 RSRP=-68 RSRQ=-9
[I] [MEAS] neigh EARFCN=1721 PCI=130 RSRP=-77 RSRQ=-10
[D] QCP: log code=0xB193 len=176
[D] QCP: log code=0xB193 len=176
[D] QCP: log code=0xB193 len=176
[D] QCP: log code=0xB193 len=176
[D] QCP: log code=0xB193 len=176
[D] QCP: log code=0xB193 len=176
[D] QCP: log code=0xB193 len=176
[D] QCP: log code=0xB193 len=176
[D] QCP: log code=0xB193 len=176
[D] QCP: log code=0xB193 len=176
[D] QCP: log code=0xB193 len=176
[D] QCP: log code=0xB193 len=176
[D] QCP: log code=0xB193 len=176
[D] QCP: log code=0xB193 len=176
[D] QCP: log code=0xB193 len=176
[D] QCP: log code=0xB193 len=176
[D] QCP: log code=0xB193 len=176
[D] QCP: log code=0xB193 len=176
[D] QCP: log code=0xB193 len=176
[D] QCP: log code=0xB193 len=176
[D] QCP: log code=0xB193 len=176
[D] QCP: log code=0xB193 len=176
[D] QCP: log code=0xB193 len=176
[D] QCP: log code=0xB193 len=176
[D] QCP: log code=0xB193 len=176
[D] QCP: log code=0xB193 len=176
[D] QCP: log code=0xB193 len=176
[D] QCP: log code=0xB193 len=176
[D] QCP: log code=0xB0C0 len=41
[D] LTE 0xB0C0 RRC OTA: ver=27 plen=29
[D] 0xB0C0 [29 bytes]: 1B 10 10 10 90 01 37 00 B9 06 00 00 00 00 0B 00 00 00 00 08 00 08 16 48 4C 02 B5 BF 64 
[D] v25 item: rrc=16.16 nr_rrc=16.144 rbid=1 pci=55 earfcn=1721 sfn_subfn=0 pdu_num=11 sib_mask=0 len=8
[I] [MEAS] PCell EARFCN=1721 PCI=55 RSRP=-68 RSRQ=-10
[I] [MEAS] neigh EARFCN=1721 PCI=173 RSRP=-77 RSRQ=-7
[D] QCP: log code=0xB193 len=176
[D] QCP: log code=0xB193 len=176
[D] QCP: log code=0xB193 len=176
[D] QCP: log code=0xB193 len=176
[D] QCP: log code=0xB193 len=176
[D] QCP: log code=0xB193 len=176
[D] QCP: log code=0xB193 len=176
[D] QCP: log code=0xB193 len=176
[D] QCP: log code=0xB193 len=176
[D] QCP: log code=0xB0C0 len=37
[D] LTE 0xB0C0 RRC OTA: ver=27 plen=25
[D] 0xB0C0 [25 bytes]: 1B 10 10 10 90 01 37 00 B9 06 00 00 00 00 0B 00 00 00 00 04 00 08 04 48 48 
[D] v25 item: rrc=16.16 nr_rrc=16.144 rbid=1 pci=55 earfcn=1721 sfn_subfn=0 pdu_num=11 sib_mask=0 len=4
[I] [MEAS] PCell EARFCN=1721 PCI=55 RSRP=-68 RSRQ=-10
[D] QCP: log code=0xB193 len=176
[D] QCP: log code=0xB193 len=176
[D] QCP: log code=0xB193 len=176
[D] QCP: log code=0xB193 len=176
[D] QCP: log code=0xB0C0 len=40
[D] LTE 0xB0C0 RRC OTA: ver=27 plen=28
[D] 0xB0C0 [28 bytes]: 1B 10 10 10 90 00 37 00 B9 06 00 00 B9 6C 07 00 00 00 00 07 00 40 0D 0C F3 B4 0E 90 
[D] v25 item: rrc=16.16 nr_rrc=16.144 rbid=0 pci=55 earfcn=1721 sfn_subfn=27833 pdu_num=7 sib_mask=0 len=7
[D] QCP: log code=0xB193 len=176
[D] QCP: log code=0xB193 len=176
[D] QCP: log code=0xB193 len=176
[D] QCP: log code=0xB193 len=176
[D] QCP: log code=0xB193 len=176
[D] QCP: log code=0xB193 len=176
[D] QCP: log code=0xB193 len=176
[D] QCP: log code=0xB193 len=176
[D] QCP: log code=0xB0C0 len=41
[D] LTE 0xB0C0 RRC OTA: ver=27 plen=29
[D] 0xB0C0 [29 bytes]: 1B 10 10 10 90 01 37 00 B9 06 00 00 00 00 0B 00 00 00 00 08 00 08 12 C8 48 04 59 BA 6C 
[D] v25 item: rrc=16.16 nr_rrc=16.144 rbid=1 pci=55 earfcn=1721 sfn_subfn=0 pdu_num=11 sib_mask=0 len=8
[I] [MEAS] PCell EARFCN=1721 PCI=55 RSRP=-68 RSRQ=-10
[I] [MEAS] neigh EARFCN=1721 PCI=278 RSRP=-82 RSRQ=-6
[D] QCP: log code=0xB193 len=176
[D] QCP: log code=0xB193 len=176
[D] QCP: log code=0xB0C0 len=60
[D] LTE 0xB0C0 RRC OTA: ver=27 plen=48
[D] 0xB0C0 [48 bytes]: 1B 10 10 10 90 01 37 00 B9 06 00 00 73 2D 09 00 00 00 00 1B 00 26 12 2A 40 86 42 8C E8 49 8A 74 2D 85 30 28 B3 6C 37 94 30 08 E1 C1 90 86 28 40 
[D] v25 item: rrc=16.16 nr_rrc=16.144 rbid=1 pci=55 earfcn=1721 sfn_subfn=11635 pdu_num=9 sib_mask=0 len=27
[D] QCP: log code=0xB193 len=176
[D] QCP: log code=0xB0C0 len=35
[D] LTE 0xB0C0 RRC OTA: ver=27 plen=23
[D] 0xB0C0 [23 bytes]: 1B 10 10 10 90 01 37 00 B9 06 00 00 00 00 0B 00 00 00 00 02 00 16 00 
[D] v25 item: rrc=16.16 nr_rrc=16.144 rbid=1 pci=55 earfcn=1721 sfn_subfn=0 pdu_num=11 sib_mask=0 len=2
[D] QCP: log code=0xB193 len=176
[D] QCP: log code=0xB0C0 len=125
[D] LTE 0xB0C0 RRC OTA: ver=27 plen=113
[D] 0xB0C0 [113 bytes]: 1B 10 10 10 90 01 37 00 B9 06 00 00 B0 2D 09 00 00 00 00 5C 00 20 02 85 16 8D 86 F2 86 80 01 16 20 28 33 9C 0C 06 80 C8 43 0A 14 2C 0F 04 01 10 48 06 04 40 00 04 10 21 80 B0 14 F8 E3 CA 6A 0D ...(+49)
[D] v25 item: rrc=16.16 nr_rrc=16.144 rbid=1 pci=55 earfcn=1721 sfn_subfn=11696 pdu_num=9 sib_mask=0 len=92
[D] QCP: log code=0xB197 len=48
[I] ML1 0xB197 ServInfo: EARFCN=1721 PCI=132 (v2)
[D] QCP: log code=0xB197 len=48
[I] ML1 0xB197 ServInfo: EARFCN=1721 PCI=132 (v2)
[D] QCP: log code=0xB193 len=176
[D] QCP: log code=0xB0C0 len=35
[D] LTE 0xB0C0 RRC OTA: ver=27 plen=23
[D] 0xB0C0 [23 bytes]: 1B 10 10 10 90 01 37 00 B9 06 00 00 00 00 0B 00 00 00 00 02 00 10 00 
[D] v25 item: rrc=16.16 nr_rrc=16.144 rbid=1 pci=55 earfcn=1721 sfn_subfn=0 pdu_num=11 sib_mask=0 len=2
[D] QCP: log code=0xB193 len=176
[D] QCP: log code=0xB0C0 len=85
[D] LTE 0xB0C0 RRC OTA: ver=27 plen=73
[D] 0xB0C0 [73 bytes]: 1B 10 10 10 90 01 37 00 B9 06 00 00 E9 2D 09 00 00 00 00 34 00 22 10 15 00 42 30 4A 6A 52 F0 10 19 01 0C 00 2E F0 BC 04 06 40 45 02 22 2B 03 03 08 00 14 A2 5B DB 9C 40 00 C8 09 86 EC A5 09 4C ...(+9)
[D] v25 item: rrc=16.16 nr_rrc=16.144 rbid=1 pci=55 earfcn=1721 sfn_subfn=11753 pdu_num=9 sib_mask=0 len=52
[D] QCP: log code=0xB0C0 len=35
[D] LTE 0xB0C0 RRC OTA: ver=27 plen=23
[D] 0xB0C0 [23 bytes]: 1B 10 10 10 90 01 37 00 B9 06 00 00 00 00 0B 00 00 00 00 02 00 12 00 
[D] v25 item: rrc=16.16 nr_rrc=16.144 rbid=1 pci=55 earfcn=1721 sfn_subfn=0 pdu_num=11 sib_mask=0 len=2
[D] QCP: log code=0xB193 len=176
[D] QCP: log code=0xB193 len=176
[D] QCP: log code=0xB193 len=176
[D] QCP: log code=0xB193 len=176
[D] QCP: log code=0xB193 len=176
[D] QCP: log code=0xB193 len=176
[D] QCP: log code=0xB193 len=176
[D] QCP: log code=0xB193 len=176
[D] QCP: log code=0xB193 len=176
[D] QCP: log code=0xB193 len=176
[D] QCP: log code=0xB193 len=176
[D] QCP: log code=0xB193 len=176
[D] QCP: log code=0xB193 len=176
[D] QCP: log code=0xB193 len=176
[D] QCP: log code=0xB193 len=176
[D] QCP: log code=0xB193 len=176
[D] QCP: log code=0xB17F len=52
[I] ML1 0xB17F PCI 20 → 132 (corrected from 0xB197)
[I] ML1 0xB17F SCell: EARFCN=1721 PCI=132 RSRP=-69 RSRQ=-25(raw,dropped) RSSI=-75 (v5)
[D] QCP: log code=0xB197 len=48
[I] ML1 0xB197 ServInfo: EARFCN=3200 PCI=133 (v2)
[D] QCP: log code=0xB0C1 len=23
[D] LTE 0xB0C1 MIB: ver=2 plen=11
[D] 0xB0C1 [11 bytes]: 02 82 00 80 0C 00 00 33 03 04 32 
[D] LTE MIB v2: bandwidth=50 tx_antenna=4 sfn=819 earfcn=3200 pci=130
[D] QCP: log code=0xB0C0 len=51
[D] LTE 0xB0C0 RRC OTA: ver=27 plen=39
[D] 0xB0C0 [39 bytes]: 1B 10 10 10 90 00 82 00 80 0C 00 00 45 F3 03 02 00 00 00 12 00 40 49 40 03 45 8E 31 6D F0 28 20 61 10 81 04 4C 24 C5 
[D] v25 item: rrc=16.16 nr_rrc=16.144 rbid=0 pci=130 earfcn=3200 sfn_subfn=62277 pdu_num=3 sib_mask=2 len=18
[I] [SIB1] EARFCN=3200 PCI=130 MCC=250 MNC=1 CID=51830530 TAC=17806 barred=0 csg=0
[D] QCP: log code=0xB17F len=52
[I] ML1 0xB17F PCI 29 → 133 (corrected from 0xB197)
[I] ML1 0xB17F SCell: EARFCN=3200 PCI=133 RSRP=-78 RSRQ=-27(raw,dropped) RSSI=-76 (v5)
[D] QCP: log code=0xB197 len=48
[I] ML1 0xB197 ServInfo: EARFCN=375 PCI=133 (v2)
[D] QCP: log code=0xB0C1 len=23
[D] LTE 0xB0C1 MIB: ver=2 plen=11
[D] 0xB0C1 [11 bytes]: 02 9C 00 77 01 00 00 41 03 04 4B 
[D] LTE MIB v2: bandwidth=75 tx_antenna=4 sfn=833 earfcn=375 pci=156
[D] QCP: log code=0xB0C0 len=51
[D] LTE 0xB0C0 RRC OTA: ver=27 plen=39
[D] 0xB0C0 [39 bytes]: 1B 10 10 10 90 00 9C 00 77 01 00 00 25 F4 03 02 00 00 00 12 00 40 49 40 03 45 8E 31 6D F1 98 20 01 10 81 04 4C 24 D5 
[D] v25 item: rrc=16.16 nr_rrc=16.144 rbid=0 pci=156 earfcn=375 sfn_subfn=62501 pdu_num=3 sib_mask=2 len=18
[I] [SIB1] EARFCN=375 PCI=156 MCC=250 MNC=1 CID=51830553 TAC=17806 barred=0 csg=0
[D] QCP: log code=0xB17F len=52
[I] ML1 0xB17F PCI 29 → 133 (corrected from 0xB197)
[I] ML1 0xB17F SCell: EARFCN=375 PCI=133 RSRP=-79 RSRQ=-27(raw,dropped) RSSI=-75 (v5)
[D] QCP: log code=0xB197 len=48
[I] ML1 0xB197 ServInfo: EARFCN=375 PCI=0 (v2)
[D] QCP: log code=0xB197 len=48
[I] ML1 0xB197 ServInfo: EARFCN=1721 PCI=132 (v2)
[D] QCP: log code=0xB0C1 len=23
[D] LTE 0xB0C1 MIB: ver=2 plen=11
[D] 0xB0C1 [11 bytes]: 02 37 00 B9 06 00 00 57 03 04 32 
[D] LTE MIB v2: bandwidth=50 tx_antenna=4 sfn=855 earfcn=1721 pci=55
[D] QCP: log code=0xB0C0 len=51
[D] LTE 0xB0C0 RRC OTA: ver=27 plen=39
[D] 0xB0C0 [39 bytes]: 1B 10 10 10 90 00 37 00 B9 06 00 00 85 75 03 02 00 00 00 12 00 40 49 40 03 45 8E 31 6D F0 58 20 21 10 81 04 4C 24 D8 
[D] v25 item: rrc=16.16 nr_rrc=16.144 rbid=0 pci=55 earfcn=1721 sfn_subfn=30085 pdu_num=3 sib_mask=2 len=18
[I] [SIB1] EARFCN=1721 PCI=55 MCC=250 MNC=1 CID=51830533 TAC=17806 barred=0 csg=0
[D] QCP: log code=0xB0C0 len=82
[D] LTE 0xB0C0 RRC OTA: ver=27 plen=70
[D] 0xB0C0 [70 bytes]: 1B 10 10 10 90 00 37 00 B9 06 00 00 00 00 03 0C 00 00 00 31 00 00 82 5C 31 18 6F F9 2C AC 36 07 A1 60 10 00 0C 04 10 EE 31 6A A0 54 06 90 06 01 25 C8 2C 18 48 40 03 00 19 A5 15 72 3E C9 E0 28 ...(+6)
[D] v25 item: rrc=16.16 nr_rrc=16.144 rbid=0 pci=55 earfcn=1721 sfn_subfn=0 pdu_num=3 sib_mask=12 len=49
[D] [B0C0/SIB1] decode failed (plen=49, earfcn=1721, pci=55): ASN.1 decode failed
[D] QCP: log code=0xB0C0 len=74
[D] LTE 0xB0C0 RRC OTA: ver=27 plen=62
[D] 0xB0C0 [62 bytes]: 1B 10 10 10 90 00 37 00 B9 06 00 00 00 00 03 20 00 00 00 29 00 00 0F 04 00 BB 90 4A 58 A8 80 C8 02 09 4A D5 11 29 A8 41 52 AA A2 03 8D 88 25 32 34 40 C4 19 04 A6 46 80 82 01 D0 8A 00 00 
[D] v25 item: rrc=16.16 nr_rrc=16.144 rbid=0 pci=55 earfcn=1721 sfn_subfn=0 pdu_num=3 sib_mask=32 len=41
[D] QCP: log code=0xB17F len=52
[I] ML1 0xB17F PCI 28 → 132 (corrected from 0xB197)
[I] ML1 0xB17F SCell: EARFCN=1721 PCI=132 RSRP=-66 RSRQ=-25(raw,dropped) RSSI=-74 (v5)
[D] QCP: log code=0xB197 len=48
[I] ML1 0xB197 ServInfo: EARFCN=1721 PCI=3 (v2)
[D] QCP: log code=0xB197 len=48
[I] ML1 0xB197 ServInfo: EARFCN=1414 PCI=134 (v2)
[D] QCP: log code=0xB0C1 len=23
[D] LTE 0xB0C1 MIB: ver=2 plen=11
[D] 0xB0C1 [11 bytes]: 02 03 01 86 05 00 00 14 02 04 4B 
[D] LTE MIB v2: bandwidth=75 tx_antenna=4 sfn=532 earfcn=1414 pci=259
[D] QCP: log code=0xB0C0 len=55
[D] LTE 0xB0C0 RRC OTA: ver=27 plen=43
[D] 0xB0C0 [43 bytes]: 1B 10 10 10 90 00 03 01 86 05 00 00 65 A1 03 02 00 00 00 16 00 48 49 41 33 02 A6 BE BA 60 88 20 21 90 20 81 84 50 24 D6 50 00 00 
[D] v25 item: rrc=16.16 nr_rrc=16.144 rbid=0 pci=259 earfcn=1414 sfn_subfn=41317 pdu_num=3 sib_mask=2 len=22
[I] [SIB1] EARFCN=1414 PCI=259 MCC=250 MNC=99 CID=199992840 TAC=678 barred=0 csg=0
[D] QCP: log code=0xB17F len=52
[I] ML1 0xB17F PCI 30 → 134 (corrected from 0xB197)
[I] ML1 0xB17F SCell: EARFCN=1414 PCI=134 RSRP=-82 RSRQ=-25(raw,dropped) RSSI=-82 (v5)
[D] QCP: log code=0xB197 len=48
[I] ML1 0xB197 ServInfo: EARFCN=1414 PCI=134 (v2)
[D] QCP: log code=0xB0C1 len=23
[D] LTE 0xB0C1 MIB: ver=2 plen=11
[D] 0xB0C1 [11 bytes]: 02 4C 01 86 05 00 00 1E 02 04 4B 
[D] LTE MIB v2: bandwidth=75 tx_antenna=4 sfn=542 earfcn=1414 pci=332
[D] QCP: log code=0xB0C0 len=55
[D] LTE 0xB0C0 RRC OTA: ver=27 plen=43
[D] 0xB0C0 [43 bytes]: 1B 10 10 10 90 00 4C 01 86 05 00 00 45 E2 03 02 00 00 00 16 00 48 49 41 33 02 A6 BE BA 60 98 20 21 90 20 81 84 50 24 C3 50 00 00 
[D] v25 item: rrc=16.16 nr_rrc=16.144 rbid=0 pci=332 earfcn=1414 sfn_subfn=57925 pdu_num=3 sib_mask=2 len=22
[I] [SIB1] EARFCN=1414 PCI=332 MCC=250 MNC=99 CID=199992841 TAC=678 barred=0 csg=0
[D] QCP: log code=0xB17F len=52
[I] ML1 0xB17F PCI 30 → 134 (corrected from 0xB197)
[I] ML1 0xB17F SCell: EARFCN=1414 PCI=134 RSRP=-93 RSRQ=-27(raw,dropped) RSSI=-82 (v5)
[D] QCP: log code=0xB197 len=48
[I] ML1 0xB197 ServInfo: EARFCN=1414 PCI=133 (v2)
[D] QCP: log code=0xB0C1 len=23
[D] LTE 0xB0C1 MIB: ver=2 plen=11
[D] 0xB0C1 [11 bytes]: 02 AF 00 86 05 00 00 CA 00 04 4B 
[D] LTE MIB v2: bandwidth=75 tx_antenna=4 sfn=202 earfcn=1414 pci=175
[D] QCP: log code=0xB0C0 len=55
[D] LTE 0xB0C0 RRC OTA: ver=27 plen=43
[D] 0xB0C0 [43 bytes]: 1B 10 10 10 90 00 AF 00 86 05 00 00 25 CD 03 02 00 00 00 16 00 48 49 41 33 02 A6 BE B9 D0 88 20 21 90 21 00 2C 22 81 26 D2 80 00 
[D] v25 item: rrc=16.16 nr_rrc=16.144 rbid=0 pci=175 earfcn=1414 sfn_subfn=52517 pdu_num=3 sib_mask=2 len=22
[I] [SIB1] EARFCN=1414 PCI=175 MCC=250 MNC=99 CID=199990536 TAC=678 barred=0 csg=0
[D] QCP: log code=0xB17F len=52
[I] ML1 0xB17F PCI 29 → 133 (corrected from 0xB197)
[I] ML1 0xB17F SCell: EARFCN=1414 PCI=133 RSRP=-93 RSRQ=-29(raw,dropped) RSSI=-79 (v5)
[D] QCP: log code=0xB197 len=48
[I] ML1 0xB197 ServInfo: EARFCN=1414 PCI=1 (v2)
[D] QCP: log code=0xB197 len=48
[I] ML1 0xB197 ServInfo: EARFCN=3638 PCI=133 (v2)
[D] QCP: log code=0xB0C1 len=23
[D] LTE 0xB0C1 MIB: ver=2 plen=11
[D] 0xB0C1 [11 bytes]: 02 AD 00 36 0E 00 00 A3 03 02 19 
[D] LTE MIB v2: bandwidth=25 tx_antenna=2 sfn=931 earfcn=3638 pci=173
[D] QCP: log code=0xB0C0 len=51
[D] LTE 0xB0C0 RRC OTA: ver=27 plen=39
[D] 0xB0C0 [39 bytes]: 1B 10 10 10 90 00 AD 00 36 0E 00 00 45 3A 03 02 00 00 00 12 00 40 49 40 03 45 8E 31 6D F1 C8 20 71 10 81 04 4C 24 CF 
[D] v25 item: rrc=16.16 nr_rrc=16.144 rbid=0 pci=173 earfcn=3638 sfn_subfn=14917 pdu_num=3 sib_mask=2 len=18
[I] [SIB1] EARFCN=3638 PCI=173 MCC=250 MNC=1 CID=51830556 TAC=17806 barred=0 csg=0
[D] QCP: log code=0xB17F len=52
[I] ML1 0xB17F PCI 29 → 133 (corrected from 0xB197)
[I] ML1 0xB17F SCell: EARFCN=3638 PCI=133 RSRP=-77 RSRQ=-25(raw,dropped) RSSI=-82 (v5)
[D] QCP: log code=0xB197 len=48
[I] ML1 0xB197 ServInfo: EARFCN=3638 PCI=135 (v2)
[D] QCP: log code=0xB0C1 len=23
[D] LTE 0xB0C1 MIB: ver=2 plen=11
[D] 0xB0C1 [11 bytes]: 02 AE 01 36 0E 00 00 AF 03 02 19 
[D] LTE MIB v2: bandwidth=25 tx_antenna=2 sfn=943 earfcn=3638 pci=430
[D] QCP: log code=0xB197 len=48
[I] ML1 0xB197 ServInfo: EARFCN=3638 PCI=2 (v2)
[D] QCP: log code=0xB197 len=48
[I] ML1 0xB197 ServInfo: EARFCN=3638 PCI=2 (v2)
[D] QCP: log code=0xB197 len=48
[I] ML1 0xB197 ServInfo: EARFCN=3750 PCI=134 (v2)
[D] QCP: log code=0xB0C1 len=23
[D] LTE 0xB0C1 MIB: ver=2 plen=11
[D] 0xB0C1 [11 bytes]: 02 3C 01 A6 0E 00 00 25 03 02 32 
[D] LTE MIB v2: bandwidth=50 tx_antenna=2 sfn=805 earfcn=3750 pci=316
[D] QCP: log code=0xB0C0 len=59
[D] LTE 0xB0C0 RRC OTA: ver=27 plen=47
[D] 0xB0C0 [47 bytes]: 1B 10 10 10 90 00 3C 01 A6 0E 00 00 65 B2 03 02 00 00 00 1A 00 48 C9 40 05 92 80 46 3D 29 7D 1D FF 70 50 E4 20 21 02 08 98 46 C2 46 A5 20 00 
[D] v25 item: rrc=16.16 nr_rrc=16.144 rbid=0 pci=316 earfcn=3750 sfn_subfn=45669 pdu_num=3 sib_mask=2 len=26
[I] [SIB1] EARFCN=3750 PCI=316 MCC=250 MNC=2 CID=199815163 TAC=7828 barred=0 csg=0
[I] [SIB1] EARFCN=3750 PCI=316 MCC=250 MNC=11 CID=199815163 TAC=7828 barred=0 csg=0
[D] QCP: log code=0xB17F len=52
[I] ML1 0xB17F PCI 30 → 134 (corrected from 0xB197)
[I] ML1 0xB17F SCell: EARFCN=3750 PCI=134 RSRP=-89 RSRQ=-26(raw,dropped) RSSI=-82 (v5)
[D] QCP: log code=0xB197 len=48
[I] ML1 0xB197 ServInfo: EARFCN=3750 PCI=134 (v2)
[D] QCP: log code=0xB0C1 len=23
[D] LTE 0xB0C1 MIB: ver=2 plen=11
[D] 0xB0C1 [11 bytes]: 02 67 01 A6 0E 00 00 2F 03 02 32 
[D] LTE MIB v2: bandwidth=50 tx_antenna=2 sfn=815 earfcn=3750 pci=359
[D] QCP: log code=0xB0C0 len=59
[D] LTE 0xB0C0 RRC OTA: ver=27 plen=47
[D] 0xB0C0 [47 bytes]: 1B 10 10 10 90 00 67 01 A6 0E 00 00 05 F3 03 02 00 00 00 1A 00 48 C9 40 05 92 80 46 3D 29 7D 1D FF 90 50 E4 20 21 02 08 98 46 C2 46 E5 20 00 
[D] v25 item: rrc=16.16 nr_rrc=16.144 rbid=0 pci=359 earfcn=3750 sfn_subfn=62213 pdu_num=3 sib_mask=2 len=26
[I] [SIB1] EARFCN=3750 PCI=359 MCC=250 MNC=2 CID=199815164 TAC=7828 barred=0 csg=0
[I] [SIB1] EARFCN=3750 PCI=359 MCC=250 MNC=11 CID=199815164 TAC=7828 barred=0 csg=0
[D] QCP: log code=0xB17F len=52
[I] ML1 0xB17F PCI 30 → 134 (corrected from 0xB197)
[I] ML1 0xB17F SCell: EARFCN=3750 PCI=134 RSRP=-92 RSRQ=-27(raw,dropped) RSSI=-82 (v5)
[D] QCP: log code=0xB197 len=48
[I] ML1 0xB197 ServInfo: EARFCN=3750 PCI=0 (v2)
[D] QCP: log code=0xB197 len=48
[I] ML1 0xB197 ServInfo: EARFCN=3750 PCI=132 (v2)
[D] QCP: log code=0xB0C1 len=23
[D] LTE 0xB0C1 MIB: ver=2 plen=11
[D] 0xB0C1 [11 bytes]: 02 3F 00 A6 0E 00 00 8E 00 01 32 
[D] LTE MIB v2: bandwidth=50 tx_antenna=1 sfn=142 earfcn=3750 pci=63
[D] QCP: log code=0xB0C0 len=59
[D] LTE 0xB0C0 RRC OTA: ver=27 plen=47
[D] 0xB0C0 [47 bytes]: 1B 10 10 10 90 00 3F 00 A6 0E 00 00 45 C9 03 02 00 00 00 1A 00 48 C9 40 05 92 80 47 76 1B 81 73 1F 50 50 E4 20 21 02 08 98 46 C2 47 65 20 00 
[D] v25 item: rrc=16.16 nr_rrc=16.144 rbid=0 pci=63 earfcn=3750 sfn_subfn=51525 pdu_num=3 sib_mask=2 len=26
[I] [SIB1] EARFCN=3750 PCI=63 MCC=250 MNC=2 CID=202086650 TAC=47885 barred=0 csg=0
[I] [SIB1] EARFCN=3750 PCI=63 MCC=250 MNC=11 CID=202086650 TAC=47885 barred=0 csg=0
[D] QCP: log code=0xB17F len=52
[I] ML1 0xB17F PCI 28 → 132 (corrected from 0xB197)
[I] ML1 0xB17F SCell: EARFCN=3750 PCI=132 RSRP=-94 RSRQ=-28(raw,dropped) RSSI=-84 (v5)
[D] QCP: log code=0xB197 len=48
[I] ML1 0xB197 ServInfo: EARFCN=3750 PCI=2 (v2)
[D] QCP: log code=0xB197 len=48
[I] ML1 0xB197 ServInfo: EARFCN=3750 PCI=0 (v2)
[D] QCP: log code=0xB197 len=48
[I] ML1 0xB197 ServInfo: EARFCN=3750 PCI=135 (v2)
[D] QCP: log code=0xB0C1 len=23
[D] LTE 0xB0C1 MIB: ver=2 plen=11
[D] 0xB0C1 [11 bytes]: 02 AD 01 A6 0E 00 00 B0 01 01 32 
[D] LTE MIB v2: bandwidth=50 tx_antenna=1 sfn=432 earfcn=3750 pci=429
[D] QCP: log code=0xB197 len=48
[I] ML1 0xB197 ServInfo: EARFCN=3750 PCI=0 (v2)
[D] QCP: log code=0xB197 len=48
[I] ML1 0xB197 ServInfo: EARFCN=3750 PCI=69 (v2)
[D] QCP: log code=0xB0C1 len=23
[D] LTE 0xB0C1 MIB: ver=2 plen=11
[D] 0xB0C1 [11 bytes]: 02 89 00 A6 0E 00 00 D2 00 01 0F 
[D] LTE MIB v2: bandwidth=15 tx_antenna=1 sfn=210 earfcn=3750 pci=137
[D] QCP: log code=0xB197 len=48
[I] ML1 0xB197 ServInfo: EARFCN=1820 PCI=7 (v2)
[D] QCP: log code=0xB0C1 len=23
[D] LTE 0xB0C1 MIB: ver=2 plen=11
[D] 0xB0C1 [11 bytes]: 02 BF 01 1C 07 00 00 FA 03 02 19 
[D] LTE MIB v2: bandwidth=25 tx_antenna=2 sfn=1018 earfcn=1820 pci=447
[D] QCP: log code=0xB197 len=48
[I] ML1 0xB197 ServInfo: EARFCN=1820 PCI=133 (v2)
[D] QCP: log code=0xB0C1 len=23
[D] LTE 0xB0C1 MIB: ver=2 plen=11
[D] 0xB0C1 [11 bytes]: 02 9D 00 1C 07 00 00 A7 03 02 19 
[D] LTE MIB v2: bandwidth=25 tx_antenna=2 sfn=935 earfcn=1820 pci=157
[D] QCP: log code=0xB0C0 len=59
[D] LTE 0xB0C0 RRC OTA: ver=27 plen=47
[D] 0xB0C0 [47 bytes]: 1B 10 10 10 90 00 9D 00 1C 07 00 00 85 7A 03 02 00 00 00 1A 00 48 C9 40 05 92 80 46 3D 29 7D 1D F9 90 50 44 20 21 02 08 98 46 C2 46 B5 20 00 
[D] v25 item: rrc=16.16 nr_rrc=16.144 rbid=0 pci=157 earfcn=1820 sfn_subfn=31365 pdu_num=3 sib_mask=2 len=26
[I] [SIB1] EARFCN=1820 PCI=157 MCC=250 MNC=2 CID=199815116 TAC=7828 barred=0 csg=0
[I] [SIB1] EARFCN=1820 PCI=157 MCC=250 MNC=11 CID=199815116 TAC=7828 barred=0 csg=0
[D] QCP: log code=0xB17F len=52
[I] ML1 0xB17F PCI 29 → 133 (corrected from 0xB197)
[I] ML1 0xB17F SCell: EARFCN=1820 PCI=133 RSRP=-84 RSRQ=-24(raw,dropped) RSSI=-86 (v5)
[D] QCP: log code=0xB197 len=48
[I] ML1 0xB197 ServInfo: EARFCN=1820 PCI=7 (v2)
[D] QCP: log code=0xB0C1 len=23
[D] LTE 0xB0C1 MIB: ver=2 plen=11
[D] 0xB0C1 [11 bytes]: 02 BF 01 1C 07 00 00 0D 00 02 19 
[D] LTE MIB v2: bandwidth=25 tx_antenna=2 sfn=13 earfcn=1820 pci=447
[D] QCP: log code=0xB0C0 len=59
[D] LTE 0xB0C0 RRC OTA: ver=27 plen=47
[D] 0xB0C0 [47 bytes]: 1B 10 10 10 90 00 BF 01 1C 07 00 00 E5 00 03 02 00 00 00 1A 00 48 C9 40 05 92 80 46 3D 29 80 14 99 F0 50 44 20 21 02 08 98 46 C2 46 15 20 00 
[D] v25 item: rrc=16.16 nr_rrc=16.144 rbid=0 pci=447 earfcn=1820 sfn_subfn=229 pdu_num=3 sib_mask=2 len=26
[I] [SIB1] EARFCN=1820 PCI=447 MCC=250 MNC=2 CID=201368783 TAC=7828 barred=0 csg=0
[I] [SIB1] EARFCN=1820 PCI=447 MCC=250 MNC=11 CID=201368783 TAC=7828 barred=0 csg=0
[D] QCP: log code=0xB17F len=52
[I] ML1 0xB17F PCI 31 → 7 (corrected from 0xB197)
[I] ML1 0xB17F SCell: EARFCN=1820 PCI=7 RSRP=-90 RSRQ=-25(raw,dropped) RSSI=-88 (v5)
[D] QCP: log code=0xB197 len=48
[I] ML1 0xB197 ServInfo: EARFCN=1820 PCI=134 (v2)
[D] QCP: log code=0xB0C1 len=23
[D] LTE 0xB0C1 MIB: ver=2 plen=11
[D] 0xB0C1 [11 bytes]: 02 13 01 1C 07 00 00 BB 03 02 19 
[D] LTE MIB v2: bandwidth=25 tx_antenna=2 sfn=955 earfcn=1820 pci=275
[D] QCP: log code=0xB0C0 len=59
[D] LTE 0xB0C0 RRC OTA: ver=27 plen=47
[D] 0xB0C0 [47 bytes]: 1B 10 10 10 90 00 13 01 1C 07 00 00 E5 FC 03 02 00 00 00 1A 00 48 C9 40 05 92 80 46 3D 29 7D 1D F9 B0 50 44 20 21 02 08 98 46 C2 46 15 20 00 
[D] v25 item: rrc=16.16 nr_rrc=16.144 rbid=0 pci=275 earfcn=1820 sfn_subfn=64741 pdu_num=3 sib_mask=2 len=26
[I] [SIB1] EARFCN=1820 PCI=275 MCC=250 MNC=2 CID=199815117 TAC=7828 barred=0 csg=0
[I] [SIB1] EARFCN=1820 PCI=275 MCC=250 MNC=11 CID=199815117 TAC=7828 barred=0 csg=0
[D] QCP: log code=0xB17F len=52
[I] ML1 0xB17F PCI 30 → 134 (corrected from 0xB197)
[I] ML1 0xB17F SCell: EARFCN=1820 PCI=134 RSRP=-98 RSRQ=-27(raw,dropped) RSSI=-87 (v5)
[D] QCP: log code=0xB197 len=48
[I] ML1 0xB197 ServInfo: EARFCN=1820 PCI=2 (v2)
[D] QCP: log code=0xB197 len=48
[I] ML1 0xB197 ServInfo: EARFCN=1820 PCI=3 (v2)
[D] QCP: log code=0xB197 len=48
[I] ML1 0xB197 ServInfo: EARFCN=1820 PCI=1 (v2)
[D] QCP: log code=0xB197 len=48
[I] ML1 0xB197 ServInfo: EARFCN=1820 PCI=1 (v2)
[D] QCP: log code=0xB197 len=48
[I] ML1 0xB197 ServInfo: EARFCN=6350 PCI=132 (v2)
[D] QCP: log code=0xB0C1 len=23
[D] LTE 0xB0C1 MIB: ver=2 plen=11
[D] 0xB0C1 [11 bytes]: 02 53 00 CE 18 00 00 C4 00 02 19 
[D] LTE MIB v2: bandwidth=25 tx_antenna=2 sfn=196 earfcn=6350 pci=83
[D] QCP: log code=0xB0C0 len=59
[D] LTE 0xB0C0 RRC OTA: ver=27 plen=47
[D] 0xB0C0 [47 bytes]: 1B 10 10 10 90 00 53 00 CE 18 00 00 65 4C 03 02 00 00 00 1A 00 48 C9 40 05 92 80 46 3D 29 81 4B 21 B0 52 64 20 21 02 08 98 46 C2 46 55 20 00 
[D] v25 item: rrc=16.16 nr_rrc=16.144 rbid=0 pci=83 earfcn=6350 sfn_subfn=19557 pdu_num=3 sib_mask=2 len=26
[I] [SIB1] EARFCN=6350 PCI=83 MCC=250 MNC=2 CID=202004749 TAC=7828 barred=0 csg=0
[I] [SIB1] EARFCN=6350 PCI=83 MCC=250 MNC=11 CID=202004749 TAC=7828 barred=0 csg=0
[D] QCP: log code=0xB17F len=52
[I] ML1 0xB17F PCI 28 → 132 (corrected from 0xB197)
[I] ML1 0xB17F SCell: EARFCN=6350 PCI=132 RSRP=-107 RSRQ=-25(raw,dropped) RSSI=-96 (v5)
[D] QCP: log code=0xB197 len=48
[I] ML1 0xB197 ServInfo: EARFCN=6350 PCI=132 (v2)
[D] QCP: log code=0xB0C1 len=23
[D] LTE 0xB0C1 MIB: ver=2 plen=11
[D] 0xB0C1 [11 bytes]: 02 52 00 CE 18 00 00 CE 00 02 19 
[D] LTE MIB v2: bandwidth=25 tx_antenna=2 sfn=206 earfcn=6350 pci=82
[D] QCP: log code=0xB0C0 len=59
[D] LTE 0xB0C0 RRC OTA: ver=27 plen=47
[D] 0xB0C0 [47 bytes]: 1B 10 10 10 90 00 52 00 CE 18 00 00 05 8D 03 02 00 00 00 1A 00 48 C9 40 05 92 80 46 3D 29 81 4B 21 70 52 64 20 21 02 08 98 46 C2 47 45 20 00 
[D] v25 item: rrc=16.16 nr_rrc=16.144 rbid=0 pci=82 earfcn=6350 sfn_subfn=36101 pdu_num=3 sib_mask=2 len=26
[I] [SIB1] EARFCN=6350 PCI=82 MCC=250 MNC=2 CID=202004747 TAC=7828 barred=0 csg=0
[I] [SIB1] EARFCN=6350 PCI=82 MCC=250 MNC=11 CID=202004747 TAC=7828 barred=0 csg=0
[D] QCP: log code=0xB17F len=52
[I] ML1 0xB17F PCI 28 → 132 (corrected from 0xB197)
[I] ML1 0xB17F SCell: EARFCN=6350 PCI=132 RSRP=-112 RSRQ=-27(raw,dropped) RSSI=-95 (v5)
[D] QCP: log code=0xB197 len=48
[I] ML1 0xB197 ServInfo: EARFCN=38948 PCI=134 (v2)
[D] QCP: log code=0xB0C1 len=23
[D] LTE 0xB0C1 MIB: ver=2 plen=11
[D] 0xB0C1 [11 bytes]: 02 0C 01 24 98 00 00 D6 00 04 64 
[D] LTE MIB v2: bandwidth=100 tx_antenna=4 sfn=214 earfcn=38948 pci=268
[D] QCP: log code=0xB0C0 len=55
[D] LTE 0xB0C0 RRC OTA: ver=27 plen=43
[D] 0xB0C0 [43 bytes]: 1B 10 10 10 90 00 0C 01 24 98 00 00 85 4D 03 02 00 00 00 16 00 58 49 40 41 4E 3D BF 7B 02 38 2A 71 80 81 84 4C 23 61 22 76 35 1C 
[D] v25 item: rrc=16.16 nr_rrc=16.144 rbid=0 pci=268 earfcn=38948 sfn_subfn=19845 pdu_num=3 sib_mask=2 len=22
[I] [SIB1] EARFCN=38948 PCI=268 MCC=250 MNC=20 CID=200781859 TAC=20029 barred=0 csg=0
[D] QCP: log code=0xB17F len=52
[I] ML1 0xB17F PCI 30 → 134 (corrected from 0xB197)
[I] ML1 0xB17F SCell: EARFCN=38948 PCI=134 RSRP=-119 RSRQ=-28(raw,dropped) RSSI=-93 (v5)
[D] QCP: log code=0xB197 len=48
[I] ML1 0xB197 ServInfo: EARFCN=38948 PCI=134 (v2)
[D] QCP: log code=0xB0C1 len=23
[D] LTE 0xB0C1 MIB: ver=2 plen=11
[D] 0xB0C1 [11 bytes]: 02 5A 01 24 98 00 00 E2 00 04 64 
[D] LTE MIB v2: bandwidth=100 tx_antenna=4 sfn=226 earfcn=38948 pci=346
[D] QCP: log code=0xB197 len=48
[I] ML1 0xB197 ServInfo: EARFCN=38948 PCI=132 (v2)
[D] QCP: log code=0xB0C1 len=23
[D] LTE 0xB0C1 MIB: ver=2 plen=11
[D] 0xB0C1 [11 bytes]: 02 4D 00 24 98 00 00 0B 01 04 64 
[D] LTE MIB v2: bandwidth=100 tx_antenna=4 sfn=267 earfcn=38948 pci=77
[D] QCP: log code=0xB0C0 len=55
[D] LTE 0xB0C0 RRC OTA: ver=27 plen=43
[D] 0xB0C0 [43 bytes]: 1B 10 10 10 90 00 4D 00 24 98 00 00 25 51 03 02 00 00 00 16 00 58 49 40 41 4E 3D BF 7B 02 48 2A 71 80 81 84 4C 23 61 22 76 35 1C 
[D] v25 item: rrc=16.16 nr_rrc=16.144 rbid=0 pci=77 earfcn=38948 sfn_subfn=20773 pdu_num=3 sib_mask=2 len=22
[I] [SIB1] EARFCN=38948 PCI=77 MCC=250 MNC=20 CID=200781860 TAC=20029 barred=0 csg=0
[D] QCP: log code=0xB17F len=52
[I] ML1 0xB17F PCI 28 → 132 (corrected from 0xB197)
[I] ML1 0xB17F SCell: EARFCN=38948 PCI=132 RSRP=-120 RSRQ=-29(raw,dropped) RSSI=-93 (v5)
[D] QCP: log code=0xB197 len=48
[I] ML1 0xB197 ServInfo: EARFCN=38948 PCI=2 (v2)
[D] QCP: log code=0xB197 len=48
[I] ML1 0xB197 ServInfo: EARFCN=38750 PCI=132 (v2)
[D] QCP: log code=0xB0C1 len=23
[D] LTE 0xB0C1 MIB: ver=2 plen=11
[D] 0xB0C1 [11 bytes]: 02 78 00 5E 97 00 00 29 01 04 64 
[D] LTE MIB v2: bandwidth=100 tx_antenna=4 sfn=297 earfcn=38750 pci=120
[D] QCP: log code=0xB0C0 len=55
[D] LTE 0xB0C0 RRC OTA: ver=27 plen=43
[D] 0xB0C0 [43 bytes]: 1B 10 10 10 90 00 78 00 5E 97 00 00 A5 92 03 02 00 00 00 16 00 58 49 40 41 4E 3D BF 7B 02 18 2A 71 80 81 84 4C 23 61 22 76 35 1C 
[D] v25 item: rrc=16.16 nr_rrc=16.144 rbid=0 pci=120 earfcn=38750 sfn_subfn=37541 pdu_num=3 sib_mask=2 len=22
[I] [SIB1] EARFCN=38750 PCI=120 MCC=250 MNC=20 CID=200781857 TAC=20029 barred=0 csg=0
[D] QCP: log code=0xB17F len=52
[I] ML1 0xB17F PCI 28 → 132 (corrected from 0xB197)
[I] ML1 0xB17F SCell: EARFCN=38750 PCI=132 RSRP=-117 RSRQ=-27(raw,dropped) RSSI=-94 (v5)
[D] QCP: log code=0xB197 len=48
[I] ML1 0xB197 ServInfo: EARFCN=38750 PCI=132 (v2)
[D] QCP: log code=0xB0C1 len=23
[D] LTE 0xB0C1 MIB: ver=2 plen=11
[D] 0xB0C1 [11 bytes]: 02 11 00 5E 97 00 00 34 01 04 64 
[D] LTE MIB v2: bandwidth=100 tx_antenna=4 sfn=308 earfcn=38750 pci=17
[D] QCP: log code=0xB197 len=48
[I] ML1 0xB197 ServInfo: EARFCN=38750 PCI=132 (v2)
[D] QCP: log code=0xB0C1 len=23
[D] LTE 0xB0C1 MIB: ver=2 plen=11
[D] 0xB0C1 [11 bytes]: 02 71 00 5E 97 00 00 5C 01 04 64 
[D] LTE MIB v2: bandwidth=100 tx_antenna=4 sfn=348 earfcn=38750 pci=113
[D] QCP: log code=0xB0C0 len=55
[D] LTE 0xB0C0 RRC OTA: ver=27 plen=43
[D] 0xB0C0 [43 bytes]: 1B 10 10 10 90 00 71 00 5E 97 00 00 E5 D5 03 02 00 00 00 16 00 58 49 40 41 4E 3D BF 7B 02 08 2A 71 80 81 84 4C 23 61 22 76 35 1C 
[D] v25 item: rrc=16.16 nr_rrc=16.144 rbid=0 pci=113 earfcn=38750 sfn_subfn=54757 pdu_num=3 sib_mask=2 len=22
[I] [SIB1] EARFCN=38750 PCI=113 MCC=250 MNC=20 CID=200781856 TAC=20029 barred=0 csg=0
[D] QCP: log code=0xB17F len=52
[I] ML1 0xB17F PCI 28 → 132 (corrected from 0xB197)
[I] ML1 0xB17F SCell: EARFCN=38750 PCI=132 RSRP=-118 RSRQ=-27(raw,dropped) RSSI=-94 (v5)
[D] QCP: log code=0xB197 len=48
[I] ML1 0xB197 ServInfo: EARFCN=38750 PCI=2 (v2)
[D] QCP: log code=0xB197 len=48
[I] ML1 0xB197 ServInfo: EARFCN=525 PCI=133 (v2)
[D] QCP: log code=0xB0C1 len=23
[D] LTE 0xB0C1 MIB: ver=2 plen=11
[D] 0xB0C1 [11 bytes]: 02 B6 00 0D 02 00 00 3C 00 04 4B 
[D] LTE MIB v2: bandwidth=75 tx_antenna=4 sfn=60 earfcn=525 pci=182
[D] QCP: log code=0xB0C0 len=55
[D] LTE 0xB0C0 RRC OTA: ver=27 plen=43
[D] 0xB0C0 [43 bytes]: 1B 10 10 10 90 00 B6 00 0D 02 00 00 E5 C3 03 02 00 00 00 16 00 48 49 41 33 02 A6 BE BA 66 68 20 01 90 20 81 84 50 24 CC 50 00 00 
[D] v25 item: rrc=16.16 nr_rrc=16.144 rbid=0 pci=182 earfcn=525 sfn_subfn=50149 pdu_num=3 sib_mask=2 len=22
[I] [SIB1] EARFCN=525 PCI=182 MCC=250 MNC=99 CID=199992934 TAC=678 barred=0 csg=0
[D] QCP: log code=0xB17F len=52
[I] ML1 0xB17F PCI 29 → 133 (corrected from 0xB197)
[I] ML1 0xB17F SCell: EARFCN=525 PCI=133 RSRP=-88 RSRQ=-26(raw,dropped) RSSI=-84 (v5)
[D] QCP: log code=0xB197 len=48
[I] ML1 0xB197 ServInfo: EARFCN=525 PCI=133 (v2)
[D] QCP: log code=0xB0C1 len=23
[D] LTE 0xB0C1 MIB: ver=2 plen=11
[D] 0xB0C1 [11 bytes]: 02 F4 00 0D 02 00 00 E5 02 04 4B 
[D] LTE MIB v2: bandwidth=75 tx_antenna=4 sfn=741 earfcn=525 pci=244
[D] QCP: log code=0xB0C0 len=55
[D] LTE 0xB0C0 RRC OTA: ver=27 plen=43
[D] 0xB0C0 [43 bytes]: 1B 10 10 10 90 00 F4 00 0D 02 00 00 85 6E 03 02 00 00 00 16 00 48 49 41 33 02 A6 BE B9 D6 68 20 01 90 20 81 84 50 24 CE 50 00 00 
[D] v25 item: rrc=16.16 nr_rrc=16.144 rbid=0 pci=244 earfcn=525 sfn_subfn=28293 pdu_num=3 sib_mask=2 len=22
[I] [SIB1] EARFCN=525 PCI=244 MCC=250 MNC=99 CID=199990630 TAC=678 barred=0 csg=0
[D] QCP: log code=0xB17F len=52
[I] ML1 0xB17F PCI 29 → 133 (corrected from 0xB197)
[I] ML1 0xB17F SCell: EARFCN=525 PCI=133 RSRP=-100 RSRQ=-28(raw,dropped) RSSI=-83 (v5)
[D] QCP: log code=0xB197 len=48
[I] ML1 0xB197 ServInfo: EARFCN=525 PCI=1 (v2)
[D] QCP: log code=0xB197 len=48
[I] ML1 0xB197 ServInfo: EARFCN=525 PCI=133 (v2)
[D] QCP: log code=0xB0C1 len=23
[D] LTE 0xB0C1 MIB: ver=2 plen=11
[D] 0xB0C1 [11 bytes]: 02 82 00 0D 02 00 00 5B 00 04 4B 
[D] LTE MIB v2: bandwidth=75 tx_antenna=4 sfn=91 earfcn=525 pci=130
[D] QCP: log code=0xB197 len=48
[I] ML1 0xB197 ServInfo: EARFCN=525 PCI=2 (v2)
[D] QCP: log code=0xB197 len=48
[I] ML1 0xB197 ServInfo: EARFCN=525 PCI=0 (v2)
[D] QCP: log code=0xB197 len=48
[I] ML1 0xB197 ServInfo: EARFCN=6275 PCI=134 (v2)
[D] QCP: log code=0xB0C1 len=23
[D] LTE 0xB0C1 MIB: ver=2 plen=11
[D] 0xB0C1 [11 bytes]: 02 16 01 83 18 00 00 EF 01 02 19 
[D] LTE MIB v2: bandwidth=25 tx_antenna=2 sfn=495 earfcn=6275 pci=278
[D] QCP: log code=0xB0C0 len=51
[D] LTE 0xB0C0 RRC OTA: ver=27 plen=39
[D] 0xB0C0 [39 bytes]: 1B 10 10 10 90 00 16 01 83 18 00 00 05 9F 03 02 00 00 00 12 00 40 49 40 03 45 8E 31 6D F0 88 21 31 10 81 04 4C 24 D6 
[D] v25 item: rrc=16.16 nr_rrc=16.144 rbid=0 pci=278 earfcn=6275 sfn_subfn=40709 pdu_num=3 sib_mask=2 len=18
[I] [SIB1] EARFCN=6275 PCI=278 MCC=250 MNC=1 CID=51830536 TAC=17806 barred=0 csg=0
[D] QCP: log code=0xB17F len=52
[I] ML1 0xB17F PCI 30 → 134 (corrected from 0xB197)
[I] ML1 0xB17F SCell: EARFCN=6275 PCI=134 RSRP=-82 RSRQ=-24(raw,dropped) RSSI=-85 (v5)
[D] QCP: log code=0xB197 len=48
[I] ML1 0xB197 ServInfo: EARFCN=6275 PCI=1 (v2)
[D] QCP: log code=0xB197 len=48
[I] ML1 0xB197 ServInfo: EARFCN=1596 PCI=133 (v2)
[D] QCP: log code=0xB0C1 len=23
[D] LTE 0xB0C1 MIB: ver=2 plen=11
[D] 0xB0C1 [11 bytes]: 02 9D 00 3C 06 00 00 40 01 02 32 
[D] LTE MIB v2: bandwidth=50 tx_antenna=2 sfn=320 earfcn=1596 pci=157
[D] QCP: log code=0xB0C0 len=59
[D] LTE 0xB0C0 RRC OTA: ver=27 plen=47
[D] 0xB0C0 [47 bytes]: 1B 10 10 10 90 00 9D 00 3C 06 00 00 25 94 03 02 00 00 00 1A 00 48 C9 40 05 92 80 46 3D 29 7D 1D F9 30 50 44 20 21 02 08 98 46 C2 46 45 20 00 
[D] v25 item: rrc=16.16 nr_rrc=16.144 rbid=0 pci=157 earfcn=1596 sfn_subfn=37925 pdu_num=3 sib_mask=2 len=26
[I] [SIB1] EARFCN=1596 PCI=157 MCC=250 MNC=2 CID=199815113 TAC=7828 barred=0 csg=0
[I] [SIB1] EARFCN=1596 PCI=157 MCC=250 MNC=11 CID=199815113 TAC=7828 barred=0 csg=0
[D] QCP: log code=0xB17F len=52
[I] ML1 0xB17F PCI 29 → 133 (corrected from 0xB197)
[I] ML1 0xB17F SCell: EARFCN=1596 PCI=133 RSRP=-84 RSRQ=-25(raw,dropped) RSSI=-84 (v5)
[D] QCP: log code=0xB197 len=48
[I] ML1 0xB197 ServInfo: EARFCN=1596 PCI=135 (v2)
[D] QCP: log code=0xB0C1 len=23
[D] LTE 0xB0C1 MIB: ver=2 plen=11
[D] 0xB0C1 [11 bytes]: 02 BF 01 3C 06 00 00 A6 01 02 32 
[D] LTE MIB v2: bandwidth=50 tx_antenna=2 sfn=422 earfcn=1596 pci=447
[D] QCP: log code=0xB0C0 len=59
[D] LTE 0xB0C0 RRC OTA: ver=27 plen=47
[D] 0xB0C0 [47 bytes]: 1B 10 10 10 90 00 BF 01 3C 06 00 00 85 1A 03 02 00 00 00 1A 00 48 C9 40 05 92 80 46 3D 29 80 14 99 70 50 44 20 21 02 08 98 46 C2 46 75 20 00 
[D] v25 item: rrc=16.16 nr_rrc=16.144 rbid=0 pci=447 earfcn=1596 sfn_subfn=6789 pdu_num=3 sib_mask=2 len=26
[I] [SIB1] EARFCN=1596 PCI=447 MCC=250 MNC=2 CID=201368779 TAC=7828 barred=0 csg=0
[I] [SIB1] EARFCN=1596 PCI=447 MCC=250 MNC=11 CID=201368779 TAC=7828 barred=0 csg=0
[D] QCP: log code=0xB17F len=52
[I] ML1 0xB17F PCI 31 → 135 (corrected from 0xB197)
[I] ML1 0xB17F SCell: EARFCN=1596 PCI=135 RSRP=-86 RSRQ=-26(raw,dropped) RSSI=-83 (v5)
[D] QCP: log code=0xB197 len=48
[I] ML1 0xB197 ServInfo: EARFCN=1596 PCI=134 (v2)
[D] QCP: log code=0xB0C1 len=23
[D] LTE 0xB0C1 MIB: ver=2 plen=11
[D] 0xB0C1 [11 bytes]: 02 13 01 3C 06 00 00 55 01 02 32 
[D] LTE MIB v2: bandwidth=50 tx_antenna=2 sfn=341 earfcn=1596 pci=275
[D] QCP: log code=0xB0C0 len=59
[D] LTE 0xB0C0 RRC OTA: ver=27 plen=47
[D] 0xB0C0 [47 bytes]: 1B 10 10 10 90 00 13 01 3C 06 00 00 65 55 03 02 00 00 00 1A 00 48 C9 40 05 92 80 46 3D 29 7D 1D F9 50 50 44 20 21 02 08 98 46 C2 47 F5 20 00 
[D] v25 item: rrc=16.16 nr_rrc=16.144 rbid=0 pci=275 earfcn=1596 sfn_subfn=21861 pdu_num=3 sib_mask=2 len=26
[I] [SIB1] EARFCN=1596 PCI=275 MCC=250 MNC=2 CID=199815114 TAC=7828 barred=0 csg=0
[I] [SIB1] EARFCN=1596 PCI=275 MCC=250 MNC=11 CID=199815114 TAC=7828 barred=0 csg=0
[D] QCP: log code=0xB17F len=52
[I] ML1 0xB17F PCI 30 → 134 (corrected from 0xB197)
[I] ML1 0xB17F SCell: EARFCN=1596 PCI=134 RSRP=-91 RSRQ=-27(raw,dropped) RSSI=-82 (v5)
[D] QCP: log code=0xB197 len=48
[I] ML1 0xB197 ServInfo: EARFCN=1596 PCI=3 (v2)
[D] QCP: log code=0xB197 len=48
[I] ML1 0xB197 ServInfo: EARFCN=2850 PCI=135 (v2)
[D] QCP: log code=0xB0C1 len=23
[D] LTE 0xB0C1 MIB: ver=2 plen=11
[D] 0xB0C1 [11 bytes]: 02 B6 01 22 0B 00 00 D8 02 02 64 
[D] LTE MIB v2: bandwidth=100 tx_antenna=2 sfn=728 earfcn=2850 pci=438
[D] QCP: log code=0xB0C0 len=59
[D] LTE 0xB0C0 RRC OTA: ver=27 plen=47
[D] 0xB0C0 [47 bytes]: 1B 10 10 10 90 00 B6 01 22 0B 00 00 A5 2D 03 02 00 00 00 1A 00 48 C9 40 05 92 80 46 3D 29 7E D0 20 90 50 C4 20 21 02 08 98 46 C2 46 B5 20 00 
[D] v25 item: rrc=16.16 nr_rrc=16.144 rbid=0 pci=438 earfcn=2850 sfn_subfn=11685 pdu_num=3 sib_mask=2 len=26
[I] [SIB1] EARFCN=2850 PCI=438 MCC=250 MNC=2 CID=200704260 TAC=7828 barred=0 csg=0
[I] [SIB1] EARFCN=2850 PCI=438 MCC=250 MNC=11 CID=200704260 TAC=7828 barred=0 csg=0
[D] QCP: log code=0xB17F len=52
[I] ML1 0xB17F PCI 31 → 135 (corrected from 0xB197)
[I] ML1 0xB17F SCell: EARFCN=2850 PCI=135 RSRP=-83 RSRQ=-25(raw,dropped) RSSI=-82 (v5)
[D] QCP: log code=0xB197 len=48
[I] ML1 0xB197 ServInfo: EARFCN=2850 PCI=6 (v2)
[D] QCP: log code=0xB0C1 len=23
[D] LTE 0xB0C1 MIB: ver=2 plen=11
[D] 0xB0C1 [11 bytes]: 02 6F 01 22 0B 00 00 75 01 02 64 
[D] LTE MIB v2: bandwidth=100 tx_antenna=2 sfn=373 earfcn=2850 pci=367
[D] QCP: log code=0xB0C0 len=59
[D] LTE 0xB0C0 RRC OTA: ver=27 plen=47
[D] 0xB0C0 [47 bytes]: 1B 10 10 10 90 00 6F 01 22 0B 00 00 65 17 03 02 00 00 00 1A 00 48 C9 40 05 92 80 46 3D 29 7D 1D F1 D0 50 C4 20 21 02 08 98 46 C2 46 45 20 00 
[D] v25 item: rrc=16.16 nr_rrc=16.144 rbid=0 pci=367 earfcn=2850 sfn_subfn=5989 pdu_num=3 sib_mask=2 len=26
[I] [SIB1] EARFCN=2850 PCI=367 MCC=250 MNC=2 CID=199815054 TAC=7828 barred=0 csg=0
[I] [SIB1] EARFCN=2850 PCI=367 MCC=250 MNC=11 CID=199815054 TAC=7828 barred=0 csg=0
[D] QCP: log code=0xB17F len=52
[I] ML1 0xB17F PCI 30 → 6 (corrected from 0xB197)
[I] ML1 0xB17F SCell: EARFCN=2850 PCI=6 RSRP=-90 RSRQ=-27(raw,dropped) RSSI=-81 (v5)
[D] QCP: log code=0xB197 len=48
[I] ML1 0xB197 ServInfo: EARFCN=2850 PCI=0 (v2)
[D] QCP: log code=0xB197 len=48
[I] ML1 0xB197 ServInfo: EARFCN=2850 PCI=3 (v2)
[D] QCP: log code=0xB197 len=48
[I] ML1 0xB197 ServInfo: EARFCN=3048 PCI=135 (v2)
[D] QCP: log code=0xB0C1 len=23
[D] LTE 0xB0C1 MIB: ver=2 plen=11
[D] 0xB0C1 [11 bytes]: 02 B6 01 E8 0B 00 00 FF 02 02 64 
[D] LTE MIB v2: bandwidth=100 tx_antenna=2 sfn=767 earfcn=3048 pci=438
[D] QCP: log code=0xB0C0 len=59
[D] LTE 0xB0C0 RRC OTA: ver=27 plen=47
[D] 0xB0C0 [47 bytes]: 1B 10 10 10 90 00 B6 01 E8 0B 00 00 05 B0 03 02 00 00 00 1A 00 48 C9 40 05 92 80 46 3D 29 7E D0 20 30 50 C4 20 21 02 08 98 46 C2 47 95 20 00 
[D] v25 item: rrc=16.16 nr_rrc=16.144 rbid=0 pci=438 earfcn=3048 sfn_subfn=45061 pdu_num=3 sib_mask=2 len=26
[I] [SIB1] EARFCN=3048 PCI=438 MCC=250 MNC=2 CID=200704257 TAC=7828 barred=0 csg=0
[I] [SIB1] EARFCN=3048 PCI=438 MCC=250 MNC=11 CID=200704257 TAC=7828 barred=0 csg=0
[D] QCP: log code=0xB17F len=52
[I] ML1 0xB17F PCI 31 → 135 (corrected from 0xB197)
[I] ML1 0xB17F SCell: EARFCN=3048 PCI=135 RSRP=-85 RSRQ=-25(raw,dropped) RSSI=-82 (v5)
[D] QCP: log code=0xB197 len=48
[I] ML1 0xB197 ServInfo: EARFCN=3048 PCI=6 (v2)
[D] QCP: log code=0xB0C1 len=23
[D] LTE 0xB0C1 MIB: ver=2 plen=11
[D] 0xB0C1 [11 bytes]: 02 6F 01 E8 0B 00 00 9C 01 02 64 
[D] LTE MIB v2: bandwidth=100 tx_antenna=2 sfn=412 earfcn=3048 pci=367
[D] QCP: log code=0xB0C0 len=59
[D] LTE 0xB0C0 RRC OTA: ver=27 plen=47
[D] 0xB0C0 [47 bytes]: 1B 10 10 10 90 00 6F 01 E8 0B 00 00 E5 19 03 02 00 00 00 1A 00 48 C9 40 05 92 80 46 3D 29 7D 1D F1 F0 50 C4 20 21 02 08 98 46 C2 46 B5 20 00 
[D] v25 item: rrc=16.16 nr_rrc=16.144 rbid=0 pci=367 earfcn=3048 sfn_subfn=6629 pdu_num=3 sib_mask=2 len=26
[I] [SIB1] EARFCN=3048 PCI=367 MCC=250 MNC=2 CID=199815055 TAC=7828 barred=0 csg=0
[I] [SIB1] EARFCN=3048 PCI=367 MCC=250 MNC=11 CID=199815055 TAC=7828 barred=0 csg=0
[D] QCP: log code=0xB17F len=52
[I] ML1 0xB17F PCI 30 → 6 (corrected from 0xB197)
[I] ML1 0xB17F SCell: EARFCN=3048 PCI=6 RSRP=-87 RSRQ=-24(raw,dropped) RSSI=-85 (v5)
[D] QCP: log code=0xB197 len=48
[I] ML1 0xB197 ServInfo: EARFCN=3048 PCI=7 (v2)
[D] QCP: log code=0xB0C1 len=23
[D] LTE 0xB0C1 MIB: ver=2 plen=11
[D] 0xB0C1 [11 bytes]: 02 8E 01 E8 0B 00 00 A8 01 02 64 
[D] LTE MIB v2: bandwidth=100 tx_antenna=2 sfn=424 earfcn=3048 pci=398
[D] QCP: log code=0xB197 len=48
[I] ML1 0xB197 ServInfo: EARFCN=3048 PCI=0 (v2)
[D] QCP: log code=0xB197 len=48
[I] ML1 0xB197 ServInfo: EARFCN=3400 PCI=135 (v2)
[D] QCP: log code=0xB0C1 len=23
[D] LTE 0xB0C1 MIB: ver=2 plen=11
[D] 0xB0C1 [11 bytes]: 02 D4 01 48 0D 00 00 49 00 02 32 
[D] LTE MIB v2: bandwidth=50 tx_antenna=2 sfn=73 earfcn=3400 pci=468
[D] QCP: log code=0xB0C0 len=55
[D] LTE 0xB0C0 RRC OTA: ver=27 plen=43
[D] 0xB0C0 [43 bytes]: 1B 10 10 10 90 00 D4 01 48 0D 00 00 A5 04 03 02 00 00 00 16 00 48 49 40 41 4D 07 BF 2E 91 78 20 61 80 81 84 4C 23 61 23 3A 8E 00 
[D] v25 item: rrc=16.16 nr_rrc=16.144 rbid=0 pci=468 earfcn=3400 sfn_subfn=1189 pdu_num=3 sib_mask=2 len=22
[I] [SIB1] EARFCN=3400 PCI=468 MCC=250 MNC=20 CID=200468759 TAC=19719 barred=0 csg=0
[D] QCP: log code=0xB17F len=52
[I] ML1 0xB17F PCI 31 → 135 (corrected from 0xB197)
[I] ML1 0xB17F SCell: EARFCN=3400 PCI=135 RSRP=-84 RSRQ=-25(raw,dropped) RSSI=-84 (v5)
[D] QCP: log code=0xB197 len=48
[I] ML1 0xB197 ServInfo: EARFCN=3400 PCI=2 (v2)
[D] QCP: log code=0xB197 len=48
[I] ML1 0xB197 ServInfo: EARFCN=3400 PCI=0 (v2)
[D] QCP: log code=0xB197 len=48
[I] ML1 0xB197 ServInfo: EARFCN=3400 PCI=1 (v2)
[D] QCP: log code=0xB197 len=48
[I] ML1 0xB197 ServInfo: EARFCN=3300 PCI=133 (v2)
[D] QCP: log code=0xB0C1 len=23
[D] LTE 0xB0C1 MIB: ver=2 plen=11
[D] 0xB0C1 [11 bytes]: 02 90 00 E4 0C 00 00 6C 01 04 32 
[D] LTE MIB v2: bandwidth=50 tx_antenna=4 sfn=364 earfcn=3300 pci=144
[D] QCP: log code=0xB0C0 len=55
[D] LTE 0xB0C0 RRC OTA: ver=27 plen=43
[D] 0xB0C0 [43 bytes]: 1B 10 10 10 90 00 90 00 E4 0C 00 00 E5 96 03 02 00 00 00 16 00 48 49 41 33 02 A6 BE BA 60 58 20 61 90 20 81 84 50 24 DF 50 00 00 
[D] v25 item: rrc=16.16 nr_rrc=16.144 rbid=0 pci=144 earfcn=3300 sfn_subfn=38629 pdu_num=3 sib_mask=2 len=22
[I] [SIB1] EARFCN=3300 PCI=144 MCC=250 MNC=99 CID=199992837 TAC=678 barred=0 csg=0
[D] QCP: log code=0xB17F len=52
[I] ML1 0xB17F PCI 29 → 133 (corrected from 0xB197)
[I] ML1 0xB17F SCell: EARFCN=3300 PCI=133 RSRP=-81 RSRQ=-25(raw,dropped) RSSI=-82 (v5)
[D] QCP: log code=0xB197 len=48
[I] ML1 0xB197 ServInfo: EARFCN=3300 PCI=2 (v2)
[D] QCP: log code=0xB197 len=48
[I] ML1 0xB197 ServInfo: EARFCN=3300 PCI=132 (v2)
[D] QCP: log code=0xB0C1 len=23
[D] LTE 0xB0C1 MIB: ver=2 plen=11
[D] 0xB0C1 [11 bytes]: 02 4D 00 E4 0C 00 00 83 01 04 32 
[D] LTE MIB v2: bandwidth=50 tx_antenna=4 sfn=387 earfcn=3300 pci=77
[D] QCP: log code=0xB0C0 len=55
[D] LTE 0xB0C0 RRC OTA: ver=27 plen=43
[D] 0xB0C0 [43 bytes]: 1B 10 10 10 90 00 4D 00 E4 0C 00 00 85 98 03 02 00 00 00 16 00 48 49 41 33 02 A6 BE BA 60 68 20 61 90 20 81 84 50 24 D0 50 00 00 
[D] v25 item: rrc=16.16 nr_rrc=16.144 rbid=0 pci=77 earfcn=3300 sfn_subfn=39045 pdu_num=3 sib_mask=2 len=22
[I] [SIB1] EARFCN=3300 PCI=77 MCC=250 MNC=99 CID=199992838 TAC=678 barred=0 csg=0
[D] QCP: log code=0xB17F len=52
[I] ML1 0xB17F PCI 28 → 132 (corrected from 0xB197)
[I] ML1 0xB17F SCell: EARFCN=3300 PCI=132 RSRP=-103 RSRQ=-27(raw,dropped) RSSI=-89 (v5)
[D] QCP: log code=0xB197 len=48
[I] ML1 0xB197 ServInfo: EARFCN=3300 PCI=134 (v2)
[D] QCP: log code=0xB0C1 len=23
[D] LTE 0xB0C1 MIB: ver=2 plen=11
[D] 0xB0C1 [11 bytes]: 02 4D 01 E4 0C 00 00 32 00 04 32 
[D] LTE MIB v2: bandwidth=50 tx_antenna=4 sfn=50 earfcn=3300 pci=333
[D] QCP: log code=0xB197 len=48
[I] ML1 0xB197 ServInfo: EARFCN=3300 PCI=2 (v2)
[D] QCP: log code=0xB197 len=48
[I] ML1 0xB197 ServInfo: EARFCN=3300 PCI=0 (v2)
[D] QCP: log code=0xB197 len=48
[I] ML1 0xB197 ServInfo: EARFCN=3300 PCI=1 (v2)
[D] QCP: log code=0xB197 len=48
[I] ML1 0xB197 ServInfo: EARFCN=3300 PCI=0 (v2)
[D] QCP: log code=0xB197 len=48
[I] ML1 0xB197 ServInfo: EARFCN=3300 PCI=2 (v2)
[D] QCP: log code=0xB197 len=48
[I] ML1 0xB197 ServInfo: EARFCN=100 PCI=133 (v2)
[D] QCP: log code=0xB0C1 len=23
[D] LTE 0xB0C1 MIB: ver=2 plen=11
[D] 0xB0C1 [11 bytes]: 02 AE 00 64 00 00 00 CB 00 02 32 
[D] LTE MIB v2: bandwidth=50 tx_antenna=2 sfn=203 earfcn=100 pci=174
[D] QCP: log code=0xB0C0 len=55
[D] LTE 0xB0C0 RRC OTA: ver=27 plen=43
[D] 0xB0C0 [43 bytes]: 1B 10 10 10 90 00 AE 00 64 00 00 00 C5 CC 03 02 00 00 00 16 00 48 49 40 41 4D 07 BF 2E 93 58 20 01 80 81 84 4C 23 61 23 3A 8E 00 
[D] v25 item: rrc=16.16 nr_rrc=16.144 rbid=0 pci=174 earfcn=100 sfn_subfn=52421 pdu_num=3 sib_mask=2 len=22
[I] [SIB1] EARFCN=100 PCI=174 MCC=250 MNC=20 CID=200468789 TAC=19719 barred=0 csg=0
[D] QCP: log code=0xB17F len=52
[I] ML1 0xB17F PCI 29 → 133 (corrected from 0xB197)
[I] ML1 0xB17F SCell: EARFCN=100 PCI=133 RSRP=-91 RSRQ=-26(raw,dropped) RSSI=-85 (v5)
[D] QCP: log code=0xB197 len=48
[I] ML1 0xB197 ServInfo: EARFCN=100 PCI=0 (v2)
[D] QCP: log code=0xB197 len=48
[I] ML1 0xB197 ServInfo: EARFCN=38100 PCI=135 (v2)
[D] QCP: log code=0xB0C1 len=23
[D] LTE 0xB0C1 MIB: ver=2 plen=11
[D] 0xB0C1 [11 bytes]: 02 C7 01 D4 94 00 00 39 03 04 64 
[D] LTE MIB v2: bandwidth=100 tx_antenna=4 sfn=825 earfcn=38100 pci=455
[D] QCP: log code=0xB0C0 len=59
[D] LTE 0xB0C0 RRC OTA: ver=27 plen=47
[D] 0xB0C0 [47 bytes]: 1B 10 10 10 90 00 C7 01 D4 94 00 00 A5 B3 03 02 00 00 00 1A 00 58 49 40 03 45 8E 31 6D F1 68 22 51 10 81 04 4C 24 4F 9F 01 42 80 00 00 00 00 
[D] v25 item: rrc=16.16 nr_rrc=16.144 rbid=0 pci=455 earfcn=38100 sfn_subfn=45989 pdu_num=3 sib_mask=2 len=26
[I] [SIB1] EARFCN=38100 PCI=455 MCC=250 MNC=1 CID=51830550 TAC=17806 barred=0 csg=0
[D] QCP: log code=0xB17F len=52
[I] ML1 0xB17F PCI 31 → 135 (corrected from 0xB197)
[I] ML1 0xB17F SCell: EARFCN=38100 PCI=135 RSRP=-96 RSRQ=-26(raw,dropped) RSSI=-86 (v5)
[D] QCP: log code=0xB197 len=48
[I] ML1 0xB197 ServInfo: EARFCN=38100 PCI=135 (v2)
[D] QCP: log code=0xB0C1 len=23
[D] LTE 0xB0C1 MIB: ver=2 plen=11
[D] 0xB0C1 [11 bytes]: 02 87 01 D4 94 00 00 43 03 04 64 
[D] LTE MIB v2: bandwidth=100 tx_antenna=4 sfn=835 earfcn=38100 pci=391
[D] QCP: log code=0xB0C0 len=59
[D] LTE 0xB0C0 RRC OTA: ver=27 plen=47
[D] 0xB0C0 [47 bytes]: 1B 10 10 10 90 00 87 01 D4 94 00 00 45 F4 03 02 00 00 00 1A 00 58 49 40 03 45 8E 31 6D F1 58 22 51 10 81 04 4C 24 4F 99 01 42 80 00 00 00 00 
[D] v25 item: rrc=16.16 nr_rrc=16.144 rbid=0 pci=391 earfcn=38100 sfn_subfn=62533 pdu_num=3 sib_mask=2 len=26
[I] [SIB1] EARFCN=38100 PCI=391 MCC=250 MNC=1 CID=51830549 TAC=17806 barred=0 csg=0
[D] QCP: log code=0xB17F len=52
[I] ML1 0xB17F PCI 31 → 135 (corrected from 0xB197)
[I] ML1 0xB17F SCell: EARFCN=38100 PCI=135 RSRP=-99 RSRQ=-27(raw,dropped) RSSI=-86 (v5)
[D] QCP: log code=0xB197 len=48
[I] ML1 0xB197 ServInfo: EARFCN=38100 PCI=3 (v2)
[D] QCP: log code=0xB197 len=48
[I] ML1 0xB197 ServInfo: EARFCN=38100 PCI=2 (v2)
[D] QCP: log code=0xB197 len=48
[I] ML1 0xB197 ServInfo: EARFCN=39146 PCI=132 (v2)
[D] QCP: log code=0xB0C1 len=23
[D] LTE 0xB0C1 MIB: ver=2 plen=11
[D] 0xB0C1 [11 bytes]: 02 78 00 EA 98 00 00 60 03 04 64 
[D] LTE MIB v2: bandwidth=100 tx_antenna=4 sfn=864 earfcn=39146 pci=120
[D] QCP: log code=0xB0C0 len=55
[D] LTE 0xB0C0 RRC OTA: ver=27 plen=43
[D] 0xB0C0 [43 bytes]: 1B 10 10 10 90 00 78 00 EA 98 00 00 25 B6 03 02 00 00 00 16 00 58 49 40 41 4E 3D BF 7B 02 78 2A 71 80 81 84 4C 23 61 22 76 35 1C 
[D] v25 item: rrc=16.16 nr_rrc=16.144 rbid=0 pci=120 earfcn=39146 sfn_subfn=46629 pdu_num=3 sib_mask=2 len=22
[I] [SIB1] EARFCN=39146 PCI=120 MCC=250 MNC=20 CID=200781863 TAC=20029 barred=0 csg=0
[D] QCP: log code=0xB17F len=52
[I] ML1 0xB17F PCI 28 → 132 (corrected from 0xB197)
[I] ML1 0xB17F SCell: EARFCN=39146 PCI=132 RSRP=-117 RSRQ=-27(raw,dropped) RSSI=-94 (v5)
[D] QCP: log code=0xB197 len=48
[I] ML1 0xB197 ServInfo: EARFCN=39146 PCI=132 (v2)
[D] QCP: log code=0xB0C1 len=23
[D] LTE 0xB0C1 MIB: ver=2 plen=11
[D] 0xB0C1 [11 bytes]: 02 71 00 EA 98 00 00 6B 03 04 64 
[D] LTE MIB v2: bandwidth=100 tx_antenna=4 sfn=875 earfcn=39146 pci=113
[D] QCP: log code=0xB0C0 len=55
[D] LTE 0xB0C0 RRC OTA: ver=27 plen=43
[D] 0xB0C0 [43 bytes]: 1B 10 10 10 90 00 71 00 EA 98 00 00 C5 F6 03 02 00 00 00 16 00 58 49 40 41 4E 3D BF 7B 02 68 2A 71 80 81 84 4C 23 61 22 76 55 1C 
[D] v25 item: rrc=16.16 nr_rrc=16.144 rbid=0 pci=113 earfcn=39146 sfn_subfn=63173 pdu_num=3 sib_mask=2 len=22
[I] [SIB1] EARFCN=39146 PCI=113 MCC=250 MNC=20 CID=200781862 TAC=20029 barred=0 csg=0
[D] QCP: log code=0xB17F len=52
[I] ML1 0xB17F PCI 28 → 132 (corrected from 0xB197)
[I] ML1 0xB17F SCell: EARFCN=39146 PCI=132 RSRP=-119 RSRQ=-27(raw,dropped) RSSI=-94 (v5)
[D] QCP: log code=0xB197 len=48
[I] ML1 0xB197 ServInfo: EARFCN=39146 PCI=3 (v2)
[D] QCP: log code=0xB197 len=48
[I] ML1 0xB197 ServInfo: EARFCN=39146 PCI=0 (v2)
[D] QCP: log code=0xB197 len=48
[I] ML1 0xB197 ServInfo: EARFCN=1275 PCI=133 (v2)
[D] QCP: log code=0xB0C1 len=23
[D] LTE 0xB0C1 MIB: ver=2 plen=11
[D] 0xB0C1 [11 bytes]: 02 AE 00 FB 04 00 00 3C 01 02 4B 
[D] LTE MIB v2: bandwidth=75 tx_antenna=2 sfn=316 earfcn=1275 pci=174
[D] QCP: log code=0xB0C0 len=55
[D] LTE 0xB0C0 RRC OTA: ver=27 plen=43
[D] 0xB0C0 [43 bytes]: 1B 10 10 10 90 00 AE 00 FB 04 00 00 E5 D3 03 02 00 00 00 16 00 48 49 40 41 4D 07 BF 2E 90 D8 1C 21 80 81 84 4C 23 61 23 12 8E 00 
[D] v25 item: rrc=16.16 nr_rrc=16.144 rbid=0 pci=174 earfcn=1275 sfn_subfn=54245 pdu_num=3 sib_mask=2 len=22
[I] [SIB1] EARFCN=1275 PCI=174 MCC=250 MNC=20 CID=200468749 TAC=19719 barred=0 csg=0
[D] QCP: log code=0xB17F len=52
[I] ML1 0xB17F PCI 29 → 133 (corrected from 0xB197)
[I] ML1 0xB17F SCell: EARFCN=1275 PCI=133 RSRP=-79 RSRQ=-25(raw,dropped) RSSI=-80 (v5)
[D] QCP: log code=0xB197 len=48
[I] ML1 0xB197 ServInfo: EARFCN=1275 PCI=0 (v2)
[D] QCP: log code=0xB197 len=48
[I] ML1 0xB197 ServInfo: EARFCN=6200 PCI=132 (v2)
[D] QCP: log code=0xB0C1 len=23
[D] LTE 0xB0C1 MIB: ver=2 plen=11
[D] 0xB0C1 [11 bytes]: 02 03 00 38 18 00 00 53 01 02 32 
[D] LTE MIB v2: bandwidth=50 tx_antenna=2 sfn=339 earfcn=6200 pci=3
[D] QCP: log code=0xB0C0 len=55
[D] LTE 0xB0C0 RRC OTA: ver=27 plen=43
[D] 0xB0C0 [43 bytes]: 1B 10 10 10 90 00 03 00 38 18 00 00 45 55 03 02 00 00 00 16 00 48 49 40 41 4D 07 BF 2E 95 38 25 31 80 81 84 4C 23 61 23 4A 8E 00 
[D] v25 item: rrc=16.16 nr_rrc=16.144 rbid=0 pci=3 earfcn=6200 sfn_subfn=21829 pdu_num=3 sib_mask=2 len=22
[I] [SIB1] EARFCN=6200 PCI=3 MCC=250 MNC=20 CID=200468819 TAC=19719 barred=0 csg=0
[D] QCP: log code=0xB17F len=52
[I] ML1 0xB17F PCI 28 → 132 (corrected from 0xB197)
[I] ML1 0xB17F SCell: EARFCN=6200 PCI=132 RSRP=-84 RSRQ=-25(raw,dropped) RSSI=-84 (v5)
[D] QCP: log code=0xB197 len=48
[I] ML1 0xB197 ServInfo: EARFCN=6200 PCI=134 (v2)
[D] QCP: log code=0xB0C1 len=23
[D] LTE 0xB0C1 MIB: ver=2 plen=11
[D] 0xB0C1 [11 bytes]: 02 4B 01 38 18 00 00 B4 03 02 32 
[D] LTE MIB v2: bandwidth=50 tx_antenna=2 sfn=948 earfcn=6200 pci=331
[D] QCP: log code=0xB0C0 len=55
[D] LTE 0xB0C0 RRC OTA: ver=27 plen=43
[D] 0xB0C0 [43 bytes]: 1B 10 10 10 90 00 4B 01 38 18 00 00 E5 3C 03 02 00 00 00 16 00 48 49 40 41 4E 3D BE BF 85 38 25 31 80 81 84 4C 23 61 23 4A 8E 00 
[D] v25 item: rrc=16.16 nr_rrc=16.144 rbid=0 pci=331 earfcn=6200 sfn_subfn=15589 pdu_num=3 sib_mask=2 len=22
[I] [SIB1] EARFCN=6200 PCI=331 MCC=250 MNC=20 CID=200013907 TAC=20029 barred=0 csg=0
[D] QCP: log code=0xB17F len=52
[I] ML1 0xB17F PCI 30 → 134 (corrected from 0xB197)
[I] ML1 0xB17F SCell: EARFCN=6200 PCI=134 RSRP=-98 RSRQ=-26(raw,dropped) RSSI=-89 (v5)
[D] QCP: log code=0xB197 len=48
[I] ML1 0xB197 ServInfo: EARFCN=6200 PCI=0 (v2)
[D] QCP: log code=0xB197 len=48
[I] ML1 0xB197 ServInfo: EARFCN=6200 PCI=2 (v2)
[D] QCP: log code=0xB197 len=48
[I] ML1 0xB197 ServInfo: EARFCN=6200 PCI=3 (v2)
[D] QCP: log code=0xB197 len=48
[I] ML1 0xB197 ServInfo: EARFCN=200 PCI=5 (v2)
[D] QCP: log code=0xB0C1 len=23
[D] LTE 0xB0C1 MIB: ver=2 plen=11
[D] 0xB0C1 [11 bytes]: 02 E0 00 C8 00 00 00 2C 03 01 32 
[D] LTE MIB v2: bandwidth=50 tx_antenna=1 sfn=812 earfcn=200 pci=224
[D] QCP: log code=0xB0C0 len=59
[D] LTE 0xB0C0 RRC OTA: ver=27 plen=47
[D] 0xB0C0 [47 bytes]: 1B 10 10 10 90 00 E0 00 C8 00 00 00 E5 32 03 02 00 00 00 1A 00 48 C9 40 05 92 80 46 3D 29 7D 1D EC D0 50 04 20 21 02 08 98 46 C2 47 F5 20 00 
[D] v25 item: rrc=16.16 nr_rrc=16.144 rbid=0 pci=224 earfcn=200 sfn_subfn=13029 pdu_num=3 sib_mask=2 len=26
[I] [SIB1] EARFCN=200 PCI=224 MCC=250 MNC=2 CID=199815014 TAC=7828 barred=0 csg=0
[I] [SIB1] EARFCN=200 PCI=224 MCC=250 MNC=11 CID=199815014 TAC=7828 barred=0 csg=0
[D] QCP: log code=0xB17F len=52
[I] ML1 0xB17F PCI 29 → 5 (corrected from 0xB197)
[I] ML1 0xB17F SCell: EARFCN=200 PCI=5 RSRP=-95 RSRQ=-25(raw,dropped) RSSI=-90 (v5)
[D] QCP: log code=0xB197 len=48
[I] ML1 0xB197 ServInfo: EARFCN=200 PCI=7 (v2)
[D] QCP: log code=0xB0C1 len=23
[D] LTE 0xB0C1 MIB: ver=2 plen=11
[D] 0xB0C1 [11 bytes]: 02 D2 01 C8 00 00 00 37 03 01 32 
[D] LTE MIB v2: bandwidth=50 tx_antenna=1 sfn=823 earfcn=200 pci=466
[D] QCP: log code=0xB0C0 len=59
[D] LTE 0xB0C0 RRC OTA: ver=27 plen=47
[D] 0xB0C0 [47 bytes]: 1B 10 10 10 90 00 D2 01 C8 00 00 00 85 73 03 02 00 00 00 1A 00 48 C9 40 05 92 80 46 3D 29 7D 1D EC B0 50 04 20 21 02 08 98 46 C2 47 F5 20 00 
[D] v25 item: rrc=16.16 nr_rrc=16.144 rbid=0 pci=466 earfcn=200 sfn_subfn=29573 pdu_num=3 sib_mask=2 len=26
[I] [SIB1] EARFCN=200 PCI=466 MCC=250 MNC=2 CID=199815013 TAC=7828 barred=0 csg=0
[I] [SIB1] EARFCN=200 PCI=466 MCC=250 MNC=11 CID=199815013 TAC=7828 barred=0 csg=0
[D] QCP: log code=0xB17F len=52
[I] ML1 0xB17F PCI 31 → 7 (corrected from 0xB197)
[I] ML1 0xB17F SCell: EARFCN=200 PCI=7 RSRP=-95 RSRQ=-24(raw,dropped) RSSI=-91 (v5)
[D] QCP: log code=0xB197 len=48
[I] ML1 0xB197 ServInfo: EARFCN=200 PCI=5 (v2)
[D] QCP: log code=0xB0C1 len=23
[D] LTE 0xB0C1 MIB: ver=2 plen=11
[D] 0xB0C1 [11 bytes]: 02 B8 00 C8 00 00 00 9D 03 01 32 
[D] LTE MIB v2: bandwidth=50 tx_antenna=1 sfn=925 earfcn=200 pci=184
[D] QCP: log code=0xB197 len=48
[I] ML1 0xB197 ServInfo: EARFCN=200 PCI=1 (v2)
[D] QCP: log code=0xB197 len=48
[I] ML1 0xB197 ServInfo: EARFCN=200 PCI=1 (v2)
[D] QCP: log code=0xB197 len=48
[I] ML1 0xB197 ServInfo: EARFCN=200 PCI=2 (v2)
[D] QCP: log code=0xB197 len=48
[I] ML1 0xB197 ServInfo: EARFCN=6413 PCI=133 (v2)
[D] QCP: log code=0xB0C1 len=23
[D] LTE 0xB0C1 MIB: ver=2 plen=11
[D] 0xB0C1 [11 bytes]: 02 DE 00 0D 19 00 00 26 03 02 19 
[D] LTE MIB v2: bandwidth=25 tx_antenna=2 sfn=806 earfcn=6413 pci=222
[D] QCP: log code=0xB0C0 len=55
[D] LTE 0xB0C0 RRC OTA: ver=27 plen=43
[D] 0xB0C0 [43 bytes]: 1B 10 10 10 90 00 DE 00 0D 19 00 00 A5 72 03 02 00 00 00 16 00 48 49 41 33 02 A6 BE BE 51 58 21 31 90 20 81 84 50 24 D0 50 00 00 
[D] v25 item: rrc=16.16 nr_rrc=16.144 rbid=0 pci=222 earfcn=6413 sfn_subfn=29349 pdu_num=3 sib_mask=2 len=22
[I] [SIB1] EARFCN=6413 PCI=222 MCC=250 MNC=99 CID=200008981 TAC=678 barred=0 csg=0
[D] QCP: log code=0xB17F len=52
[I] ML1 0xB17F PCI 29 → 133 (corrected from 0xB197)
[I] ML1 0xB17F SCell: EARFCN=6413 PCI=133 RSRP=-121 RSRQ=-27(raw,dropped) RSSI=-100 (v5)
[D] QCP: log code=0xB197 len=48
[I] ML1 0xB197 ServInfo: EARFCN=6413 PCI=134 (v2)
[D] QCP: log code=0xB0C1 len=23
[D] LTE 0xB0C1 MIB: ver=2 plen=11
[D] 0xB0C1 [11 bytes]: 02 59 01 0D 19 00 00 E7 00 02 19 
[D] LTE MIB v2: bandwidth=25 tx_antenna=2 sfn=231 earfcn=6413 pci=345
[D] QCP: log code=0xB197 len=48
[I] ML1 0xB197 ServInfo: EARFCN=6413 PCI=135 (v2)
[D] QCP: log code=0xB0C1 len=23
[D] LTE 0xB0C1 MIB: ver=2 plen=11
[D] 0xB0C1 [11 bytes]: 02 87 01 0D 19 00 00 73 01 02 19 
[D] LTE MIB v2: bandwidth=25 tx_antenna=2 sfn=371 earfcn=6413 pci=391
[D] QCP: log code=0xB197 len=48
[I] ML1 0xB197 ServInfo: EARFCN=6413 PCI=132 (v2)
[D] QCP: log code=0xB0C1 len=23
[D] LTE 0xB0C1 MIB: ver=2 plen=11
[D] 0xB0C1 [11 bytes]: 02 19 00 0D 19 00 00 96 01 02 19 
[D] LTE MIB v2: bandwidth=25 tx_antenna=2 sfn=406 earfcn=6413 pci=25
[D] QCP: log code=0xB197 len=48
[I] ML1 0xB197 ServInfo: EARFCN=6413 PCI=0 (v2)
[D] QCP: log code=0xB197 len=48
[I] ML1 0xB197 ServInfo: EARFCN=6413 PCI=3 (v2)
[D] QCP: log code=0xB197 len=48
[I] ML1 0xB197 ServInfo: EARFCN=40740 PCI=135 (v2)
[D] QCP: log code=0xB0C1 len=23
[D] LTE 0xB0C1 MIB: ver=2 plen=11
[D] 0xB0C1 [11 bytes]: 02 C7 01 24 9F 00 00 D5 00 04 64 
[D] LTE MIB v2: bandwidth=100 tx_antenna=4 sfn=213 earfcn=40740 pci=455
[D] QCP: log code=0xB0C0 len=59
[D] LTE 0xB0C0 RRC OTA: ver=27 plen=47
[D] 0xB0C0 [47 bytes]: 1B 10 10 10 90 00 C7 01 24 9F 00 00 65 8D 03 02 00 00 00 1A 00 58 49 40 03 45 8E 31 6D F1 68 22 51 10 81 04 4C 24 4F 9F 01 42 80 00 00 00 00 
[D] v25 item: rrc=16.16 nr_rrc=16.144 rbid=0 pci=455 earfcn=40740 sfn_subfn=36197 pdu_num=3 sib_mask=2 len=26
[I] [SIB1] EARFCN=40740 PCI=455 MCC=250 MNC=1 CID=51830550 TAC=17806 barred=0 csg=0
[D] QCP: log code=0xB17F len=52
[I] ML1 0xB17F PCI 31 → 135 (corrected from 0xB197)
[I] ML1 0xB17F SCell: EARFCN=40740 PCI=135 RSRP=-93 RSRQ=-26(raw,dropped) RSSI=-84 (v5)
[D] QCP: log code=0xB197 len=48
[I] ML1 0xB197 ServInfo: EARFCN=40740 PCI=135 (v2)
[D] QCP: log code=0xB0C1 len=23
[D] LTE 0xB0C1 MIB: ver=2 plen=11
[D] 0xB0C1 [11 bytes]: 02 87 01 24 9F 00 00 DF 00 04 64 
[D] LTE MIB v2: bandwidth=100 tx_antenna=4 sfn=223 earfcn=40740 pci=391
[D] QCP: log code=0xB0C0 len=59
[D] LTE 0xB0C0 RRC OTA: ver=27 plen=47
[D] 0xB0C0 [47 bytes]: 1B 10 10 10 90 00 87 01 24 9F 00 00 05 CE 03 02 00 00 00 1A 00 58 49 40 03 45 8E 31 6D F1 58 22 51 10 81 04 4C 24 4F 99 01 42 80 00 00 00 00 
[D] v25 item: rrc=16.16 nr_rrc=16.144 rbid=0 pci=391 earfcn=40740 sfn_subfn=52741 pdu_num=3 sib_mask=2 len=26
[I] [SIB1] EARFCN=40740 PCI=391 MCC=250 MNC=1 CID=51830549 TAC=17806 barred=0 csg=0
[D] QCP: log code=0xB17F len=52
[I] ML1 0xB17F PCI 31 → 135 (corrected from 0xB197)
[I] ML1 0xB17F SCell: EARFCN=40740 PCI=135 RSRP=-100 RSRQ=-29(raw,dropped) RSSI=-81 (v5)
[D] QCP: log code=0xB197 len=48
[I] ML1 0xB197 ServInfo: EARFCN=40740 PCI=2 (v2)
[D] QCP: log code=0xB197 len=48
[I] ML1 0xB197 ServInfo: EARFCN=41437 PCI=0 (v2)
[D] QCP: log code=0xB197 len=48
[I] ML1 0xB197 ServInfo: EARFCN=40740 PCI=135 (v2)
[D] QCP: log code=0xB0C1 len=23
[D] LTE 0xB0C1 MIB: ver=2 plen=11
[D] 0xB0C1 [11 bytes]: 02 C7 01 24 9F 00 00 7E 03 04 64 
[D] LTE MIB v2: bandwidth=100 tx_antenna=4 sfn=894 earfcn=40740 pci=455
[D] QCP: log code=0xB0C0 len=59
[D] LTE 0xB0C0 RRC OTA: ver=27 plen=47
[D] 0xB0C0 [47 bytes]: 1B 10 10 10 90 00 C7 01 24 9F 00 00 05 B8 03 02 00 00 00 1A 00 58 49 40 03 45 8E 31 6D F1 68 22 51 10 81 04 4C 24 4F 9F 01 42 80 00 00 00 00 
[D] v25 item: rrc=16.16 nr_rrc=16.144 rbid=0 pci=455 earfcn=40740 sfn_subfn=47109 pdu_num=3 sib_mask=2 len=26
[I] [SIB1] EARFCN=40740 PCI=455 MCC=250 MNC=1 CID=51830550 TAC=17806 barred=0 csg=0
[D] QCP: log code=0xB17F len=52
[I] ML1 0xB17F PCI 31 → 135 (corrected from 0xB197)
[I] ML1 0xB17F SCell: EARFCN=40740 PCI=135 RSRP=-91 RSRQ=-26(raw,dropped) RSSI=-83 (v5)
[D] QCP: log code=0xB197 len=48
[I] ML1 0xB197 ServInfo: EARFCN=40740 PCI=135 (v2)
[D] QCP: log code=0xB0C1 len=23
[D] LTE 0xB0C1 MIB: ver=2 plen=11
[D] 0xB0C1 [11 bytes]: 02 87 01 24 9F 00 00 89 03 04 64 
[D] LTE MIB v2: bandwidth=100 tx_antenna=4 sfn=905 earfcn=40740 pci=391
[D] QCP: log code=0xB0C0 len=59
[D] LTE 0xB0C0 RRC OTA: ver=27 plen=47
[D] 0xB0C0 [47 bytes]: 1B 10 10 10 90 00 87 01 24 9F 00 00 A5 F8 03 02 00 00 00 1A 00 58 49 40 03 45 8E 31 6D F1 58 22 51 10 81 04 4C 24 4F 9B 01 42 80 00 00 00 00 
[D] v25 item: rrc=16.16 nr_rrc=16.144 rbid=0 pci=391 earfcn=40740 sfn_subfn=63653 pdu_num=3 sib_mask=2 len=26
[I] [SIB1] EARFCN=40740 PCI=391 MCC=250 MNC=1 CID=51830549 TAC=17806 barred=0 csg=0
[D] QCP: log code=0xB17F len=52
[I] ML1 0xB17F PCI 31 → 135 (corrected from 0xB197)
[I] ML1 0xB17F SCell: EARFCN=40740 PCI=135 RSRP=-109 RSRQ=-27(raw,dropped) RSSI=-89 (v5)
[D] QCP: log code=0xB197 len=48
[I] ML1 0xB197 ServInfo: EARFCN=40740 PCI=3 (v2)
[D] QCP: log code=0xB197 len=48
[I] ML1 0xB197 ServInfo: EARFCN=40740 PCI=3 (v2)
[D] QCP: log code=0xB197 len=48
[I] ML1 0xB197 ServInfo: EARFCN=40740 PCI=2 (v2)
[D] QCP: log code=0xB197 len=48
[I] ML1 0xB197 ServInfo: EARFCN=1275 PCI=133 (v2)
[D] QCP: log code=0xB0C1 len=23
[D] LTE 0xB0C1 MIB: ver=2 plen=11
[D] 0xB0C1 [11 bytes]: 02 AE 00 FB 04 00 00 77 01 02 4B 
[D] LTE MIB v2: bandwidth=75 tx_antenna=2 sfn=375 earfcn=1275 pci=174
[D] QCP: log code=0xB0C0 len=55
[D] LTE 0xB0C0 RRC OTA: ver=27 plen=43
[D] 0xB0C0 [43 bytes]: 1B 10 10 10 90 00 AE 00 FB 04 00 00 85 D7 03 02 00 00 00 16 00 48 49 40 41 4D 07 BF 2E 90 D8 1C 21 80 81 84 4C 23 61 23 12 8E 00 
[D] v25 item: rrc=16.16 nr_rrc=16.144 rbid=0 pci=174 earfcn=1275 sfn_subfn=55173 pdu_num=3 sib_mask=2 len=22
[I] [SIB1] EARFCN=1275 PCI=174 MCC=250 MNC=20 CID=200468749 TAC=19719 barred=0 csg=0
[D] QCP: log code=0xB197 len=48
[I] ML1 0xB197 ServInfo: EARFCN=1275 PCI=0 (v2)
[D] QCP: log code=0xB197 len=48
[I] ML1 0xB197 ServInfo: EARFCN=3300 PCI=133 (v2)
[D] QCP: log code=0xB0C1 len=23
[D] LTE 0xB0C1 MIB: ver=2 plen=11
[D] 0xB0C1 [11 bytes]: 02 90 00 E4 0C 00 00 8B 02 04 32 
[D] LTE MIB v2: bandwidth=50 tx_antenna=4 sfn=651 earfcn=3300 pci=144
[D] QCP: log code=0xB0C0 len=55
[D] LTE 0xB0C0 RRC OTA: ver=27 plen=43
[D] 0xB0C0 [43 bytes]: 1B 10 10 10 90 00 90 00 E4 0C 00 00 C5 68 03 02 00 00 00 16 00 48 49 41 33 02 A6 BE BA 60 58 20 61 90 20 81 84 50 24 DF 50 00 00 
[D] v25 item: rrc=16.16 nr_rrc=16.144 rbid=0 pci=144 earfcn=3300 sfn_subfn=26821 pdu_num=3 sib_mask=2 len=22
[I] [SIB1] EARFCN=3300 PCI=144 MCC=250 MNC=99 CID=199992837 TAC=678 barred=0 csg=0
[D] QCP: log code=0xB197 len=48
[I] ML1 0xB197 ServInfo: EARFCN=3300 PCI=0 (v2)
[D] QCP: log code=0xB197 len=48
[I] ML1 0xB197 ServInfo: EARFCN=3300 PCI=2 (v2)
[D] QCP: log code=0xB197 len=48
[I] ML1 0xB197 ServInfo: EARFCN=3300 PCI=2 (v2)
[D] QCP: log code=0xB197 len=48
[I] ML1 0xB197 ServInfo: EARFCN=3300 PCI=3 (v2)
[D] QCP: log code=0xB197 len=48
[I] ML1 0xB197 ServInfo: EARFCN=3400 PCI=135 (v2)
[D] QCP: log code=0xB0C1 len=23
[D] LTE 0xB0C1 MIB: ver=2 plen=11
[D] 0xB0C1 [11 bytes]: 02 D4 01 48 0D 00 00 B7 01 02 32 
[D] LTE MIB v2: bandwidth=50 tx_antenna=2 sfn=439 earfcn=3400 pci=468
[D] QCP: log code=0x7130 len=15
[W] UMTS NAS OTA: payload too short (3)
[D] QCP: log code=0x7130 len=15
[W] UMTS NAS OTA: payload too short (3)
[D] QCP: log code=0x7130 len=15
[W] UMTS NAS OTA: payload too short (3)
[D] QCP: log code=0x7130 len=15
[W] UMTS NAS OTA: payload too short (3)
[D] QCP: log code=0x7131 len=15
[D] UMTS MM state=0 substate=0 update_status=0
[D] QCP: log code=0x7131 len=15
[D] UMTS MM state=0 substate=1 update_status=1
[D] QCP: log code=0x7131 len=15
[D] UMTS MM state=0 substate=1 update_status=1
[D] QCP: log code=0x7131 len=15
[D] UMTS MM state=0 substate=0 update_status=0
[D] QCP: log code=0x7131 len=15
[D] UMTS MM state=0 substate=0 update_status=0
[D] QCP: log code=0x7130 len=15
[W] UMTS NAS OTA: payload too short (3)
[D] QCP: log code=0x7130 len=15
[W] UMTS NAS OTA: payload too short (3)
[D] QCP: log code=0x7131 len=15
[D] UMTS MM state=0 substate=0 update_status=1
[D] QCP: log code=0x7131 len=15
[D] UMTS MM state=0 substate=1 update_status=1
[D] QCP: log code=0x7130 len=15
[W] UMTS NAS OTA: payload too short (3)
[D] QCP: log code=0x7131 len=15
[D] UMTS MM state=0 substate=1 update_status=0
[D] QCP: log code=0x7131 len=15
[D] UMTS MM state=0 substate=1 update_status=0
[D] QCP: log code=0x7131 len=15
[D] UMTS MM state=18 substate=1 update_status=0
[D] QCP: log code=0x7131 len=15
[D] UMTS MM state=19 substate=1 update_status=0
[D] QCP: log code=0x7131 len=15
[D] UMTS MM state=19 substate=6 update_status=0
[D] QCP: log code=0x7130 len=15
[W] UMTS NAS OTA: payload too short (3)
[D] QCP: log code=0x7130 len=15
[W] UMTS NAS OTA: payload too short (3)
[D] QCP: log code=0x7130 len=15
[W] UMTS NAS OTA: payload too short (3)
[D] QCP: log code=0x7130 len=15
[W] UMTS NAS OTA: payload too short (3)
[D] QCP: log code=0xB197 len=48
[I] ML1 0xB197 ServInfo: EARFCN=375 PCI=133 (v2)
[D] QCP: log code=0xB0C1 len=23
[D] LTE 0xB0C1 MIB: ver=2 plen=11
[D] 0xB0C1 [11 bytes]: 02 9C 00 77 01 00 00 A6 02 04 4B 
[D] LTE MIB v2: bandwidth=75 tx_antenna=4 sfn=678 earfcn=375 pci=156
[D] QCP: log code=0xB0C0 len=51
[D] LTE 0xB0C0 RRC OTA: ver=27 plen=39
[D] 0xB0C0 [39 bytes]: 1B 10 10 10 90 00 9C 00 77 01 00 00 85 EA 03 02 00 00 00 12 00 40 49 40 03 45 8E 31 6D F1 98 20 01 10 81 04 4C 24 D5 
[D] v25 item: rrc=16.16 nr_rrc=16.144 rbid=0 pci=156 earfcn=375 sfn_subfn=60037 pdu_num=3 sib_mask=2 len=18
[I] [SIB1] EARFCN=375 PCI=156 MCC=250 MNC=1 CID=51830553 TAC=17806 barred=0 csg=0
[D] QCP: log code=0xB17F len=52
[I] ML1 0xB17F PCI 29 → 133 (corrected from 0xB197)
[I] ML1 0xB17F SCell: EARFCN=375 PCI=133 RSRP=-79 RSRQ=-25(raw,dropped) RSSI=-81 (v5)
[D] QCP: log code=0xB0C0 len=82
[D] LTE 0xB0C0 RRC OTA: ver=27 plen=70
[D] 0xB0C0 [70 bytes]: 1B 10 10 10 90 00 9C 00 77 01 00 00 00 6B 03 0C 00 00 00 31 00 00 82 5D 31 18 6F F9 23 B4 36 07 96 60 10 00 0E 04 14 C6 77 18 B5 50 2A 03 48 03 00 92 E4 18 0C 24 20 01 80 0C D2 8A B9 1F 64 F0 ...(+6)
[D] v25 item: rrc=16.16 nr_rrc=16.144 rbid=0 pci=156 earfcn=375 sfn_subfn=27392 pdu_num=3 sib_mask=12 len=49
[D] [B0C0/SIB1] decode failed (plen=49, earfcn=375, pci=156): ASN.1 decode failed
[D] QCP: log code=0xB0C2 len=41
[I] [B0C2] count=3 (ver=3 plen=29)
[D] LTE 0xB0C2 ver=3 plen=29
[D] 0xB0C2 [29 bytes]: 03 9C 00 77 01 00 00 C7 47 00 00 4B 4B 19 DF 16 03 8E 45 01 00 00 00 FA 00 02 01 00 00 
[B0C2-v3] decoded pci=156 dl_earfcn=375 ul_earfcn=18375 cell_id=0x316DF19 tac=0x458E band=1 mcc=250 mnc=1  [OK]
[I] LTE RRC SCell v3: EARFCN=375/18375 Band=1 BW=75/75 PCI=156 CID=0x316DF19 TAC=0x458E MCC=250 MNC=01
[D] QCP: log code=0x7130 len=15
[W] UMTS NAS OTA: payload too short (3)
[D] QCP: log code=0x7130 len=15
[W] UMTS NAS OTA: payload too short (3)
[D] QCP: log code=0xB0ED len=126
[D] LTE NAS EMM: nas_len=106
[D] NAS_PDU [106 bytes]: F6 52 F0 10 81 36 D0 D9 1D 70 A9 07 F0 70 00 00 18 00 80 00 37 02 02 D0 31 D1 27 30 80 80 21 10 01 00 00 10 81 06 00 00 00 00 83 06 00 00 00 00 ...(+58)
[D] QCP: log code=0xB0C0 len=39
[D] LTE 0xB0C0 RRC OTA: ver=27 plen=27
[D] 0xB0C0 [27 bytes]: 1B 10 10 10 90 00 9C 00 77 01 00 00 00 00 0A 00 00 00 00 06 00 53 EA 1C FF 72 E6 
[D] v25 item: rrc=16.16 nr_rrc=16.144 rbid=0 pci=156 earfcn=375 sfn_subfn=0 pdu_num=10 sib_mask=0 len=6
[D] QCP: log code=0xB0C0 len=73
[D] LTE 0xB0C0 RRC OTA: ver=27 plen=61
[D] 0xB0C0 [61 bytes]: 1B 10 10 10 90 00 9C 00 77 01 00 00 86 2B 08 00 00 00 00 28 00 68 12 98 08 FD CE 01 83 B0 BA 08 6B 83 FF 84 AE 61 85 31 C3 83 C0 F8 50 B0 3A 53 0B 7F FF FF FF FF FF FF FF E8 24 0B 80 
[D] v25 item: rrc=16.16 nr_rrc=16.144 rbid=0 pci=156 earfcn=375 sfn_subfn=11142 pdu_num=8 sib_mask=0 len=40
[D] QCP: log code=0xB0C0 len=157
[D] LTE 0xB0C0 RRC OTA: ver=27 plen=145
[D] 0xB0C0 [145 bytes]: 1B 10 10 10 90 01 9C 00 77 01 00 00 00 00 0B 00 00 00 00 7C 00 22 30 81 36 D0 74 17 D1 D1 D5 3A 03 07 41 62 0B F6 52 F0 10 81 36 D0 D9 1D 70 A9 07 F0 70 00 00 18 00 80 00 37 02 02 D0 31 D1 27 ...(+81)
[D] v25 item: rrc=16.16 nr_rrc=16.144 rbid=1 pci=156 earfcn=375 sfn_subfn=0 pdu_num=11 sib_mask=0 len=124
[D] QCP: log code=0xB193 len=176
[D] QCP: log code=0xB193 len=176
[D] QCP: log code=0xB193 len=176
[D] QCP: log code=0xB0C0 len=74
[D] LTE 0xB0C0 RRC OTA: ver=27 plen=62
[D] 0xB0C0 [62 bytes]: 1B 10 10 10 90 00 9C 00 77 01 00 00 40 6C 03 20 00 00 00 29 00 00 0F 04 03 5C 90 4A 56 A8 80 C8 02 09 4A D5 11 29 A8 41 52 AA A2 03 8D 88 25 32 34 40 C4 19 04 A6 46 80 82 01 D0 8A 00 00 
[D] v25 item: rrc=16.16 nr_rrc=16.144 rbid=0 pci=156 earfcn=375 sfn_subfn=27712 pdu_num=3 sib_mask=32 len=41
[D] QCP: log code=0xB193 len=176
[D] QCP: log code=0xB193 len=176
[D] QCP: log code=0xB193 len=176
[D] QCP: log code=0xB193 len=176
[D] QCP: log code=0xB193 len=176
[D] QCP: log code=0xB0C0 len=45
[D] LTE 0xB0C0 RRC OTA: ver=27 plen=33
[D] 0xB0C0 [33 bytes]: 1B 10 10 10 90 01 9C 00 77 01 00 00 99 2C 09 00 00 00 00 0C 00 0A 00 49 39 94 48 10 18 20 10 16 C8 
[D] v25 item: rrc=16.16 nr_rrc=16.144 rbid=1 pci=156 earfcn=375 sfn_subfn=11417 pdu_num=9 sib_mask=0 len=12
[D] QCP: log code=0xB0EA len=25
[D] LTE NAS EMM: nas_len=5
[D] NAS_PDU [5 bytes]: 03 04 02 02 D9 
[D] QCP: log code=0xB0C0 len=63
[D] LTE 0xB0C0 RRC OTA: ver=27 plen=51
[D] 0xB0C0 [51 bytes]: 1B 10 10 10 90 01 9C 00 77 01 00 00 00 00 0B 00 00 00 00 1E 00 48 03 64 E0 E8 DE B8 00 80 40 5B 45 02 01 0D 2D CE 8C AE 4D CC AE 80 6D AE 8E 60 4E 4E A0 
[D] v25 item: rrc=16.16 nr_rrc=16.144 rbid=1 pci=156 earfcn=375 sfn_subfn=0 pdu_num=11 sib_mask=0 len=30
[D] QCP: log code=0xB193 len=176
[D] QCP: log code=0xB193 len=176
[D] QCP: log code=0xB193 len=176
[D] QCP: log code=0xB0C0 len=72
[D] LTE 0xB0C0 RRC OTA: ver=27 plen=60
[D] 0xB0C0 [60 bytes]: 1B 10 10 10 90 01 9C 00 77 01 00 00 C6 2C 09 00 00 00 00 27 00 0A 01 21 3E C7 99 5C 60 28 3B 0A 18 40 3A 6F 50 A1 25 6A 70 0A 28 40 3A 6F 50 A1 25 6A 70 0A 3B 13 80 08 8B 90 A9 08 
[D] v25 item: rrc=16.16 nr_rrc=16.144 rbid=1 pci=156 earfcn=375 sfn_subfn=11462 pdu_num=9 sib_mask=0 len=39
[D] QCP: log code=0xB0EA len=52
[D] LTE NAS EMM: nas_len=32
[D] NAS_PDU [32 bytes]: 8C 05 07 61 43 08 07 4D EA 14 24 AD 4E 01 45 08 07 4D EA 14 24 AD 4E 01 47 62 70 01 11 72 15 21 
[D] QCP: log code=0xB0EC len=46
[D] LTE NAS EMM: nas_len=26
[D] NAS_PDU [26 bytes]: 07 4D EA 14 24 AD 4E 01 45 08 07 4D EA 14 24 AD 4E 01 47 62 70 01 11 72 15 21 
[D] NAS EMM: PD=0x7 sec=0 msg_type=0x4D body_len=24
[D] QCP: log code=0xB193 len=176
[D] QCP: log code=0xB193 len=176
[D] QCP: log code=0xB193 len=176
[D] QCP: log code=0xB193 len=176
[D] QCP: log code=0xB193 len=176
[D] QCP: log code=0xB193 len=176
[D] QCP: log code=0xB193 len=176
[D] QCP: log code=0xB193 len=176
[D] QCP: log code=0xB193 len=176
[D] QCP: log code=0xB193 len=176
[D] QCP: log code=0xB193 len=176
[D] QCP: log code=0xB193 len=176
[D] QCP: log code=0xB193 len=176
[D] QCP: log code=0xB193 len=176
[D] QCP: log code=0xB193 len=176
[D] QCP: log code=0xB193 len=176
[D] QCP: log code=0xB193 len=176
[D] QCP: log code=0xB193 len=176
[D] QCP: log code=0xB0C0 len=38
[D] LTE 0xB0C0 RRC OTA: ver=27 plen=26
[D] 0xB0C0 [26 bytes]: 1B 10 10 10 90 01 9C 00 77 01 00 00 E6 2D 09 00 00 00 00 05 00 3A 10 04 8D 00 
[D] v25 item: rrc=16.16 nr_rrc=16.144 rbid=1 pci=156 earfcn=375 sfn_subfn=11750 pdu_num=9 sib_mask=0 len=5
[D] QCP: log code=0xB0C0 len=1971
[D] LTE 0xB0C0 RRC OTA: ver=27 plen=1959
[D] 0xB0C0 [1959 bytes]: 1B 10 10 10 90 01 9C 00 77 01 00 00 00 00 0B 00 00 00 00 92 07 3A 01 08 78 DD DB 80 50 90 03 02 3E 4D 28 74 E6 D4 09 13 FF 89 FF C4 FF E2 7F F1 3F F8 9F FC 4F FE 27 FF 13 FF 89 FF DF 83 76 27 ...(+1895)
[D] v25 item: rrc=16.16 nr_rrc=16.144 rbid=1 pci=156 earfcn=375 sfn_subfn=0 pdu_num=11 sib_mask=0 len=1938
[D] QCP: log code=0xB193 len=176
[D] QCP: log code=0xB193 len=176
[D] QCP: log code=0xB193 len=176
[D] QCP: log code=0xB193 len=176
[D] QCP: log code=0xB0C0 len=46
[D] LTE 0xB0C0 RRC OTA: ver=27 plen=34
[D] 0xB0C0 [34 bytes]: 1B 10 10 10 90 01 9C 00 77 01 00 00 33 2E 09 00 00 00 00 0D 00 3C 20 1D 80 09 4A 01 80 84 C1 FC 18 00 
[D] v25 item: rrc=16.16 nr_rrc=16.144 rbid=1 pci=156 earfcn=375 sfn_subfn=11827 pdu_num=9 sib_mask=0 len=13
[D] QCP: log code=0xB193 len=176
[D] QCP: log code=0xB0C0 len=2017
[D] LTE 0xB0C0 RRC OTA: ver=27 plen=2005
[D] 0xB0C0 [2005 bytes]: 1B 10 10 10 90 01 9C 00 77 01 00 00 00 00 0B 00 00 00 00 C0 07 3C 01 08 7B BD DB 80 50 90 12 A8 0C 08 98 74 E6 CF 89 13 FF 89 FF C4 FF E2 7F F1 3F F8 9F FC 4F FE 27 FF 13 FF 89 FF DF 83 76 27 ...(+1941)
[D] v25 item: rrc=16.16 nr_rrc=16.144 rbid=1 pci=156 earfcn=375 sfn_subfn=0 pdu_num=11 sib_mask=0 len=1984
[D] QCP: log code=0xB193 len=176
[D] QCP: log code=0xB193 len=176
[D] QCP: log code=0xB193 len=176
[D] QCP: log code=0xB0C0 len=36
[D] LTE 0xB0C0 RRC OTA: ver=27 plen=24
[D] 0xB0C0 [24 bytes]: 1B 10 10 10 90 01 9C 00 77 01 00 00 84 2E 09 00 00 00 00 03 00 32 02 20 
[D] v25 item: rrc=16.16 nr_rrc=16.144 rbid=1 pci=156 earfcn=375 sfn_subfn=11908 pdu_num=9 sib_mask=0 len=3
[D] QCP: log code=0xB193 len=176
[D] QCP: log code=0xB0C0 len=35
[D] LTE 0xB0C0 RRC OTA: ver=27 plen=23
[D] 0xB0C0 [23 bytes]: 1B 10 10 10 90 01 9C 00 77 01 00 00 00 00 0B 00 00 00 00 02 00 2A 00 
[D] v25 item: rrc=16.16 nr_rrc=16.144 rbid=1 pci=156 earfcn=375 sfn_subfn=0 pdu_num=11 sib_mask=0 len=2
[D] QCP: log code=0xB0C0 len=281
[D] LTE 0xB0C0 RRC OTA: ver=27 plen=269
[D] 0xB0C0 [269 bytes]: 1B 10 10 10 90 01 9C 00 77 01 00 00 84 2E 09 00 00 00 00 F8 00 22 06 84 06 B1 3D B8 6F 53 90 30 3A 10 12 48 31 02 97 80 82 2C 70 05 12 90 16 08 08 41 18 43 4B 73 A3 2B 93 73 2B A0 1B 6B A3 98 ...(+205)
[D] v25 item: rrc=16.16 nr_rrc=16.144 rbid=1 pci=156 earfcn=375 sfn_subfn=11908 pdu_num=9 sib_mask=0 len=248
[D] QCP: log code=0xB0C0 len=35
[D] LTE 0xB0C0 RRC OTA: ver=27 plen=23
[D] 0xB0C0 [23 bytes]: 1B 10 10 10 90 01 9C 00 77 01 00 00 00 00 0B 00 00 00 00 02 00 12 00 
[D] v25 item: rrc=16.16 nr_rrc=16.144 rbid=1 pci=156 earfcn=375 sfn_subfn=0 pdu_num=11 sib_mask=0 len=2
[D] QCP: log code=0xB0EA len=230
[D] LTE NAS EMM: nas_len=210
[D] NAS_PDU [210 bytes]: 72 06 07 42 02 49 06 20 52 F0 10 45 8E 00 A2 52 02 C1 01 08 23 08 69 6E 74 65 72 6E 65 74 03 6D 74 73 02 72 75 06 6D 6E 63 30 30 31 06 6D 63 63 ...(+162)
[D] QCP: log code=0xB0EC len=224
[D] LTE NAS EMM: nas_len=204
[D] NAS_PDU [204 bytes]: 06 20 52 F0 10 45 8E 00 A2 52 02 C1 01 08 23 08 69 6E 74 65 72 6E 65 74 03 6D 74 73 02 72 75 06 6D 6E 63 30 30 31 06 6D 63 63 32 35 30 04 67 70 ...(+156)
[D] QCP: log code=0x7131 len=15
[D] UMTS MM state=19 substate=6 update_status=0
[D] QCP: log code=0xB193 len=176
[D] QCP: log code=0x7130 len=15
[W] UMTS NAS OTA: payload too short (3)
[D] QCP: log code=0x7130 len=15
[W] UMTS NAS OTA: payload too short (3)
[D] QCP: log code=0xB0ED len=30
[D] LTE NAS EMM: nas_len=10
[D] NAS_PDU [10 bytes]: 52 00 C2 27 05 80 00 22 01 53 
[D] QCP: log code=0xB0C0 len=56
[D] LTE 0xB0C0 RRC OTA: ver=27 plen=44
[D] 0xB0C0 [44 bytes]: 1B 10 10 10 90 02 9C 00 77 01 00 00 00 00 0B 00 00 00 00 17 00 48 02 84 F7 11 FA 8B 60 A0 E8 60 01 4A 40 18 44 E0 B0 00 04 40 2A 60 
[D] v25 item: rrc=16.16 nr_rrc=16.144 rbid=2 pci=156 earfcn=375 sfn_subfn=0 pdu_num=11 sib_mask=0 len=23
[D] QCP: log code=0xB193 len=176
[D] QCP: log code=0xB0C0 len=103
[D] LTE 0xB0C0 RRC OTA: ver=27 plen=91
[D] 0xB0C0 [91 bytes]: 1B 10 10 10 90 01 9C 00 77 01 00 00 C2 2E 09 00 00 00 00 46 00 24 10 15 A8 00 14 00 BB B2 F0 01 38 F3 01 15 01 48 CB 81 40 50 02 88 A9 2D ED C0 A0 28 02 02 30 0B 41 01 81 94 0B C1 02 13 5B 94 ...(+27)
[D] v25 item: rrc=16.16 nr_rrc=16.144 rbid=1 pci=156 earfcn=375 sfn_subfn=11970 pdu_num=9 sib_mask=0 len=70
[D] QCP: log code=0xB0C0 len=35
[D] LTE 0xB0C0 RRC OTA: ver=27 plen=23
[D] 0xB0C0 [23 bytes]: 1B 10 10 10 90 01 9C 00 77 01 00 00 00 00 0B 00 00 00 00 02 00 14 00 
[D] v25 item: rrc=16.16 nr_rrc=16.144 rbid=1 pci=156 earfcn=375 sfn_subfn=0 pdu_num=11 sib_mask=0 len=2
[D] QCP: log code=0xB193 len=176
[D] QCP: log code=0xB0C0 len=37
[D] LTE 0xB0C0 RRC OTA: ver=27 plen=25
[D] 0xB0C0 [25 bytes]: 1B 10 10 10 90 01 9C 00 77 01 00 00 00 00 0B 00 00 00 00 04 00 08 02 3D 2C 
[D] v25 item: rrc=16.16 nr_rrc=16.144 rbid=1 pci=156 earfcn=375 sfn_subfn=0 pdu_num=11 sib_mask=0 len=4
[I] [MEAS] PCell EARFCN=375 PCI=156 RSRP=-79 RSRQ=-14
[D] QCP: log code=0xB193 len=176
[D] QCP: log code=0xB193 len=176
[D] QCP: log code=0xB193 len=176
[D] QCP: log code=0xB193 len=176
[D] QCP: log code=0xB0C0 len=42
[D] LTE 0xB0C0 RRC OTA: ver=27 plen=30
[D] 0xB0C0 [30 bytes]: 1B 10 10 10 90 01 9C 00 77 01 00 00 12 6F 09 00 00 00 00 09 00 26 02 01 80 01 02 04 10 20 
[D] v25 item: rrc=16.16 nr_rrc=16.144 rbid=1 pci=156 earfcn=375 sfn_subfn=28434 pdu_num=9 sib_mask=0 len=9
[D] QCP: log code=0xB193 len=176
[D] QCP: log code=0xB0C0 len=35
[D] LTE 0xB0C0 RRC OTA: ver=27 plen=23
[D] 0xB0C0 [23 bytes]: 1B 10 10 10 90 01 9C 00 77 01 00 00 00 00 0B 00 00 00 00 02 00 16 00 
[D] v25 item: rrc=16.16 nr_rrc=16.144 rbid=1 pci=156 earfcn=375 sfn_subfn=0 pdu_num=11 sib_mask=0 len=2
[D] QCP: log code=0xB193 len=176
[D] QCP: log code=0xB193 len=176
[D] QCP: log code=0xB193 len=176
[D] QCP: log code=0xB193 len=176
[D] QCP: log code=0xB193 len=176
[D] QCP: log code=0xB193 len=176
[D] QCP: log code=0xB193 len=176
[D] QCP: log code=0xB193 len=176
[D] QCP: log code=0xB193 len=176
[D] QCP: log code=0xB0C0 len=37
[D] LTE 0xB0C0 RRC OTA: ver=27 plen=25
[D] 0xB0C0 [25 bytes]: 1B 10 10 10 90 01 9C 00 77 01 00 00 00 00 0B 00 00 00 00 04 00 08 02 BD 30 
[D] v25 item: rrc=16.16 nr_rrc=16.144 rbid=1 pci=156 earfcn=375 sfn_subfn=0 pdu_num=11 sib_mask=0 len=4
[I] [MEAS] PCell EARFCN=375 PCI=156 RSRP=-79 RSRQ=-13
[D] QCP: log code=0xB193 len=176
[D] QCP: log code=0xB193 len=176
[D] QCP: log code=0xB0C0 len=51
[D] LTE 0xB0C0 RRC OTA: ver=27 plen=39
[D] 0xB0C0 [39 bytes]: 1B 10 10 10 90 00 9C 00 77 01 00 00 05 B0 03 02 00 00 00 12 00 40 49 40 03 45 8E 31 6D F1 98 20 01 10 81 04 4C 24 D5 
[D] v25 item: rrc=16.16 nr_rrc=16.144 rbid=0 pci=156 earfcn=375 sfn_subfn=45061 pdu_num=3 sib_mask=2 len=18
[I] [SIB1] EARFCN=375 PCI=156 MCC=250 MNC=1 CID=51830553 TAC=17806 barred=0 csg=0
[D] QCP: log code=0xB0C0 len=120
[D] LTE 0xB0C0 RRC OTA: ver=27 plen=108
[D] 0xB0C0 [108 bytes]: 1B 10 10 10 90 01 9C 00 77 01 00 00 09 F0 09 00 00 00 00 57 00 20 12 1F 41 00 14 00 BB B2 F0 01 38 F0 8C 12 9A 94 BC 04 06 40 43 00 64 03 2F 01 01 90 18 C0 0D 72 CB C0 40 64 08 30 07 1B 22 F0 ...(+44)
[D] v25 item: rrc=16.16 nr_rrc=16.144 rbid=1 pci=156 earfcn=375 sfn_subfn=61449 pdu_num=9 sib_mask=0 len=87
[D] QCP: log code=0xB197 len=48
[I] ML1 0xB197 ServInfo: EARFCN=375 PCI=133 (v2)
[D] QCP: log code=0xB0C1 len=23
[D] LTE 0xB0C1 MIB: ver=2 plen=11
[D] 0xB0C1 [11 bytes]: 02 9C 00 77 01 00 00 00 03 04 4B 
[D] LTE MIB v2: bandwidth=75 tx_antenna=4 sfn=768 earfcn=375 pci=156
[D] QCP: log code=0xB0C0 len=35
[D] LTE 0xB0C0 RRC OTA: ver=27 plen=23
[D] 0xB0C0 [23 bytes]: 1B 10 10 10 90 01 9C 00 77 01 00 00 00 00 0B 00 00 00 00 02 00 10 00 
[D] v25 item: rrc=16.16 nr_rrc=16.144 rbid=1 pci=156 earfcn=375 sfn_subfn=0 pdu_num=11 sib_mask=0 len=2
[D] QCP: log code=0xB0C0 len=37
[D] LTE 0xB0C0 RRC OTA: ver=27 plen=25
[D] 0xB0C0 [25 bytes]: 1B 10 10 10 90 01 9C 00 77 01 00 00 00 00 0B 00 00 00 00 04 00 08 02 3C 2C 
[D] v25 item: rrc=16.16 nr_rrc=16.144 rbid=1 pci=156 earfcn=375 sfn_subfn=0 pdu_num=11 sib_mask=0 len=4
[I] [MEAS] PCell EARFCN=375 PCI=156 RSRP=-80 RSRQ=-14
[D] QCP: log code=0xB193 len=176
[D] QCP: log code=0xB193 len=176
[D] QCP: log code=0xB193 len=176
[D] QCP: log code=0xB193 len=176
[D] QCP: log code=0xB193 len=176
[D] QCP: log code=0xB193 len=176
[D] QCP: log code=0xB193 len=176
[D] QCP: log code=0xB193 len=176
[D] QCP: log code=0xB193 len=176
[D] QCP: log code=0xB193 len=176
[D] QCP: log code=0xB193 len=176
[D] QCP: log code=0xB193 len=176
[D] QCP: log code=0xB193 len=176
[D] QCP: log code=0xB193 len=176
[D] QCP: log code=0xB193 len=176
[D] QCP: log code=0xB193 len=176
[D] QCP: log code=0xB0C0 len=44
[D] LTE 0xB0C0 RRC OTA: ver=27 plen=32
[D] 0xB0C0 [32 bytes]: 1B 10 10 10 90 01 9C 00 77 01 00 00 00 00 0B 00 00 00 00 0B 00 08 14 BC 30 17 1D AF 15 87 6B 40 
[D] v25 item: rrc=16.16 nr_rrc=16.144 rbid=1 pci=156 earfcn=375 sfn_subfn=0 pdu_num=11 sib_mask=0 len=11
[I] [MEAS] PCell EARFCN=375 PCI=156 RSRP=-80 RSRQ=-13
[I] [MEAS] neigh EARFCN=375 PCI=455 RSRP=-93 RSRQ=-17
[I] [MEAS] neigh EARFCN=375 PCI=391 RSRP=-95 RSRQ=-19
[D] QCP: log code=0xB193 len=176
[D] QCP: log code=0xB193 len=176
[D] QCP: log code=0xB193 len=176
[D] QCP: log code=0xB193 len=176
[D] QCP: log code=0xB193 len=176
[D] QCP: log code=0xB193 len=176
[D] QCP: log code=0xB193 len=176
[D] QCP: log code=0xB0C0 len=45
[D] LTE 0xB0C0 RRC OTA: ver=27 plen=33
[D] 0xB0C0 [33 bytes]: 1B 10 10 10 90 01 9C 00 77 01 00 00 C6 F1 09 00 00 00 00 0C 00 22 02 01 80 02 00 20 80 20 02 F0 00 
[D] v25 item: rrc=16.16 nr_rrc=16.144 rbid=1 pci=156 earfcn=375 sfn_subfn=61894 pdu_num=9 sib_mask=0 len=12
[D] QCP: log code=0xB0C0 len=35
[D] LTE 0xB0C0 RRC OTA: ver=27 plen=23
[D] 0xB0C0 [23 bytes]: 1B 10 10 10 90 01 9C 00 77 01 00 00 00 00 0B 00 00 00 00 02 00 12 00 
[D] v25 item: rrc=16.16 nr_rrc=16.144 rbid=1 pci=156 earfcn=375 sfn_subfn=0 pdu_num=11 sib_mask=0 len=2
[D] QCP: log code=0xB193 len=176
[D] QCP: log code=0xB193 len=176
[D] QCP: log code=0xB193 len=176
[D] QCP: log code=0xB193 len=176
[D] QCP: log code=0xB193 len=176
[D] QCP: log code=0xB193 len=176
[D] QCP: log code=0xB193 len=176
[D] QCP: log code=0xB193 len=176
[D] QCP: log code=0xB193 len=176
[D] QCP: log code=0xB193 len=176
[D] QCP: log code=0xB193 len=176
[D] QCP: log code=0xB0C0 len=41
[D] LTE 0xB0C0 RRC OTA: ver=27 plen=29
[D] 0xB0C0 [29 bytes]: 1B 10 10 10 90 01 9C 00 77 01 00 00 00 00 0B 00 00 00 00 08 00 08 15 3A 34 02 09 B8 14 
[D] v25 item: rrc=16.16 nr_rrc=16.144 rbid=1 pci=156 earfcn=375 sfn_subfn=0 pdu_num=11 sib_mask=0 len=8
[I] [MEAS] PCell EARFCN=375 PCI=156 RSRP=-82 RSRQ=-13
[I] [MEAS] neigh EARFCN=375 PCI=130 RSRP=-84 RSRQ=-17
[D] QCP: log code=0xB193 len=176
[D] QCP: log code=0xB193 len=176
[D] QCP: log code=0xB193 len=176
[D] QCP: log code=0xB193 len=176
[D] QCP: log code=0xB0C0 len=59
[D] LTE 0xB0C0 RRC OTA: ver=27 plen=47
[D] 0xB0C0 [47 bytes]: 1B 10 10 10 90 01 9C 00 77 01 00 00 17 33 09 00 00 00 00 1A 00 24 10 37 00 42 20 14 60 18 83 45 E0 20 32 00 48 46 10 01 0B DC 05 2A 01 4A 90 
[D] v25 item: rrc=16.16 nr_rrc=16.144 rbid=1 pci=156 earfcn=375 sfn_subfn=13079 pdu_num=9 sib_mask=0 len=26
[D] QCP: log code=0xB0C0 len=35
[D] LTE 0xB0C0 RRC OTA: ver=27 plen=23
[D] 0xB0C0 [23 bytes]: 1B 10 10 10 90 01 9C 00 77 01 00 00 00 00 0B 00 00 00 00 02 00 14 00 
[D] v25 item: rrc=16.16 nr_rrc=16.144 rbid=1 pci=156 earfcn=375 sfn_subfn=0 pdu_num=11 sib_mask=0 len=2
[D] QCP: log code=0xB193 len=176
[D] QCP: log code=0xB193 len=176
[D] QCP: log code=0xB193 len=176
[D] QCP: log code=0xB193 len=176
[D] QCP: log code=0xB193 len=176
[D] QCP: log code=0xB193 len=176
[D] QCP: log code=0xB193 len=176
[D] QCP: log code=0xB193 len=176
[D] QCP: log code=0xB193 len=176
[D] QCP: log code=0xB193 len=176
[D] QCP: log code=0xB193 len=176
[D] QCP: log code=0xB193 len=176
[D] QCP: log code=0xB193 len=176
[D] QCP: log code=0xB193 len=176
[D] QCP: log code=0xB193 len=176
[D] QCP: log code=0xB193 len=176
[D] QCP: log code=0xB193 len=176
[D] QCP: log code=0xB0C0 len=41
[D] LTE 0xB0C0 RRC OTA: ver=27 plen=29
[D] 0xB0C0 [29 bytes]: 1B 10 10 10 90 01 9C 00 77 01 00 00 00 00 0B 00 00 00 00 08 00 08 15 B9 30 00 DD C5 54 
[D] v25 item: rrc=16.16 nr_rrc=16.144 rbid=1 pci=156 earfcn=375 sfn_subfn=0 pdu_num=11 sib_mask=0 len=8
[I] [MEAS] PCell EARFCN=375 PCI=156 RSRP=-83 RSRQ=-13
[I] [MEAS] neigh EARFCN=375 PCI=55 RSRP=-71 RSRQ=-9
[D] QCP: log code=0xB193 len=176
[D] QCP: log code=0xB193 len=176
[D] QCP: log code=0xB193 len=176
[D] QCP: log code=0xB193 len=176
[D] QCP: log code=0xB193 len=176
[D] QCP: log code=0xB193 len=176
[D] QCP: log code=0xB193 len=176
[D] QCP: log code=0xB193 len=176
[D] QCP: log code=0xB193 len=176
[D] QCP: log code=0xB193 len=176
[D] QCP: log code=0xB193 len=176
[D] QCP: log code=0xB193 len=176
[D] QCP: log code=0xB193 len=176
[D] QCP: log code=0xB193 len=176
[D] QCP: log code=0xB193 len=176
[D] QCP: log code=0xB193 len=176
[D] QCP: log code=0xB193 len=176
[D] QCP: log code=0xB193 len=176
[D] QCP: log code=0xB193 len=176
[D] QCP: log code=0xB193 len=176
[D] QCP: log code=0xB193 len=176
[D] QCP: log code=0xB0C0 len=41
[D] LTE 0xB0C0 RRC OTA: ver=27 plen=29
[D] 0xB0C0 [29 bytes]: 1B 10 10 10 90 01 9C 00 77 01 00 00 00 00 0B 00 00 00 00 08 00 08 16 3A 34 02 B5 C0 68 
[D] v25 item: rrc=16.16 nr_rrc=16.144 rbid=1 pci=156 earfcn=375 sfn_subfn=0 pdu_num=11 sib_mask=0 len=8
[I] [MEAS] PCell EARFCN=375 PCI=156 RSRP=-82 RSRQ=-13
[I] [MEAS] neigh EARFCN=375 PCI=173 RSRP=-76 RSRQ=-6
[D] QCP: log code=0xB193 len=176
[D] QCP: log code=0xB193 len=176
[D] QCP: log code=0xB193 len=176
[D] QCP: log code=0xB193 len=176
[D] QCP: log code=0xB193 len=176
[D] QCP: log code=0xB193 len=176
[D] QCP: log code=0xB193 len=176
[D] QCP: log code=0xB193 len=176
[D] QCP: log code=0xB193 len=176
[D] QCP: log code=0xB0C0 len=37
[D] LTE 0xB0C0 RRC OTA: ver=27 plen=25
[D] 0xB0C0 [25 bytes]: 1B 10 10 10 90 01 9C 00 77 01 00 00 00 00 0B 00 00 00 00 04 00 08 04 3A 34 
[D] v25 item: rrc=16.16 nr_rrc=16.144 rbid=1 pci=156 earfcn=375 sfn_subfn=0 pdu_num=11 sib_mask=0 len=4
[I] [MEAS] PCell EARFCN=375 PCI=156 RSRP=-82 RSRQ=-13
[D] QCP: log code=0xB193 len=176
[D] QCP: log code=0xB193 len=176
[D] QCP: log code=0xB193 len=176
[D] QCP: log code=0xB193 len=176
[D] QCP: log code=0xB193 len=176
[D] QCP: log code=0xB193 len=176
[D] QCP: log code=0xB193 len=176
[D] QCP: log code=0xB193 len=176
[D] QCP: log code=0xB193 len=176
[D] QCP: log code=0xB193 len=176
[D] QCP: log code=0xB193 len=176
[D] QCP: log code=0xB193 len=176
[D] QCP: log code=0xB0C0 len=41
[D] LTE 0xB0C0 RRC OTA: ver=27 plen=29
[D] 0xB0C0 [29 bytes]: 1B 10 10 10 90 01 9C 00 77 01 00 00 00 00 0B 00 00 00 00 08 00 08 12 BA 34 04 59 BA 68 
[D] v25 item: rrc=16.16 nr_rrc=16.144 rbid=1 pci=156 earfcn=375 sfn_subfn=0 pdu_num=11 sib_mask=0 len=8
[I] [MEAS] PCell EARFCN=375 PCI=156 RSRP=-82 RSRQ=-13
[I] [MEAS] neigh EARFCN=375 PCI=278 RSRP=-82 RSRQ=-6
[D] QCP: log code=0xB193 len=176
[D] QCP: log code=0xB193 len=176
[D] QCP: log code=0xB193 len=176
[D] QCP: log code=0xB193 len=176
[D] QCP: log code=0xB193 len=176
[D] QCP: log code=0xB193 len=176
[D] QCP: log code=0xB193 len=176
[D] QCP: log code=0xB193 len=176
[D] QCP: log code=0xB193 len=176
[D] QCP: log code=0xB193 len=176
[D] QCP: log code=0xB193 len=176
[D] QCP: log code=0xB193 len=176
[D] QCP: log code=0xB193 len=176
[D] QCP: log code=0xB193 len=176
[D] QCP: log code=0xB193 len=176
[D] QCP: log code=0xB193 len=176
[D] QCP: log code=0xB193 len=176
[D] QCP: log code=0xB193 len=176
[D] QCP: log code=0xB193 len=176
[D] QCP: log code=0xB193 len=176
[D] QCP: log code=0xB193 len=176
[D] QCP: log code=0xB193 len=176
[D] QCP: log code=0xB193 len=176
[D] QCP: log code=0xB193 len=176
[D] QCP: log code=0xB193 len=176
[D] QCP: log code=0xB193 len=176
[D] QCP: log code=0xB193 len=176
[D] QCP: log code=0xB193 len=176
[D] QCP: log code=0xB193 len=176
[D] QCP: log code=0xB193 len=176
[D] QCP: log code=0xB193 len=176
[D] QCP: log code=0xB193 len=176
[D] QCP: log code=0xB193 len=176
[D] QCP: log code=0xB193 len=176
[D] QCP: log code=0xB193 len=176
[D] QCP: log code=0xB193 len=176
[D] QCP: log code=0xB193 len=176
[D] QCP: log code=0xB193 len=176
[D] QCP: log code=0xB193 len=176
[D] QCP: log code=0xB193 len=176
[D] QCP: log code=0xB193 len=176
[D] QCP: log code=0xB193 len=176
[D] QCP: log code=0xB193 len=176
[D] QCP: log code=0xB193 len=176
[D] QCP: log code=0xB193 len=176
[D] QCP: log code=0xB193 len=176
[D] QCP: log code=0xB193 len=176
[D] QCP: log code=0xB193 len=176
[D] QCP: log code=0xB193 len=176
[D] QCP: log code=0xB193 len=176
[D] QCP: log code=0xB193 len=176
[D] QCP: log code=0xB193 len=176
[D] QCP: log code=0xB193 len=176
[D] QCP: log code=0xB193 len=176
[D] QCP: log code=0xB193 len=176
[D] QCP: log code=0xB193 len=176
[D] QCP: log code=0xB193 len=176
[D] QCP: log code=0xB193 len=176
[D] QCP: log code=0xB193 len=176
[D] QCP: log code=0xB193 len=176
[D] QCP: log code=0xB193 len=176
[D] QCP: log code=0xB193 len=176
[D] QCP: log code=0xB193 len=176
[D] QCP: log code=0xB193 len=176
[D] QCP: log code=0xB193 len=176
[D] QCP: log code=0xB193 len=176
[D] QCP: log code=0xB193 len=176
[D] QCP: log code=0xB193 len=176
[D] QCP: log code=0xB193 len=176
[D] QCP: log code=0xB193 len=176
[D] QCP: log code=0xB193 len=176
[D] QCP: log code=0xB193 len=176
[D] QCP: log code=0xB193 len=176
[D] QCP: log code=0xB193 len=176
[D] QCP: log code=0xB193 len=176
[D] QCP: log code=0xB193 len=176
[D] QCP: log code=0xB193 len=176
[D] QCP: log code=0xB0C0 len=40
[D] LTE 0xB0C0 RRC OTA: ver=27 plen=28
[D] 0xB0C0 [28 bytes]: 1B 10 10 10 90 01 9C 00 77 01 00 00 00 00 0B 00 00 00 00 07 00 08 13 3A 28 01 79 36 
[D] v25 item: rrc=16.16 nr_rrc=16.144 rbid=1 pci=156 earfcn=375 sfn_subfn=0 pdu_num=11 sib_mask=0 len=7
[I] [MEAS] PCell EARFCN=375 PCI=156 RSRP=-82 RSRQ=-14
[I] [MEAS] neigh EARFCN=375 PCI=94 RSRP=-86 RSRQ=0
[D] QCP: log code=0xB0C0 len=41
[D] LTE 0xB0C0 RRC OTA: ver=27 plen=29
[D] 0xB0C0 [29 bytes]: 1B 10 10 10 90 01 9C 00 77 01 00 00 00 00 0B 00 00 00 00 08 00 08 13 BA 28 01 79 B6 0C 
[D] v25 item: rrc=16.16 nr_rrc=16.144 rbid=1 pci=156 earfcn=375 sfn_subfn=0 pdu_num=11 sib_mask=0 len=8
[I] [MEAS] PCell EARFCN=375 PCI=156 RSRP=-82 RSRQ=-14
[I] [MEAS] neigh EARFCN=375 PCI=94 RSRP=-86 RSRQ=-18
[D] QCP: log code=0xB193 len=176
[D] QCP: log code=0xB193 len=176
[D] QCP: log code=0xB193 len=176
[D] QCP: log code=0xB193 len=176
[D] QCP: log code=0xB193 len=176
[D] QCP: log code=0xB193 len=176
[D] QCP: log code=0xB193 len=176
[D] QCP: log code=0xB193 len=176
[D] QCP: log code=0xB193 len=176
[D] QCP: log code=0xB193 len=176
[D] QCP: log code=0xB0C0 len=60
[D] LTE 0xB0C0 RRC OTA: ver=27 plen=48
[D] 0xB0C0 [48 bytes]: 1B 10 10 10 90 01 9C 00 77 01 00 00 89 3D 09 00 00 00 00 1B 00 26 12 2A 40 86 42 8C E8 49 8A 74 2D 85 30 28 B5 6C 35 14 30 08 E1 C1 E0 7C 28 40 
[D] v25 item: rrc=16.16 nr_rrc=16.144 rbid=1 pci=156 earfcn=375 sfn_subfn=15753 pdu_num=9 sib_mask=0 len=27
[D] QCP: log code=0xB0C0 len=35
[D] LTE 0xB0C0 RRC OTA: ver=27 plen=23
[D] 0xB0C0 [23 bytes]: 1B 10 10 10 90 01 9C 00 77 01 00 00 00 00 0B 00 00 00 00 02 00 16 00 
[D] v25 item: rrc=16.16 nr_rrc=16.144 rbid=1 pci=156 earfcn=375 sfn_subfn=0 pdu_num=11 sib_mask=0 len=2
[D] QCP: log code=0xB193 len=176
[D] QCP: log code=0xB193 len=176
[D] QCP: log code=0xB0C0 len=118
[D] LTE 0xB0C0 RRC OTA: ver=27 plen=106
[D] 0xB0C0 [106 bytes]: 1B 10 10 10 90 01 9C 00 77 01 00 00 C3 FD 09 00 00 00 00 55 00 20 02 81 80 01 16 20 28 33 9C 0C 06 80 F0 3E 0A 14 2C 0F 04 01 10 48 06 04 40 00 04 10 20 94 F8 41 06 40 03 94 B1 73 34 0F FF FF ...(+42)
[D] v25 item: rrc=16.16 nr_rrc=16.144 rbid=1 pci=156 earfcn=375 sfn_subfn=64963 pdu_num=9 sib_mask=0 len=85
[D] QCP: log code=0xB197 len=48
[I] ML1 0xB197 ServInfo: EARFCN=375 PCI=133 (v2)
[D] QCP: log code=0xB197 len=48
[I] ML1 0xB197 ServInfo: EARFCN=375 PCI=133 (v2)
[D] QCP: log code=0xB193 len=176
[D] QCP: log code=0xB0C0 len=35
[D] LTE 0xB0C0 RRC OTA: ver=27 plen=23
[D] 0xB0C0 [23 bytes]: 1B 10 10 10 90 01 9C 00 77 01 00 00 00 00 0B 00 00 00 00 02 00 10 00 
[D] v25 item: rrc=16.16 nr_rrc=16.144 rbid=1 pci=156 earfcn=375 sfn_subfn=0 pdu_num=11 sib_mask=0 len=2
[D] QCP: log code=0xB193 len=176
[D] QCP: log code=0xB0C0 len=85
[D] LTE 0xB0C0 RRC OTA: ver=27 plen=73
[D] 0xB0C0 [73 bytes]: 1B 10 10 10 90 01 9C 00 77 01 00 00 E1 FD 09 00 00 00 00 34 00 22 10 15 00 42 30 06 40 32 F0 10 19 01 0C 12 9A 94 BC 04 06 40 45 02 22 2B 03 03 08 00 14 A2 5B DB 9C 40 00 C8 09 86 EC A5 09 4C ...(+9)
[D] v25 item: rrc=16.16 nr_rrc=16.144 rbid=1 pci=156 earfcn=375 sfn_subfn=64993 pdu_num=9 sib_mask=0 len=52
[D] QCP: log code=0xB0C0 len=35
[D] LTE 0xB0C0 RRC OTA: ver=27 plen=23
[D] 0xB0C0 [23 bytes]: 1B 10 10 10 90 01 9C 00 77 01 00 00 00 00 0B 00 00 00 00 02 00 12 00 
[D] v25 item: rrc=16.16 nr_rrc=16.144 rbid=1 pci=156 earfcn=375 sfn_subfn=0 pdu_num=11 sib_mask=0 len=2
[D] QCP: log code=0xB193 len=176
[D] QCP: log code=0xB193 len=176
[D] QCP: log code=0xB193 len=176
[D] QCP: log code=0xB193 len=176
[D] QCP: log code=0xB193 len=176
[D] QCP: log code=0xB193 len=176
[D] QCP: log code=0xB193 len=176
[D] QCP: log code=0xB193 len=176
[D] QCP: log code=0xB193 len=176
[D] QCP: log code=0xB193 len=176
[D] QCP: log code=0xB193 len=176
[D] QCP: log code=0xB193 len=176
[D] QCP: log code=0xB17F len=52
[I] ML1 0xB17F PCI 21 → 133 (corrected from 0xB197)
[I] ML1 0xB17F SCell: EARFCN=375 PCI=133 RSRP=-82 RSRQ=-27(raw,dropped) RSSI=-76 (v5)
[D] QCP: log code=0xB197 len=48
[I] ML1 0xB197 ServInfo: EARFCN=1275 PCI=133 (v2)
[D] QCP: log code=0xB0C1 len=23
[D] LTE 0xB0C1 MIB: ver=2 plen=11
[D] 0xB0C1 [11 bytes]: 02 AE 00 FB 04 00 00 D4 01 02 4B 
[D] LTE MIB v2: bandwidth=75 tx_antenna=2 sfn=468 earfcn=1275 pci=174
[D] QCP: log code=0xB0C0 len=55
[D] LTE 0xB0C0 RRC OTA: ver=27 plen=43
[D] 0xB0C0 [43 bytes]: 1B 10 10 10 90 00 AE 00 FB 04 00 00 65 5D 03 02 00 00 00 16 00 48 49 40 41 4D 07 BF 2E 90 D8 1C 21 80 81 84 4C 23 61 23 12 8E 00 
[D] v25 item: rrc=16.16 nr_rrc=16.144 rbid=0 pci=174 earfcn=1275 sfn_subfn=23909 pdu_num=3 sib_mask=2 len=22
[I] [SIB1] EARFCN=1275 PCI=174 MCC=250 MNC=20 CID=200468749 TAC=19719 barred=0 csg=0
[D] QCP: log code=0xB17F len=52
[I] ML1 0xB17F PCI 29 → 133 (corrected from 0xB197)
[I] ML1 0xB17F SCell: EARFCN=1275 PCI=133 RSRP=-79 RSRQ=-26(raw,dropped) RSSI=-78 (v5)
[D] QCP: log code=0xB197 len=48
[I] ML1 0xB197 ServInfo: EARFCN=1275 PCI=1 (v2)
[D] QCP: log code=0xB197 len=48
[I] ML1 0xB197 ServInfo: EARFCN=1275 PCI=3 (v2)
[D] QCP: log code=0xB197 len=48
[I] ML1 0xB197 ServInfo: EARFCN=375 PCI=133 (v2)
[D] QCP: log code=0xB0C1 len=23
[D] LTE 0xB0C1 MIB: ver=2 plen=11
[D] 0xB0C1 [11 bytes]: 02 9C 00 77 01 00 00 4A 00 04 4B 
[D] LTE MIB v2: bandwidth=75 tx_antenna=4 sfn=74 earfcn=375 pci=156
[D] QCP: log code=0xB0C0 len=51
[D] LTE 0xB0C0 RRC OTA: ver=27 plen=39
[D] 0xB0C0 [39 bytes]: 1B 10 10 10 90 00 9C 00 77 01 00 00 C5 04 03 02 00 00 00 12 00 40 49 40 03 45 8E 31 6D F1 98 20 01 10 81 04 4C 24 D5 
[D] v25 item: rrc=16.16 nr_rrc=16.144 rbid=0 pci=156 earfcn=375 sfn_subfn=1221 pdu_num=3 sib_mask=2 len=18
[I] [SIB1] EARFCN=375 PCI=156 MCC=250 MNC=1 CID=51830553 TAC=17806 barred=0 csg=0
[D] QCP: log code=0xB0C0 len=82
[D] LTE 0xB0C0 RRC OTA: ver=27 plen=70
[D] 0xB0C0 [70 bytes]: 1B 10 10 10 90 00 9C 00 77 01 00 00 00 00 03 0C 00 00 00 31 00 00 82 5D 31 18 6F F9 23 B4 36 07 96 60 10 00 0E 04 14 C6 77 18 B5 50 2A 03 48 03 00 92 E4 18 0C 24 20 01 80 0C D2 8A B9 1F 64 F0 ...(+6)
[D] v25 item: rrc=16.16 nr_rrc=16.144 rbid=0 pci=156 earfcn=375 sfn_subfn=0 pdu_num=3 sib_mask=12 len=49
[D] [B0C0/SIB1] decode failed (plen=49, earfcn=375, pci=156): ASN.1 decode failed
[D] QCP: log code=0xB0C0 len=74
[D] LTE 0xB0C0 RRC OTA: ver=27 plen=62
[D] 0xB0C0 [62 bytes]: 1B 10 10 10 90 00 9C 00 77 01 00 00 00 00 03 20 00 00 00 29 00 00 0F 04 03 5C 90 4A 56 A8 80 C8 02 09 4A D5 11 29 A8 41 52 AA A2 03 8D 88 25 32 34 40 C4 19 04 A6 46 80 82 01 D0 8A 00 00 
[D] v25 item: rrc=16.16 nr_rrc=16.144 rbid=0 pci=156 earfcn=375 sfn_subfn=0 pdu_num=3 sib_mask=32 len=41
[D] QCP: log code=0xB17F len=52
[I] ML1 0xB17F PCI 29 → 133 (corrected from 0xB197)
[I] ML1 0xB17F SCell: EARFCN=375 PCI=133 RSRP=-83 RSRQ=-27(raw,dropped) RSSI=-78 (v5)
[D] QCP: log code=0xB197 len=48
[I] ML1 0xB197 ServInfo: EARFCN=375 PCI=0 (v2)
[D] QCP: log code=0xB197 len=48
[I] ML1 0xB197 ServInfo: EARFCN=38100 PCI=135 (v2)
[D] QCP: log code=0xB0C1 len=23
[D] LTE 0xB0C1 MIB: ver=2 plen=11
[D] 0xB0C1 [11 bytes]: 02 C7 01 D4 94 00 00 60 00 04 64 
[D] LTE MIB v2: bandwidth=100 tx_antenna=4 sfn=96 earfcn=38100 pci=455
[D] QCP: log code=0xB0C0 len=59
[D] LTE 0xB0C0 RRC OTA: ver=27 plen=47
[D] 0xB0C0 [47 bytes]: 1B 10 10 10 90 00 C7 01 D4 94 00 00 25 86 03 02 00 00 00 1A 00 58 49 40 03 45 8E 31 6D F1 68 22 51 10 81 04 4C 24 4F 9F 01 42 80 00 00 00 00 
[D] v25 item: rrc=16.16 nr_rrc=16.144 rbid=0 pci=455 earfcn=38100 sfn_subfn=34341 pdu_num=3 sib_mask=2 len=26
[I] [SIB1] EARFCN=38100 PCI=455 MCC=250 MNC=1 CID=51830550 TAC=17806 barred=0 csg=0
[D] QCP: log code=0xB17F len=52
[I] ML1 0xB17F PCI 31 → 135 (corrected from 0xB197)
[I] ML1 0xB17F SCell: EARFCN=38100 PCI=135 RSRP=-91 RSRQ=-26(raw,dropped) RSSI=-83 (v5)
[D] QCP: log code=0xB197 len=48
[I] ML1 0xB197 ServInfo: EARFCN=38100 PCI=135 (v2)
[D] QCP: log code=0xB0C1 len=23
[D] LTE 0xB0C1 MIB: ver=2 plen=11
[D] 0xB0C1 [11 bytes]: 02 87 01 D4 94 00 00 6B 00 04 64 
[D] LTE MIB v2: bandwidth=100 tx_antenna=4 sfn=107 earfcn=38100 pci=391
[D] QCP: log code=0xB0C0 len=59
[D] LTE 0xB0C0 RRC OTA: ver=27 plen=47
[D] 0xB0C0 [47 bytes]: 1B 10 10 10 90 00 87 01 D4 94 00 00 C5 C6 03 02 00 00 00 1A 00 58 49 40 03 45 8E 31 6D F1 58 22 51 10 81 04 4C 24 4F 9B 01 42 80 00 00 00 00 
[D] v25 item: rrc=16.16 nr_rrc=16.144 rbid=0 pci=391 earfcn=38100 sfn_subfn=50885 pdu_num=3 sib_mask=2 len=26
[I] [SIB1] EARFCN=38100 PCI=391 MCC=250 MNC=1 CID=51830549 TAC=17806 barred=0 csg=0
[D] QCP: log code=0xB17F len=52
[I] ML1 0xB17F PCI 31 → 135 (corrected from 0xB197)
[I] ML1 0xB17F SCell: EARFCN=38100 PCI=135 RSRP=-95 RSRQ=-28(raw,dropped) RSSI=-82 (v5)
[D] QCP: log code=0xB197 len=48
[I] ML1 0xB197 ServInfo: EARFCN=38100 PCI=3 (v2)
[D] QCP: log code=0xB197 len=48
[I] ML1 0xB197 ServInfo: EARFCN=38100 PCI=3 (v2)
[D] QCP: log code=0xB197 len=48
[I] ML1 0xB197 ServInfo: EARFCN=38100 PCI=2 (v2)
[D] QCP: log code=0xB197 len=48
[I] ML1 0xB197 ServInfo: EARFCN=6200 PCI=132 (v2)
[D] QCP: log code=0xB0C1 len=23
[D] LTE 0xB0C1 MIB: ver=2 plen=11
[D] 0xB0C1 [11 bytes]: 02 03 00 38 18 00 00 37 02 02 32 
[D] LTE MIB v2: bandwidth=50 tx_antenna=2 sfn=567 earfcn=6200 pci=3
[D] QCP: log code=0xB0C0 len=55
[D] LTE 0xB0C0 RRC OTA: ver=27 plen=43
[D] 0xB0C0 [43 bytes]: 1B 10 10 10 90 00 03 00 38 18 00 00 85 63 03 02 00 00 00 16 00 48 49 40 41 4D 07 BF 2E 95 38 25 31 80 81 84 4C 23 61 23 4A 8E 00 
[D] v25 item: rrc=16.16 nr_rrc=16.144 rbid=0 pci=3 earfcn=6200 sfn_subfn=25477 pdu_num=3 sib_mask=2 len=22
[I] [SIB1] EARFCN=6200 PCI=3 MCC=250 MNC=20 CID=200468819 TAC=19719 barred=0 csg=0
[D] QCP: log code=0xB17F len=52
[I] ML1 0xB17F PCI 28 → 132 (corrected from 0xB197)
[I] ML1 0xB17F SCell: EARFCN=6200 PCI=132 RSRP=-86 RSRQ=-26(raw,dropped) RSSI=-83 (v5)
[D] QCP: log code=0xB197 len=48
[I] ML1 0xB197 ServInfo: EARFCN=6200 PCI=134 (v2)
[D] QCP: log code=0xB0C1 len=23
[D] LTE 0xB0C1 MIB: ver=2 plen=11
[D] 0xB0C1 [11 bytes]: 02 4B 01 38 18 00 00 98 00 02 32 
[D] LTE MIB v2: bandwidth=50 tx_antenna=2 sfn=152 earfcn=6200 pci=331
[D] QCP: log code=0xB197 len=48
[I] ML1 0xB197 ServInfo: EARFCN=3300 PCI=133 (v2)
[D] QCP: log code=0xB0C1 len=23
[D] LTE 0xB0C1 MIB: ver=2 plen=11
[D] 0xB0C1 [11 bytes]: 02 90 00 E4 0C 00 00 6B 03 04 32 
[D] LTE MIB v2: bandwidth=50 tx_antenna=4 sfn=875 earfcn=3300 pci=144
[D] QCP: log code=0xB0C0 len=55
[D] LTE 0xB0C0 RRC OTA: ver=27 plen=43
[D] 0xB0C0 [43 bytes]: 1B 10 10 10 90 00 90 00 E4 0C 00 00 C5 B6 03 02 00 00 00 16 00 48 49 41 33 02 A6 BE BA 60 58 20 61 90 20 81 84 50 24 DF 50 00 00 
[D] v25 item: rrc=16.16 nr_rrc=16.144 rbid=0 pci=144 earfcn=3300 sfn_subfn=46789 pdu_num=3 sib_mask=2 len=22
[I] [SIB1] EARFCN=3300 PCI=144 MCC=250 MNC=99 CID=199992837 TAC=678 barred=0 csg=0
[D] QCP: log code=0xB17F len=52
[I] ML1 0xB17F PCI 29 → 133 (corrected from 0xB197)
[I] ML1 0xB17F SCell: EARFCN=3300 PCI=133 RSRP=-86 RSRQ=-25(raw,dropped) RSSI=-86 (v5)
[D] QCP: log code=0xB197 len=48
[I] ML1 0xB197 ServInfo: EARFCN=3300 PCI=134 (v2)
[D] QCP: log code=0xB0C1 len=23
[D] LTE 0xB0C1 MIB: ver=2 plen=11
[D] 0xB0C1 [11 bytes]: 02 4D 01 E4 0C 00 00 13 02 04 32 
[D] LTE MIB v2: bandwidth=50 tx_antenna=4 sfn=531 earfcn=3300 pci=333
[D] QCP: log code=0xB0C0 len=55
[D] LTE 0xB0C0 RRC OTA: ver=27 plen=43
[D] 0xB0C0 [43 bytes]: 1B 10 10 10 90 00 4D 01 E4 0C 00 00 45 21 03 00 00 00 00 16 00 48 49 41 33 02 A6 BE B9 D0 58 20 61 90 20 81 84 50 24 D0 50 00 00 
[D] v25 item: rrc=16.16 nr_rrc=16.144 rbid=0 pci=333 earfcn=3300 sfn_subfn=8517 pdu_num=3 sib_mask=0 len=22
[I] [SIB1] EARFCN=3300 PCI=333 MCC=250 MNC=99 CID=199990533 TAC=678 barred=0 csg=0
[D] QCP: log code=0xB197 len=48
[I] ML1 0xB197 ServInfo: EARFCN=3300 PCI=1 (v2)
[D] QCP: log code=0xB197 len=48
[I] ML1 0xB197 ServInfo: EARFCN=3300 PCI=134 (v2)
[D] QCP: log code=0xB0C1 len=23
[D] LTE 0xB0C1 MIB: ver=2 plen=11
[D] 0xB0C1 [11 bytes]: 02 4D 01 E4 0C 00 00 27 02 04 32 
[D] LTE MIB v2: bandwidth=50 tx_antenna=4 sfn=551 earfcn=3300 pci=333
[D] QCP: log code=0xB197 len=48
[I] ML1 0xB197 ServInfo: EARFCN=3300 PCI=0 (v2)
[D] QCP: log code=0xB197 len=48
[I] ML1 0xB197 ServInfo: EARFCN=3300 PCI=134 (v2)
[D] QCP: log code=0xB0C1 len=23
[D] LTE 0xB0C1 MIB: ver=2 plen=11
[D] 0xB0C1 [11 bytes]: 02 4D 01 E4 0C 00 00 3B 02 04 32 
[D] LTE MIB v2: bandwidth=50 tx_antenna=4 sfn=571 earfcn=3300 pci=333
[D] QCP: log code=0xB0C0 len=55
[D] LTE 0xB0C0 RRC OTA: ver=27 plen=43
[D] 0xB0C0 [43 bytes]: 1B 10 10 10 90 00 4D 01 E4 0C 00 00 A5 64 03 02 00 00 00 16 00 48 49 41 33 02 A6 BE B9 D0 58 20 61 90 20 81 84 50 24 D0 50 00 00 
[D] v25 item: rrc=16.16 nr_rrc=16.144 rbid=0 pci=333 earfcn=3300 sfn_subfn=25765 pdu_num=3 sib_mask=2 len=22
[I] [SIB1] EARFCN=3300 PCI=333 MCC=250 MNC=99 CID=199990533 TAC=678 barred=0 csg=0
[D] QCP: log code=0xB17F len=52
[I] ML1 0xB17F PCI 30 → 134 (corrected from 0xB197)
[I] ML1 0xB17F SCell: EARFCN=3300 PCI=134 RSRP=-96 RSRQ=-27(raw,dropped) RSSI=-85 (v5)
[D] QCP: log code=0xB197 len=48
[I] ML1 0xB197 ServInfo: EARFCN=3300 PCI=3 (v2)
[D] QCP: log code=0xB197 len=48
[I] ML1 0xB197 ServInfo: EARFCN=200 PCI=7 (v2)
[D] QCP: log code=0xB0C1 len=23
[D] LTE 0xB0C1 MIB: ver=2 plen=11
[D] 0xB0C1 [11 bytes]: 02 D2 01 C8 00 00 00 55 00 01 32 
[D] LTE MIB v2: bandwidth=50 tx_antenna=1 sfn=85 earfcn=200 pci=466
[D] QCP: log code=0xB0C0 len=59
[D] LTE 0xB0C0 RRC OTA: ver=27 plen=47
[D] 0xB0C0 [47 bytes]: 1B 10 10 10 90 00 D2 01 C8 00 00 00 65 05 03 02 00 00 00 1A 00 48 C9 40 05 92 80 46 3D 29 7D 1D EC B0 50 04 20 21 02 08 98 46 C2 47 F5 20 00 
[D] v25 item: rrc=16.16 nr_rrc=16.144 rbid=0 pci=466 earfcn=200 sfn_subfn=1381 pdu_num=3 sib_mask=2 len=26
[I] [SIB1] EARFCN=200 PCI=466 MCC=250 MNC=2 CID=199815013 TAC=7828 barred=0 csg=0
[I] [SIB1] EARFCN=200 PCI=466 MCC=250 MNC=11 CID=199815013 TAC=7828 barred=0 csg=0
[D] QCP: log code=0xB17F len=52
[I] ML1 0xB17F PCI 31 → 7 (corrected from 0xB197)
[I] ML1 0xB17F SCell: EARFCN=200 PCI=7 RSRP=-98 RSRQ=-26(raw,dropped) RSSI=-88 (v5)
[D] QCP: log code=0xB197 len=48
[I] ML1 0xB197 ServInfo: EARFCN=200 PCI=5 (v2)
[D] QCP: log code=0xB0C1 len=23
[D] LTE 0xB0C1 MIB: ver=2 plen=11
[D] 0xB0C1 [11 bytes]: 02 E0 00 C8 00 00 00 5F 00 01 32 
[D] LTE MIB v2: bandwidth=50 tx_antenna=1 sfn=95 earfcn=200 pci=224
[D] QCP: log code=0xB0C0 len=59
[D] LTE 0xB0C0 RRC OTA: ver=27 plen=47
[D] 0xB0C0 [47 bytes]: 1B 10 10 10 90 00 E0 00 C8 00 00 00 05 86 03 02 00 00 00 1A 00 48 C9 40 05 92 80 46 3D 29 7D 1D EC D0 50 04 20 21 02 08 98 46 C2 47 F5 20 00 
[D] v25 item: rrc=16.16 nr_rrc=16.144 rbid=0 pci=224 earfcn=200 sfn_subfn=34309 pdu_num=3 sib_mask=2 len=26
[I] [SIB1] EARFCN=200 PCI=224 MCC=250 MNC=2 CID=199815014 TAC=7828 barred=0 csg=0
[I] [SIB1] EARFCN=200 PCI=224 MCC=250 MNC=11 CID=199815014 TAC=7828 barred=0 csg=0
[D] QCP: log code=0xB17F len=52
[I] ML1 0xB17F PCI 29 → 5 (corrected from 0xB197)
[I] ML1 0xB17F SCell: EARFCN=200 PCI=5 RSRP=-99 RSRQ=-26(raw,dropped) RSSI=-88 (v5)
[D] QCP: log code=0xB197 len=48
[I] ML1 0xB197 ServInfo: EARFCN=200 PCI=1 (v2)
[D] QCP: log code=0xB197 len=48
[I] ML1 0xB197 ServInfo: EARFCN=200 PCI=2 (v2)
[D] QCP: log code=0xB197 len=48
[I] ML1 0xB197 ServInfo: EARFCN=200 PCI=1 (v2)
[D] QCP: log code=0xB197 len=48
[I] ML1 0xB197 ServInfo: EARFCN=3400 PCI=135 (v2)
[D] QCP: log code=0xB0C1 len=23
[D] LTE 0xB0C1 MIB: ver=2 plen=11
[D] 0xB0C1 [11 bytes]: 02 D4 01 48 0D 00 00 F1 02 02 32 
[D] LTE MIB v2: bandwidth=50 tx_antenna=2 sfn=753 earfcn=3400 pci=468
[D] QCP: log code=0xB0C0 len=55
[D] LTE 0xB0C0 RRC OTA: ver=27 plen=43
[D] 0xB0C0 [43 bytes]: 1B 10 10 10 90 00 D4 01 48 0D 00 00 25 6F 03 02 00 00 00 16 00 48 49 40 41 4D 07 BF 2E 91 78 20 61 80 81 84 4C 23 61 23 3A 8E 00 
[D] v25 item: rrc=16.16 nr_rrc=16.144 rbid=0 pci=468 earfcn=3400 sfn_subfn=28453 pdu_num=3 sib_mask=2 len=22
[I] [SIB1] EARFCN=3400 PCI=468 MCC=250 MNC=20 CID=200468759 TAC=19719 barred=0 csg=0
[D] QCP: log code=0xB17F len=52
[I] ML1 0xB17F PCI 31 → 135 (corrected from 0xB197)
[I] ML1 0xB17F SCell: EARFCN=3400 PCI=135 RSRP=-88 RSRQ=-25(raw,dropped) RSSI=-85 (v5)
[D] QCP: log code=0xB197 len=48
[I] ML1 0xB197 ServInfo: EARFCN=3400 PCI=132 (v2)
[D] QCP: log code=0xB0C1 len=23
[D] LTE 0xB0C1 MIB: ver=2 plen=11
[D] 0xB0C1 [11 bytes]: 02 6B 00 48 0D 00 00 26 03 02 32 
[D] LTE MIB v2: bandwidth=50 tx_antenna=2 sfn=806 earfcn=3400 pci=107
[D] QCP: log code=0xB197 len=48
[I] ML1 0xB197 ServInfo: EARFCN=100 PCI=133 (v2)
[D] QCP: log code=0xB0C1 len=23
[D] LTE 0xB0C1 MIB: ver=2 plen=11
[D] 0xB0C1 [11 bytes]: 02 AE 00 64 00 00 00 0F 03 02 32 
[D] LTE MIB v2: bandwidth=50 tx_antenna=2 sfn=783 earfcn=100 pci=174
[D] QCP: log code=0xB0C0 len=55
[D] LTE 0xB0C0 RRC OTA: ver=27 plen=43
[D] 0xB0C0 [43 bytes]: 1B 10 10 10 90 00 AE 00 64 00 00 00 05 31 03 02 00 00 00 16 00 48 49 40 41 4D 07 BF 2E 93 58 20 01 80 81 84 4C 23 61 23 3A 8E 00 
[D] v25 item: rrc=16.16 nr_rrc=16.144 rbid=0 pci=174 earfcn=100 sfn_subfn=12549 pdu_num=3 sib_mask=2 len=22
[I] [SIB1] EARFCN=100 PCI=174 MCC=250 MNC=20 CID=200468789 TAC=19719 barred=0 csg=0
[D] QCP: log code=0xB17F len=52
[I] ML1 0xB17F PCI 29 → 133 (corrected from 0xB197)
[I] ML1 0xB17F SCell: EARFCN=100 PCI=133 RSRP=-96 RSRQ=-25(raw,dropped) RSSI=-89 (v5)
[D] QCP: log code=0xB197 len=48
[I] ML1 0xB197 ServInfo: EARFCN=100 PCI=132 (v2)
[D] QCP: log code=0xB0C1 len=23
[D] LTE 0xB0C1 MIB: ver=2 plen=11
[D] 0xB0C1 [11 bytes]: 02 12 00 64 00 00 00 71 01 02 32 
[D] LTE MIB v2: bandwidth=50 tx_antenna=2 sfn=369 earfcn=100 pci=18
[D] QCP: log code=0xB0C0 len=55
[D] LTE 0xB0C0 RRC OTA: ver=27 plen=43
[D] 0xB0C0 [43 bytes]: 1B 10 10 10 90 00 12 00 64 00 00 00 45 57 03 02 00 00 00 16 00 48 49 40 41 4E 3D BE BF 83 48 20 01 80 81 84 4C 23 61 23 3A 8E 00 
[D] v25 item: rrc=16.16 nr_rrc=16.144 rbid=0 pci=18 earfcn=100 sfn_subfn=22341 pdu_num=3 sib_mask=2 len=22
[I] [SIB1] EARFCN=100 PCI=18 MCC=250 MNC=20 CID=200013876 TAC=20029 barred=0 csg=0
[D] QCP: log code=0xB17F len=52
[I] ML1 0xB17F PCI 28 → 132 (corrected from 0xB197)
[I] ML1 0xB17F SCell: EARFCN=100 PCI=132 RSRP=-107 RSRQ=-27(raw,dropped) RSSI=-88 (v5)
[D] QCP: log code=0xB197 len=48
[I] ML1 0xB197 ServInfo: EARFCN=100 PCI=1 (v2)
[D] QCP: log code=0xB197 len=48
[I] ML1 0xB197 ServInfo: EARFCN=100 PCI=132 (v2)
[D] QCP: log code=0xB0C1 len=23
[D] LTE 0xB0C1 MIB: ver=2 plen=11
[D] 0xB0C1 [11 bytes]: 02 77 00 64 00 00 00 87 01 02 32 
[D] LTE MIB v2: bandwidth=50 tx_antenna=2 sfn=391 earfcn=100 pci=119
[D] QCP: log code=0xB197 len=48
[I] ML1 0xB197 ServInfo: EARFCN=100 PCI=133 (v2)
[D] QCP: log code=0xB0C1 len=23
[D] LTE 0xB0C1 MIB: ver=2 plen=11
[D] 0xB0C1 [11 bytes]: 02 D8 00 64 00 00 00 83 03 02 32 
[D] LTE MIB v2: bandwidth=50 tx_antenna=2 sfn=899 earfcn=100 pci=216
[D] QCP: log code=0xB197 len=48
[I] ML1 0xB197 ServInfo: EARFCN=100 PCI=1 (v2)
[D] QCP: log code=0xB197 len=48
[I] ML1 0xB197 ServInfo: EARFCN=100 PCI=1 (v2)
[D] QCP: log code=0xB197 len=48
[I] ML1 0xB197 ServInfo: EARFCN=39146 PCI=132 (v2)
[D] QCP: log code=0xB0C1 len=23
[D] LTE 0xB0C1 MIB: ver=2 plen=11
[D] 0xB0C1 [11 bytes]: 02 71 00 EA 98 00 00 EE 01 04 64 
[D] LTE MIB v2: bandwidth=100 tx_antenna=4 sfn=494 earfcn=39146 pci=113
[D] QCP: log code=0xB0C0 len=55
[D] LTE 0xB0C0 RRC OTA: ver=27 plen=43
[D] 0xB0C0 [43 bytes]: 1B 10 10 10 90 00 71 00 EA 98 00 00 05 9F 03 02 00 00 00 16 00 58 49 40 41 4E 3D BF 7B 02 68 2A 71 80 81 84 4C 23 61 22 76 55 1C 
[D] v25 item: rrc=16.16 nr_rrc=16.144 rbid=0 pci=113 earfcn=39146 sfn_subfn=40709 pdu_num=3 sib_mask=2 len=22
[I] [SIB1] EARFCN=39146 PCI=113 MCC=250 MNC=20 CID=200781862 TAC=20029 barred=0 csg=0
[D] QCP: log code=0xB17F len=52
[I] ML1 0xB17F PCI 28 → 132 (corrected from 0xB197)
[I] ML1 0xB17F SCell: EARFCN=39146 PCI=132 RSRP=-121 RSRQ=-28(raw,dropped) RSSI=-95 (v5)
[D] QCP: log code=0xB197 len=48
[I] ML1 0xB197 ServInfo: EARFCN=39146 PCI=132 (v2)
[D] QCP: log code=0xB0C1 len=23
[D] LTE 0xB0C1 MIB: ver=2 plen=11
[D] 0xB0C1 [11 bytes]: 02 78 00 EA 98 00 00 FA 01 04 64 
[D] LTE MIB v2: bandwidth=100 tx_antenna=4 sfn=506 earfcn=39146 pci=120
[D] QCP: log code=0xB0C0 len=55
[D] LTE 0xB0C0 RRC OTA: ver=27 plen=43
[D] 0xB0C0 [43 bytes]: 1B 10 10 10 90 00 78 00 EA 98 00 00 C5 DF 03 02 00 00 00 16 00 58 49 40 41 4E 3D BF 7B 02 78 2A 71 80 81 84 4C 23 61 22 76 35 1C 
[D] v25 item: rrc=16.16 nr_rrc=16.144 rbid=0 pci=120 earfcn=39146 sfn_subfn=57285 pdu_num=3 sib_mask=2 len=22
[I] [SIB1] EARFCN=39146 PCI=120 MCC=250 MNC=20 CID=200781863 TAC=20029 barred=0 csg=0
[D] QCP: log code=0xB17F len=52
[I] ML1 0xB17F PCI 28 → 132 (corrected from 0xB197)
[I] ML1 0xB17F SCell: EARFCN=39146 PCI=132 RSRP=-119 RSRQ=-27(raw,dropped) RSSI=-95 (v5)
[D] QCP: log code=0xB197 len=48
[I] ML1 0xB197 ServInfo: EARFCN=39146 PCI=3 (v2)
[D] QCP: log code=0xB197 len=48
[I] ML1 0xB197 ServInfo: EARFCN=39146 PCI=2 (v2)
[D] QCP: log code=0xB197 len=48
[I] ML1 0xB197 ServInfo: EARFCN=39146 PCI=132 (v2)
[D] QCP: log code=0xB0C1 len=23
[D] LTE 0xB0C1 MIB: ver=2 plen=11
[D] 0xB0C1 [11 bytes]: 02 11 00 EA 98 00 00 17 02 04 64 
[D] LTE MIB v2: bandwidth=100 tx_antenna=4 sfn=535 earfcn=39146 pci=17
[D] QCP: log code=0xB197 len=48
[I] ML1 0xB197 ServInfo: EARFCN=39146 PCI=1 (v2)
[D] QCP: log code=0xB197 len=48
[I] ML1 0xB197 ServInfo: EARFCN=39146 PCI=0 (v2)
[D] QCP: log code=0xB197 len=48
[I] ML1 0xB197 ServInfo: EARFCN=6413 PCI=134 (v2)
[D] QCP: log code=0xB0C1 len=23
[D] LTE 0xB0C1 MIB: ver=2 plen=11
[D] 0xB0C1 [11 bytes]: 02 02 01 0D 19 00 00 B8 01 01 19 
[D] LTE MIB v2: bandwidth=25 tx_antenna=1 sfn=440 earfcn=6413 pci=258
[D] QCP: log code=0xB0C0 len=55
[D] LTE 0xB0C0 RRC OTA: ver=27 plen=43
[D] 0xB0C0 [43 bytes]: 1B 10 10 10 90 00 02 01 0D 19 00 00 A5 1B 03 02 00 00 00 16 00 60 49 41 33 0D DA BE B5 31 79 10 6C 98 48 40 84 11 63 00 00 00 00 
[D] v25 item: rrc=16.16 nr_rrc=16.144 rbid=0 pci=258 earfcn=6413 sfn_subfn=7077 pdu_num=3 sib_mask=2 len=22
[I] [SIB1] EARFCN=6413 PCI=258 MCC=250 MNC=99 CID=199971607 TAC=3546 barred=0 csg=0
[D] QCP: log code=0xB17F len=52
[I] ML1 0xB17F PCI 30 → 134 (corrected from 0xB197)
[I] ML1 0xB17F SCell: EARFCN=6413 PCI=134 RSRP=-101 RSRQ=-24(raw,dropped) RSSI=-96 (v5)
[D] QCP: log code=0xB197 len=48
[I] ML1 0xB197 ServInfo: EARFCN=6413 PCI=133 (v2)
[D] QCP: log code=0xB0C1 len=23
[D] LTE 0xB0C1 MIB: ver=2 plen=11
[D] 0xB0C1 [11 bytes]: 02 DE 00 0D 19 00 00 50 01 02 19 
[D] LTE MIB v2: bandwidth=25 tx_antenna=2 sfn=336 earfcn=6413 pci=222
[D] QCP: log code=0xB197 len=48
[I] ML1 0xB197 ServInfo: EARFCN=6413 PCI=134 (v2)
[D] QCP: log code=0xB0C1 len=23
[D] LTE 0xB0C1 MIB: ver=2 plen=11
[D] 0xB0C1 [11 bytes]: 02 59 01 0D 19 00 00 2B 03 02 19 
[D] LTE MIB v2: bandwidth=25 tx_antenna=2 sfn=811 earfcn=6413 pci=345
[D] QCP: log code=0xB197 len=48
[I] ML1 0xB197 ServInfo: EARFCN=6413 PCI=135 (v2)
[D] QCP: log code=0xB0C1 len=23
[D] LTE 0xB0C1 MIB: ver=2 plen=11
[D] 0xB0C1 [11 bytes]: 02 87 01 0D 19 00 00 B7 03 02 19 
[D] LTE MIB v2: bandwidth=25 tx_antenna=2 sfn=951 earfcn=6413 pci=391
[D] QCP: log code=0xB197 len=48
[I] ML1 0xB197 ServInfo: EARFCN=6413 PCI=135 (v2)
[D] QCP: log code=0xB0C1 len=23
[D] LTE 0xB0C1 MIB: ver=2 plen=11
[D] 0xB0C1 [11 bytes]: 02 87 01 0D 19 00 00 C5 03 02 19 
[D] LTE MIB v2: bandwidth=25 tx_antenna=2 sfn=965 earfcn=6413 pci=391
[D] QCP: log code=0xB197 len=48
[I] ML1 0xB197 ServInfo: EARFCN=525 PCI=133 (v2)
[D] QCP: log code=0xB0C1 len=23
[D] LTE 0xB0C1 MIB: ver=2 plen=11
[D] 0xB0C1 [11 bytes]: 02 B6 00 0D 02 00 00 93 01 04 4B 
[D] LTE MIB v2: bandwidth=75 tx_antenna=4 sfn=403 earfcn=525 pci=182
[D] QCP: log code=0xB0C0 len=55
[D] LTE 0xB0C0 RRC OTA: ver=27 plen=43
[D] 0xB0C0 [43 bytes]: 1B 10 10 10 90 00 B6 00 0D 02 00 00 45 D9 03 02 00 00 00 16 00 48 49 41 33 02 A6 BE BA 66 68 20 01 90 20 81 84 50 24 CC 50 00 00 
[D] v25 item: rrc=16.16 nr_rrc=16.144 rbid=0 pci=182 earfcn=525 sfn_subfn=55621 pdu_num=3 sib_mask=2 len=22
[I] [SIB1] EARFCN=525 PCI=182 MCC=250 MNC=99 CID=199992934 TAC=678 barred=0 csg=0
[D] QCP: log code=0xB17F len=52
[I] ML1 0xB17F PCI 29 → 133 (corrected from 0xB197)
[I] ML1 0xB17F SCell: EARFCN=525 PCI=133 RSRP=-90 RSRQ=-27(raw,dropped) RSSI=-81 (v5)
[D] QCP: log code=0xB197 len=48
[I] ML1 0xB197 ServInfo: EARFCN=525 PCI=1 (v2)
[D] QCP: log code=0xB197 len=48
[I] ML1 0xB197 ServInfo: EARFCN=525 PCI=1 (v2)
[D] QCP: log code=0xB197 len=48
[I] ML1 0xB197 ServInfo: EARFCN=525 PCI=1 (v2)
[D] QCP: log code=0xB197 len=48
[I] ML1 0xB197 ServInfo: EARFCN=525 PCI=3 (v2)
[D] QCP: log code=0xB197 len=48
[I] ML1 0xB197 ServInfo: EARFCN=2850 PCI=135 (v2)
[D] QCP: log code=0xB0C1 len=23
[D] LTE 0xB0C1 MIB: ver=2 plen=11
[D] 0xB0C1 [11 bytes]: 02 B6 01 22 0B 00 00 BF 03 02 64 
[D] LTE MIB v2: bandwidth=100 tx_antenna=2 sfn=959 earfcn=2850 pci=438
[D] QCP: log code=0xB0C0 len=59
[D] LTE 0xB0C0 RRC OTA: ver=27 plen=47
[D] 0xB0C0 [47 bytes]: 1B 10 10 10 90 00 B6 01 22 0B 00 00 05 3C 03 02 00 00 00 1A 00 48 C9 40 05 92 80 46 3D 29 7E D0 20 90 50 C4 20 21 02 08 98 46 C2 46 B5 20 00 
[D] v25 item: rrc=16.16 nr_rrc=16.144 rbid=0 pci=438 earfcn=2850 sfn_subfn=15365 pdu_num=3 sib_mask=2 len=26
[I] [SIB1] EARFCN=2850 PCI=438 MCC=250 MNC=2 CID=200704260 TAC=7828 barred=0 csg=0
[I] [SIB1] EARFCN=2850 PCI=438 MCC=250 MNC=11 CID=200704260 TAC=7828 barred=0 csg=0
[D] QCP: log code=0xB17F len=52
[I] ML1 0xB17F PCI 31 → 135 (corrected from 0xB197)
[I] ML1 0xB17F SCell: EARFCN=2850 PCI=135 RSRP=-83 RSRQ=-25(raw,dropped) RSSI=-82 (v5)
[D] QCP: log code=0xB197 len=48
[I] ML1 0xB197 ServInfo: EARFCN=2850 PCI=6 (v2)
[D] QCP: log code=0xB0C1 len=23
[D] LTE 0xB0C1 MIB: ver=2 plen=11
[D] 0xB0C1 [11 bytes]: 02 6F 01 22 0B 00 00 5C 02 02 64 
[D] LTE MIB v2: bandwidth=100 tx_antenna=2 sfn=604 earfcn=2850 pci=367
[D] QCP: log code=0xB0C0 len=59
[D] LTE 0xB0C0 RRC OTA: ver=27 plen=47
[D] 0xB0C0 [47 bytes]: 1B 10 10 10 90 00 6F 01 22 0B 00 00 E5 A5 03 02 00 00 00 1A 00 48 C9 40 05 92 80 46 3D 29 7D 1D F1 D0 50 C4 20 21 02 08 98 46 C2 46 45 20 00 
[D] v25 item: rrc=16.16 nr_rrc=16.144 rbid=0 pci=367 earfcn=2850 sfn_subfn=42469 pdu_num=3 sib_mask=2 len=26
[I] [SIB1] EARFCN=2850 PCI=367 MCC=250 MNC=2 CID=199815054 TAC=7828 barred=0 csg=0
[I] [SIB1] EARFCN=2850 PCI=367 MCC=250 MNC=11 CID=199815054 TAC=7828 barred=0 csg=0
[D] QCP: log code=0xB17F len=52
[I] ML1 0xB17F PCI 30 → 6 (corrected from 0xB197)
[I] ML1 0xB17F SCell: EARFCN=2850 PCI=6 RSRP=-92 RSRQ=-26(raw,dropped) RSSI=-82 (v5)
[D] QCP: log code=0xB197 len=48
[I] ML1 0xB197 ServInfo: EARFCN=2850 PCI=7 (v2)
[D] QCP: log code=0xB0C1 len=23
[D] LTE 0xB0C1 MIB: ver=2 plen=11
[D] 0xB0C1 [11 bytes]: 02 8E 01 22 0B 00 00 69 02 02 64 
[D] LTE MIB v2: bandwidth=100 tx_antenna=2 sfn=617 earfcn=2850 pci=398
[D] QCP: log code=0xB197 len=48
[I] ML1 0xB197 ServInfo: EARFCN=1596 PCI=133 (v2)
[D] QCP: log code=0xB0C1 len=23
[D] LTE 0xB0C1 MIB: ver=2 plen=11
[D] 0xB0C1 [11 bytes]: 02 9D 00 3C 06 00 00 96 02 02 32 
[D] LTE MIB v2: bandwidth=50 tx_antenna=2 sfn=662 earfcn=1596 pci=157
[D] QCP: log code=0xB0C0 len=59
[D] LTE 0xB0C0 RRC OTA: ver=27 plen=47
[D] 0xB0C0 [47 bytes]: 1B 10 10 10 90 00 9D 00 3C 06 00 00 85 A9 03 02 00 00 00 1A 00 48 C9 40 05 92 80 46 3D 29 7D 1D F9 30 50 44 20 21 02 08 98 46 C2 46 45 20 00 
[D] v25 item: rrc=16.16 nr_rrc=16.144 rbid=0 pci=157 earfcn=1596 sfn_subfn=43397 pdu_num=3 sib_mask=2 len=26
[I] [SIB1] EARFCN=1596 PCI=157 MCC=250 MNC=2 CID=199815113 TAC=7828 barred=0 csg=0
[I] [SIB1] EARFCN=1596 PCI=157 MCC=250 MNC=11 CID=199815113 TAC=7828 barred=0 csg=0
[D] QCP: log code=0xB17F len=52
[I] ML1 0xB17F PCI 29 → 133 (corrected from 0xB197)
[I] ML1 0xB17F SCell: EARFCN=1596 PCI=133 RSRP=-86 RSRQ=-26(raw,dropped) RSSI=-83 (v5)
[D] QCP: log code=0xB197 len=48
[I] ML1 0xB197 ServInfo: EARFCN=1596 PCI=135 (v2)
[D] QCP: log code=0xB0C1 len=23
[D] LTE 0xB0C1 MIB: ver=2 plen=11
[D] 0xB0C1 [11 bytes]: 02 BF 01 3C 06 00 00 FD 02 02 32 
[D] LTE MIB v2: bandwidth=50 tx_antenna=2 sfn=765 earfcn=1596 pci=447
[D] QCP: log code=0xB0C0 len=59
[D] LTE 0xB0C0 RRC OTA: ver=27 plen=47
[D] 0xB0C0 [47 bytes]: 1B 10 10 10 90 00 BF 01 3C 06 00 00 E5 2F 03 02 00 00 00 1A 00 48 C9 40 05 92 80 46 3D 29 80 14 99 70 50 44 20 21 02 08 98 46 C2 46 75 20 00 
[D] v25 item: rrc=16.16 nr_rrc=16.144 rbid=0 pci=447 earfcn=1596 sfn_subfn=12261 pdu_num=3 sib_mask=2 len=26
[I] [SIB1] EARFCN=1596 PCI=447 MCC=250 MNC=2 CID=201368779 TAC=7828 barred=0 csg=0
[I] [SIB1] EARFCN=1596 PCI=447 MCC=250 MNC=11 CID=201368779 TAC=7828 barred=0 csg=0
[D] QCP: log code=0xB17F len=52
[I] ML1 0xB17F PCI 31 → 135 (corrected from 0xB197)
[I] ML1 0xB17F SCell: EARFCN=1596 PCI=135 RSRP=-89 RSRQ=-26(raw,dropped) RSSI=-83 (v5)
[D] QCP: log code=0xB197 len=48
[I] ML1 0xB197 ServInfo: EARFCN=1596 PCI=134 (v2)
[D] QCP: log code=0xB0C1 len=23
[D] LTE 0xB0C1 MIB: ver=2 plen=11
[D] 0xB0C1 [11 bytes]: 02 13 01 3C 06 00 00 AC 02 02 32 
[D] LTE MIB v2: bandwidth=50 tx_antenna=2 sfn=684 earfcn=1596 pci=275
[D] QCP: log code=0xB0C0 len=59
[D] LTE 0xB0C0 RRC OTA: ver=27 plen=47
[D] 0xB0C0 [47 bytes]: 1B 10 10 10 90 00 13 01 3C 06 00 00 E5 2A 03 02 00 00 00 1A 00 48 C9 40 05 92 80 46 3D 29 7D 1D F9 50 50 44 20 21 02 08 98 46 C2 47 F5 20 00 
[D] v25 item: rrc=16.16 nr_rrc=16.144 rbid=0 pci=275 earfcn=1596 sfn_subfn=10981 pdu_num=3 sib_mask=2 len=26
[I] [SIB1] EARFCN=1596 PCI=275 MCC=250 MNC=2 CID=199815114 TAC=7828 barred=0 csg=0
[I] [SIB1] EARFCN=1596 PCI=275 MCC=250 MNC=11 CID=199815114 TAC=7828 barred=0 csg=0
[D] QCP: log code=0xB17F len=52
[I] ML1 0xB17F PCI 30 → 134 (corrected from 0xB197)
[I] ML1 0xB17F SCell: EARFCN=1596 PCI=134 RSRP=-93 RSRQ=-27(raw,dropped) RSSI=-83 (v5)
[D] QCP: log code=0xB197 len=48
[I] ML1 0xB197 ServInfo: EARFCN=1596 PCI=3 (v2)
[D] QCP: log code=0xB197 len=48
[I] ML1 0xB197 ServInfo: EARFCN=1596 PCI=3 (v2)
[D] QCP: log code=0xB197 len=48
[I] ML1 0xB197 ServInfo: EARFCN=1596 PCI=2 (v2)
[D] QCP: log code=0xB197 len=48
[I] ML1 0xB197 ServInfo: EARFCN=3750 PCI=134 (v2)
[D] QCP: log code=0xB0C1 len=23
[D] LTE 0xB0C1 MIB: ver=2 plen=11
[D] 0xB0C1 [11 bytes]: 02 3C 01 A6 0E 00 00 D2 02 02 32 
[D] LTE MIB v2: bandwidth=50 tx_antenna=2 sfn=722 earfcn=3750 pci=316
[D] QCP: log code=0xB0C0 len=59
[D] LTE 0xB0C0 RRC OTA: ver=27 plen=47
[D] 0xB0C0 [47 bytes]: 1B 10 10 10 90 00 3C 01 A6 0E 00 00 45 6D 03 02 00 00 00 1A 00 48 C9 40 05 92 80 46 3D 29 7D 1D FF 70 50 E4 20 21 02 08 98 46 C2 46 A5 20 00 
[D] v25 item: rrc=16.16 nr_rrc=16.144 rbid=0 pci=316 earfcn=3750 sfn_subfn=27973 pdu_num=3 sib_mask=2 len=26
[I] [SIB1] EARFCN=3750 PCI=316 MCC=250 MNC=2 CID=199815163 TAC=7828 barred=0 csg=0
[I] [SIB1] EARFCN=3750 PCI=316 MCC=250 MNC=11 CID=199815163 TAC=7828 barred=0 csg=0
[D] QCP: log code=0xB17F len=52
[I] ML1 0xB17F PCI 30 → 134 (corrected from 0xB197)
[I] ML1 0xB17F SCell: EARFCN=3750 PCI=134 RSRP=-87 RSRQ=-25(raw,dropped) RSSI=-85 (v5)
[D] QCP: log code=0xB197 len=48
[I] ML1 0xB197 ServInfo: EARFCN=3750 PCI=134 (v2)
[D] QCP: log code=0xB0C1 len=23
[D] LTE 0xB0C1 MIB: ver=2 plen=11
[D] 0xB0C1 [11 bytes]: 02 67 01 A6 0E 00 00 DD 02 02 32 
[D] LTE MIB v2: bandwidth=50 tx_antenna=2 sfn=733 earfcn=3750 pci=359
[D] QCP: log code=0xB0C0 len=59
[D] LTE 0xB0C0 RRC OTA: ver=27 plen=47
[D] 0xB0C0 [47 bytes]: 1B 10 10 10 90 00 67 01 A6 0E 00 00 E5 AD 03 02 00 00 00 1A 00 48 C9 40 05 92 80 46 3D 29 7D 1D FF 90 50 E4 20 21 02 08 98 46 C2 46 E5 20 00 
[D] v25 item: rrc=16.16 nr_rrc=16.144 rbid=0 pci=359 earfcn=3750 sfn_subfn=44517 pdu_num=3 sib_mask=2 len=26
[I] [SIB1] EARFCN=3750 PCI=359 MCC=250 MNC=2 CID=199815164 TAC=7828 barred=0 csg=0
[I] [SIB1] EARFCN=3750 PCI=359 MCC=250 MNC=11 CID=199815164 TAC=7828 barred=0 csg=0
[D] QCP: log code=0xB17F len=52
[I] ML1 0xB17F PCI 30 → 134 (corrected from 0xB197)
[I] ML1 0xB17F SCell: EARFCN=3750 PCI=134 RSRP=-92 RSRQ=-27(raw,dropped) RSSI=-84 (v5)
[D] QCP: log code=0xB197 len=48
[I] ML1 0xB197 ServInfo: EARFCN=3750 PCI=132 (v2)
[D] QCP: log code=0xB0C1 len=23
[D] LTE 0xB0C1 MIB: ver=2 plen=11
[D] 0xB0C1 [11 bytes]: 02 3F 00 A6 0E 00 00 34 00 01 32 
[D] LTE MIB v2: bandwidth=50 tx_antenna=1 sfn=52 earfcn=3750 pci=63
[D] QCP: log code=0xB0C0 len=59
[D] LTE 0xB0C0 RRC OTA: ver=27 plen=47
[D] 0xB0C0 [47 bytes]: 1B 10 10 10 90 00 3F 00 A6 0E 00 00 65 43 03 02 00 00 00 1A 00 48 C9 40 05 92 80 47 76 1B 81 73 1F 50 50 E4 20 21 02 08 98 46 C2 47 65 20 00 
[D] v25 item: rrc=16.16 nr_rrc=16.144 rbid=0 pci=63 earfcn=3750 sfn_subfn=17253 pdu_num=3 sib_mask=2 len=26
[I] [SIB1] EARFCN=3750 PCI=63 MCC=250 MNC=2 CID=202086650 TAC=47885 barred=0 csg=0
[I] [SIB1] EARFCN=3750 PCI=63 MCC=250 MNC=11 CID=202086650 TAC=47885 barred=0 csg=0
[D] QCP: log code=0xB17F len=52
[I] ML1 0xB17F PCI 28 → 132 (corrected from 0xB197)
[I] ML1 0xB17F SCell: EARFCN=3750 PCI=132 RSRP=-96 RSRQ=-26(raw,dropped) RSSI=-87 (v5)
[D] QCP: log code=0xB197 len=48
[I] ML1 0xB197 ServInfo: EARFCN=3750 PCI=2 (v2)
[D] QCP: log code=0xB197 len=48
[I] ML1 0xB197 ServInfo: EARFCN=3048 PCI=135 (v2)
[D] QCP: log code=0xB0C1 len=23
[D] LTE 0xB0C1 MIB: ver=2 plen=11
[D] 0xB0C1 [11 bytes]: 02 B6 01 E8 0B 00 00 6B 00 02 64 
[D] LTE MIB v2: bandwidth=100 tx_antenna=2 sfn=107 earfcn=3048 pci=438
[D] QCP: log code=0xB0C0 len=59
[D] LTE 0xB0C0 RRC OTA: ver=27 plen=47
[D] 0xB0C0 [47 bytes]: 1B 10 10 10 90 00 B6 01 E8 0B 00 00 C5 C6 03 02 00 00 00 1A 00 48 C9 40 05 92 80 46 3D 29 7E D0 20 30 50 C4 20 21 02 08 98 46 C2 47 95 20 00 
[D] v25 item: rrc=16.16 nr_rrc=16.144 rbid=0 pci=438 earfcn=3048 sfn_subfn=50885 pdu_num=3 sib_mask=2 len=26
[I] [SIB1] EARFCN=3048 PCI=438 MCC=250 MNC=2 CID=200704257 TAC=7828 barred=0 csg=0
[I] [SIB1] EARFCN=3048 PCI=438 MCC=250 MNC=11 CID=200704257 TAC=7828 barred=0 csg=0
[D] QCP: log code=0xB17F len=52
[I] ML1 0xB17F PCI 31 → 135 (corrected from 0xB197)
[I] ML1 0xB17F SCell: EARFCN=3048 PCI=135 RSRP=-84 RSRQ=-25(raw,dropped) RSSI=-81 (v5)
[D] QCP: log code=0xB197 len=48
[I] ML1 0xB197 ServInfo: EARFCN=3048 PCI=6 (v2)
[D] QCP: log code=0xB0C1 len=23
[D] LTE 0xB0C1 MIB: ver=2 plen=11
[D] 0xB0C1 [11 bytes]: 02 6F 01 E8 0B 00 00 08 03 02 64 
[D] LTE MIB v2: bandwidth=100 tx_antenna=2 sfn=776 earfcn=3048 pci=367
[D] QCP: log code=0xB0C0 len=59
[D] LTE 0xB0C0 RRC OTA: ver=27 plen=47
[D] 0xB0C0 [47 bytes]: 1B 10 10 10 90 00 6F 01 E8 0B 00 00 A5 B0 03 02 00 00 00 1A 00 48 C9 40 05 92 80 46 3D 29 7D 1D F1 F0 50 C4 20 21 02 08 98 46 C2 46 B5 20 00 
[D] v25 item: rrc=16.16 nr_rrc=16.144 rbid=0 pci=367 earfcn=3048 sfn_subfn=45221 pdu_num=3 sib_mask=2 len=26
[I] [SIB1] EARFCN=3048 PCI=367 MCC=250 MNC=2 CID=199815055 TAC=7828 barred=0 csg=0
[I] [SIB1] EARFCN=3048 PCI=367 MCC=250 MNC=11 CID=199815055 TAC=7828 barred=0 csg=0
[D] QCP: log code=0xB17F len=52
[I] ML1 0xB17F PCI 30 → 6 (corrected from 0xB197)
[I] ML1 0xB17F SCell: EARFCN=3048 PCI=6 RSRP=-91 RSRQ=-27(raw,dropped) RSSI=-81 (v5)
[D] QCP: log code=0xB197 len=48
[I] ML1 0xB197 ServInfo: EARFCN=3048 PCI=3 (v2)
[D] QCP: log code=0xB197 len=48
[I] ML1 0xB197 ServInfo: EARFCN=6275 PCI=134 (v2)
[D] QCP: log code=0xB0C1 len=23
[D] LTE 0xB0C1 MIB: ver=2 plen=11
[D] 0xB0C1 [11 bytes]: 02 16 01 83 18 00 00 E4 03 02 19 
[D] LTE MIB v2: bandwidth=25 tx_antenna=2 sfn=996 earfcn=6275 pci=278
[D] QCP: log code=0xB0C0 len=51
[D] LTE 0xB0C0 RRC OTA: ver=27 plen=39
[D] 0xB0C0 [39 bytes]: 1B 10 10 10 90 00 16 01 83 18 00 00 65 7E 03 02 00 00 00 12 00 40 49 40 03 45 8E 31 6D F0 88 21 31 10 81 04 4C 24 D7 
[D] v25 item: rrc=16.16 nr_rrc=16.144 rbid=0 pci=278 earfcn=6275 sfn_subfn=32357 pdu_num=3 sib_mask=2 len=18
[I] [SIB1] EARFCN=6275 PCI=278 MCC=250 MNC=1 CID=51830536 TAC=17806 barred=0 csg=0
[D] QCP: log code=0xB17F len=52
[I] ML1 0xB17F PCI 30 → 134 (corrected from 0xB197)
[I] ML1 0xB17F SCell: EARFCN=6275 PCI=134 RSRP=-83 RSRQ=-25(raw,dropped) RSSI=-86 (v5)
[D] QCP: log code=0xB197 len=48
[I] ML1 0xB197 ServInfo: EARFCN=6275 PCI=1 (v2)
[D] QCP: log code=0xB197 len=48
[I] ML1 0xB197 ServInfo: EARFCN=1820 PCI=133 (v2)
[I] DiagDciClient: stopping (client_id=1)...
[D] DiagDciClient: log mask disabled
[D] DiagDciClient: event mask disabled
[D] DiagDciClient: released client_id=0
[D] DiagDciClient: Diag_LSM_DeInit() done
[I] libdiag: unloaded
[I] DiagDciClient: stopped. Stats: logs=1246 events=0 parsed=700 errors=546
[I] DAEMON: PAUSE (DCI released)
[I] DiagDciClient: starting...
[D] libdiag: resolved Diag_LSM_Init @ 0x72c5527d38
[D] libdiag: resolved Diag_LSM_DeInit @ 0x72c5527f38
[D] libdiag: resolved diag_register_dci_client @ 0x72c5527d68
[D] libdiag: resolved diag_release_dci_client @ 0x72c5527dc4
[D] libdiag: using Variant B (register_dci_client)
[D] libdiag: resolved diag_register_dci_stream_proc @ 0x72c5527d78
[D] libdiag: resolved diag_log_stream_config @ 0x72c5527d98
[D] libdiag: resolved diag_event_stream_config @ 0x72c5527da0
[D] libdiag: resolved diag_get_dci_support_list_proc @ 0x72c5527d90
[D] libdiag: resolved diag_send_dci_async_req @ 0x72c5527d80
[D] libdiag: resolved diag_get_health_stats_proc @ 0x72c5527db0
[I] libdiag: loaded from libdiag.so (variant B (register_dci_client))
[I] DiagDciClient: libdiag loaded from libdiag.so
[D] DiagDciClient: Diag_LSM_Init() OK
[I] DiagDciClient: allocated client_id=1 (variant B)
[D] DiagDciClient: DCI stream callbacks registered
[I] DiagDciClient: log mask enabled (43 codes)
[I] DiagDciClient: mask contains B0C0=1 B0C1=1 B0C2=1 B0EC=1
[I] DiagDciClient: event mask enabled (23 ids)
[I] DiagDciClient: running (client_id=1, log_codes=43, event_ids=23)
[I] DAEMON: RESUME (DCI re-acquired)
[D] QCP: log code=0x412F len=51
[I] RAWCAP code=0x412F ver=132 plen=39  (Unknown)
[I] RAWCAP 0x412F v132 +000 84 28 1F 00 BF 29 78 01 41 42 BC 99 40 1E B4 FC 01 5E 28 42 50 51 05 20 A3 09 3F 48 16 EA 94 25 
[I] RAWCAP 0x412F v132 +032 45 30 59 2A 70 8F 75 
[D] QCP: log code=0x412F len=51
[D] QCP: log code=0x412F len=51
[D] QCP: log code=0x412F len=51
[D] QCP: log code=0x412F len=51
[D] QCP: log code=0x412F len=51
[D] QCP: log code=0x7131 len=15
[D] UMTS MM state=19 substate=6 update_status=0
[D] QCP: log code=0x7130 len=15
[W] UMTS NAS OTA: payload too short (3)
[D] QCP: log code=0x7131 len=15
[D] UMTS MM state=19 substate=2 update_status=0
[D] QCP: log code=0x7130 len=15
[W] UMTS NAS OTA: payload too short (3)
[D] QCP: log code=0x7131 len=15
[D] UMTS MM state=19 substate=2 update_status=0
[D] QCP: log code=0x7130 len=15
[W] UMTS NAS OTA: payload too short (3)
[D] QCP: log code=0x412F len=51
[D] QCP: log code=0x412F len=51
[D] QCP: log code=0x412F len=45
[I] RAWCAP code=0x412F ver=240 plen=33  (Unknown)
[I] RAWCAP 0x412F v240 +000 F0 28 19 00 43 29 26 00 00 00 94 04 05 AA 2F E0 0D 0C 84 04 48 64 66 24 06 08 AA D9 4A 50 10 05 
[I] RAWCAP 0x412F v240 +032 40 
[D] QCP: log code=0x412F len=30
[D] QCP: log code=0x412F len=38
[D] QCP: log code=0x412F len=34
[D] QCP: log code=0x412F len=91
[D] QCP: log code=0x412F len=196
[D] QCP: log code=0x412F len=30
[D] QCP: log code=0x412F len=50
[D] QCP: log code=0x4127 len=44
[I] RAWCAP code=0x4127 ver=141 plen=32  (WCDMA Serving Cell Info)
[I] RAWCAP 0x4127 v141 +000 8D 25 00 00 43 29 00 00 5D 78 44 00 35 00 07 00 26 00 02 05 00 02 00 0F 07 4D 00 00 DF 00 00 00 
[I] WCDMA 0x4127 Serving: UARFCN dl=10563 ul=9613 PSC=38 CID=4487261 LAC=19719 MCC=250 MNC=20
[D] QCP: log code=0x4111 len=184
[I] RAWCAP code=0x4111 ver=1 plen=172  (WCDMA Neighbor Set)
[I] RAWCAP 0x4111 v1 +000 01 43 29 18 5C 00 00 FF FF FF FF A2 00 00 FF FF FF FF 76 01 00 FF FF FF FF B0 00 00 FF FF FF FF 
[I] RAWCAP 0x4111 v1 +032 82 01 00 FF FF FF FF 29 00 00 FF FF FF FF 1F 00 00 FF FF FF FF F7 01 00 FF FF FF FF AC 00 00 FF 
[I] RAWCAP 0x4111 v1 +064 FF FF FF 79 00 00 FF FF FF FF 04 01 00 FF FF FF FF 36 00 00 FF FF FF FF 31 00 00 FF FF FF FF F6 
[I] RAWCAP 0x4111 v1 +096 00 00 FF FF FF FF 04 00 00 FF FF FF FF 2C 01 00 FF FF FF FF 53 01 00 FF FF FF FF 05 00 00 FF FF 
[I] RAWCAP 0x4111 v1 +128 FF FF 29 01 00 FF FF FF FF 94 01 00 FF FF FF FF 50 01 00 FF FF FF FF FC 00 00 FF FF FF FF 52 01 
[I] RAWCAP 0x4111 v1 +160 00 FF FF FF FF DD 01 00 FF FF FF FF 
[I] WCDMA 0x4111 MonSet v1: UARFCN=10563 cells=24 psc=[92,162,374,176,386,41,31,503,…]
[D] QCP: log code=0x7131 len=15
[D] UMTS MM state=19 substate=3 update_status=0
[D] QCP: log code=0x7130 len=15
[W] UMTS NAS OTA: payload too short (3)
[D] QCP: log code=0x7131 len=15
[D] UMTS MM state=19 substate=3 update_status=0
[D] QCP: log code=0x412F len=51
[D] QCP: log code=0x412F len=51
[D] QCP: log code=0x412F len=51
[D] QCP: log code=0x412F len=51
[D] QCP: log code=0x412F len=51
[D] QCP: log code=0x412F len=51
[D] QCP: log code=0x412F len=51
[D] QCP: log code=0x412F len=51
[D] QCP: log code=0x412F len=51
[D] QCP: log code=0x412F len=51
[D] QCP: log code=0x412F len=51
[D] QCP: log code=0x412F len=51
[D] QCP: log code=0x412F len=51
[D] QCP: log code=0x412F len=51
[D] QCP: log code=0x412F len=51
[D] QCP: log code=0x412F len=51
[D] QCP: log code=0x412F len=51
[D] QCP: log code=0x412F len=51
[D] QCP: log code=0x412F len=51
[D] QCP: log code=0x412F len=51
[D] QCP: log code=0x412F len=51
[D] QCP: log code=0x412F len=51
[D] QCP: log code=0x412F len=51
[D] QCP: log code=0x412F len=51
[D] QCP: log code=0x412F len=51
[D] QCP: log code=0x412F len=51
[D] QCP: log code=0x412F len=51
[D] QCP: log code=0x412F len=51
[D] QCP: log code=0x412F len=51
[D] QCP: log code=0x412F len=51
[D] QCP: log code=0x412F len=51
[D] QCP: log code=0x412F len=51
[D] QCP: log code=0x412F len=51
[D] QCP: log code=0x412F len=51
[D] QCP: log code=0x412F len=51
[D] QCP: log code=0x412F len=51
[D] QCP: log code=0x412F len=51
[D] QCP: log code=0x412F len=51
[D] QCP: log code=0x7131 len=15
[D] UMTS MM state=19 substate=2 update_status=0
[D] QCP: log code=0x7130 len=15
[W] UMTS NAS OTA: payload too short (3)
[D] QCP: log code=0x7131 len=15
[D] UMTS MM state=19 substate=2 update_status=0
[D] QCP: log code=0x7130 len=15
[W] UMTS NAS OTA: payload too short (3)
[D] QCP: log code=0x412F len=51
[D] QCP: log code=0x412F len=51
[D] QCP: log code=0x412F len=51
[D] QCP: log code=0x412F len=51
[D] QCP: log code=0x412F len=45
[D] QCP: log code=0x412F len=30
[D] QCP: log code=0x412F len=38
[D] QCP: log code=0x412F len=34
[D] QCP: log code=0x412F len=91
[D] QCP: log code=0x412F len=196
[D] QCP: log code=0x412F len=30
[D] QCP: log code=0x412F len=50
[D] QCP: log code=0x4127 len=44
[I] WCDMA 0x4127 Serving: UARFCN dl=10563 ul=9613 PSC=38 CID=4487261 LAC=19719 MCC=250 MNC=20
[D] QCP: log code=0x4111 len=184
[I] WCDMA 0x4111 MonSet v1: UARFCN=10563 cells=24 psc=[92,162,374,176,386,41,31,503,…]
[D] QCP: log code=0x7131 len=15
[D] UMTS MM state=19 substate=3 update_status=0
[D] QCP: log code=0x7130 len=15
[W] UMTS NAS OTA: payload too short (3)
[D] QCP: log code=0x7131 len=15
[D] UMTS MM state=19 substate=3 update_status=0
[D] QCP: log code=0x7131 len=15
[D] UMTS MM state=0 substate=3 update_status=0
[D] QCP: log code=0x7130 len=15
[W] UMTS NAS OTA: payload too short (3)
[D] QCP: log code=0x7130 len=15
[W] UMTS NAS OTA: payload too short (3)
[D] QCP: log code=0x7131 len=15
[D] UMTS MM state=0 substate=0 update_status=0
[D] QCP: log code=0x7131 len=15
[D] UMTS MM state=0 substate=0 update_status=0
[D] QCP: log code=0x7130 len=15
[W] UMTS NAS OTA: payload too short (3)
[D] QCP: log code=0x7130 len=15
[W] UMTS NAS OTA: payload too short (3)
[D] QCP: log code=0x7131 len=15
[D] UMTS MM state=0 substate=1 update_status=1
[D] QCP: log code=0x7131 len=15
[D] UMTS MM state=0 substate=1 update_status=1
[D] QCP: log code=0x7131 len=15
[D] UMTS MM state=0 substate=0 update_status=0
[D] QCP: log code=0x7131 len=15
[D] UMTS MM state=0 substate=0 update_status=0
[D] QCP: log code=0x7130 len=15
[W] UMTS NAS OTA: payload too short (3)
[D] QCP: log code=0x7130 len=15
[W] UMTS NAS OTA: payload too short (3)
[D] QCP: log code=0x7131 len=15
[D] UMTS MM state=0 substate=0 update_status=1
[D] QCP: log code=0x7131 len=15
[D] UMTS MM state=0 substate=1 update_status=1
[D] QCP: log code=0x7130 len=15
[W] UMTS NAS OTA: payload too short (3)
[D] QCP: log code=0x7131 len=15
[D] UMTS MM state=0 substate=1 update_status=0
[D] QCP: log code=0x7131 len=15
[D] UMTS MM state=0 substate=1 update_status=0
[D] QCP: log code=0x7131 len=15
[D] UMTS MM state=18 substate=1 update_status=0
[D] QCP: log code=0x7131 len=15
[D] UMTS MM state=19 substate=1 update_status=0
[D] QCP: log code=0x7131 len=15
[D] UMTS MM state=19 substate=2 update_status=0
[D] QCP: log code=0x7130 len=15
[W] UMTS NAS OTA: payload too short (3)
[D] QCP: log code=0x7130 len=15
[W] UMTS NAS OTA: payload too short (3)
[D] QCP: log code=0x7130 len=15
[W] UMTS NAS OTA: payload too short (3)
[D] QCP: log code=0x7131 len=15
[D] UMTS MM state=19 substate=2 update_status=0
[D] QCP: log code=0x7130 len=15
[W] UMTS NAS OTA: payload too short (3)
[D] QCP: log code=0x412F len=51
[D] QCP: log code=0x412F len=51
[D] QCP: log code=0x412F len=51
[D] QCP: log code=0x412F len=51
[D] QCP: log code=0x412F len=51
[D] QCP: log code=0x412F len=51
[D] QCP: log code=0x412F len=51
[D] QCP: log code=0x412F len=51
[D] QCP: log code=0x412F len=45
[D] QCP: log code=0x412F len=30
[D] QCP: log code=0x412F len=38
[D] QCP: log code=0x412F len=34
[D] QCP: log code=0x412F len=91
[D] QCP: log code=0x412F len=196
[D] QCP: log code=0x412F len=30
[D] QCP: log code=0x412F len=50
[D] QCP: log code=0x412F len=51
[D] QCP: log code=0x412F len=51
[D] QCP: log code=0x412F len=51
[D] QCP: log code=0x412F len=51
[D] QCP: log code=0x412F len=51
[D] QCP: log code=0x412F len=51
[D] QCP: log code=0x412F len=51
[D] QCP: log code=0x412F len=51
[D] QCP: log code=0x412F len=51
[D] QCP: log code=0x412F len=51
[D] QCP: log code=0x412F len=51
[D] QCP: log code=0x412F len=51
[D] QCP: log code=0x412F len=51
[D] QCP: log code=0x412F len=51
[D] QCP: log code=0x412F len=51
[D] QCP: log code=0x412F len=51
[D] QCP: log code=0x412F len=51
[D] QCP: log code=0x412F len=51
[D] QCP: log code=0x412F len=51
[D] QCP: log code=0x412F len=45
[I] RAWCAP code=0x412F ver=137 plen=33  (Unknown)
[I] RAWCAP 0x412F v137 +000 89 28 19 00 BF 29 8E 01 43 45 0D 09 C0 C7 8E 0C 94 E0 0C 87 06 4A 70 59 15 C3 25 38 3A 99 31 92 
[I] RAWCAP 0x412F v137 +032 98 
[D] QCP: log code=0x7131 len=15
[D] UMTS MM state=19 substate=6 update_status=0
[D] QCP: log code=0x7130 len=15
[W] UMTS NAS OTA: payload too short (3)
[D] QCP: log code=0x7131 len=15
[D] UMTS MM state=19 substate=2 update_status=0
[D] QCP: log code=0x7130 len=15
[W] UMTS NAS OTA: payload too short (3)
[D] QCP: log code=0x7131 len=15
[D] UMTS MM state=19 substate=2 update_status=0
[D] QCP: log code=0x7130 len=15
[W] UMTS NAS OTA: payload too short (3)
[D] QCP: log code=0x412F len=51
[D] QCP: log code=0x412F len=51
[D] QCP: log code=0x412F len=51
[D] QCP: log code=0x412F len=51
[D] QCP: log code=0x412F len=51
[D] QCP: log code=0x412F len=51
[D] QCP: log code=0x412F len=51
[D] QCP: log code=0x412F len=45
[D] QCP: log code=0x412F len=30
[D] QCP: log code=0x412F len=38
[D] QCP: log code=0x412F len=34
[D] QCP: log code=0x412F len=91
[D] QCP: log code=0x412F len=196
[D] QCP: log code=0x412F len=30
[D] QCP: log code=0x412F len=50
[D] QCP: log code=0x412F len=51
[D] QCP: log code=0x412F len=51
[D] QCP: log code=0x412F len=51
[D] QCP: log code=0x412F len=51
[D] QCP: log code=0x412F len=51
[D] QCP: log code=0x412F len=51
[D] QCP: log code=0x412F len=51
[D] QCP: log code=0x412F len=51
[D] QCP: log code=0x412F len=51
[D] QCP: log code=0x412F len=51
[D] QCP: log code=0x412F len=51
[D] QCP: log code=0x412F len=51
[D] QCP: log code=0x412F len=51
[D] QCP: log code=0x412F len=51
[D] QCP: log code=0x412F len=51
[D] QCP: log code=0x412F len=51
[D] QCP: log code=0x412F len=51
[D] QCP: log code=0x412F len=51
[D] QCP: log code=0x412F len=39
[D] QCP: log code=0x412F len=37
[D] QCP: log code=0x412F len=40
[D] QCP: log code=0x412F len=40
[D] QCP: log code=0x412F len=97
[D] QCP: log code=0x412F len=45
[D] QCP: log code=0x7131 len=15
[D] UMTS MM state=19 substate=2 update_status=0
[D] QCP: log code=0x7130 len=15
[W] UMTS NAS OTA: payload too short (3)
[D] QCP: log code=0x7131 len=15
[D] UMTS MM state=19 substate=2 update_status=0
[D] QCP: log code=0x7130 len=15
[W] UMTS NAS OTA: payload too short (3)
[D] QCP: log code=0x412F len=51
[D] QCP: log code=0x412F len=51
[D] QCP: log code=0x412F len=51
[D] QCP: log code=0x412F len=45
[D] QCP: log code=0x412F len=30
[D] QCP: log code=0x412F len=38
[D] QCP: log code=0x412F len=34
[D] QCP: log code=0x412F len=91
[D] QCP: log code=0x412F len=196
[D] QCP: log code=0x412F len=30
[D] QCP: log code=0x412F len=50
[D] QCP: log code=0x412F len=51
[D] QCP: log code=0x412F len=51
[D] QCP: log code=0x412F len=51
[D] QCP: log code=0x412F len=51
[D] QCP: log code=0x412F len=51
[D] QCP: log code=0x412F len=51
[D] QCP: log code=0x412F len=51
[D] QCP: log code=0x412F len=51
[D] QCP: log code=0x412F len=51
[D] QCP: log code=0x412F len=51
[D] QCP: log code=0x412F len=51
[D] QCP: log code=0x412F len=51
[D] QCP: log code=0x412F len=51
[D] QCP: log code=0x412F len=51
[D] QCP: log code=0x412F len=51
[D] QCP: log code=0x412F len=51
[D] QCP: log code=0x412F len=51
[D] QCP: log code=0x412F len=51
[D] QCP: log code=0x412F len=51
[D] QCP: log code=0x412F len=51
[D] QCP: log code=0x412F len=51
[D] QCP: log code=0x412F len=51
[D] QCP: log code=0x412F len=51
[D] QCP: log code=0x412F len=39
[D] QCP: log code=0x412F len=37
[D] QCP: log code=0x412F len=40
[D] QCP: log code=0x412F len=40
[D] QCP: log code=0x412F len=97
[D] QCP: log code=0x412F len=362
[D] QCP: log code=0x412F len=45
[D] QCP: log code=0x7131 len=15
[D] UMTS MM state=19 substate=6 update_status=0
[D] QCP: log code=0x7130 len=15
[W] UMTS NAS OTA: payload too short (3)
[D] QCP: log code=0x7131 len=15
[D] UMTS MM state=19 substate=2 update_status=0
[D] QCP: log code=0x7130 len=15
[W] UMTS NAS OTA: payload too short (3)
[D] QCP: log code=0x7131 len=15
[D] UMTS MM state=19 substate=2 update_status=0
[D] QCP: log code=0x7130 len=15
[W] UMTS NAS OTA: payload too short (3)
[D] QCP: log code=0x412F len=51
[D] QCP: log code=0x412F len=51
[D] QCP: log code=0x412F len=51
[D] QCP: log code=0x412F len=45
[D] QCP: log code=0x412F len=30
[D] QCP: log code=0x412F len=38
[D] QCP: log code=0x412F len=34
[D] QCP: log code=0x412F len=91
[D] QCP: log code=0x412F len=196
[D] QCP: log code=0x412F len=30
[D] QCP: log code=0x412F len=50
[D] QCP: log code=0x4127 len=44
[I] WCDMA 0x4127 Serving: UARFCN dl=10563 ul=9613 PSC=38 CID=4487261 LAC=19719 MCC=250 MNC=20
[D] QCP: log code=0x4111 len=184
[I] WCDMA 0x4111 MonSet v1: UARFCN=10563 cells=24 psc=[92,162,374,176,386,41,31,503,…]
[D] QCP: log code=0x7131 len=15
[D] UMTS MM state=19 substate=3 update_status=0
[D] QCP: log code=0x7130 len=15
[W] UMTS NAS OTA: payload too short (3)
[D] QCP: log code=0x7131 len=15
[D] UMTS MM state=19 substate=3 update_status=0
[D] QCP: log code=0x412F len=50
[I] RAWCAP code=0x412F ver=134 plen=38  (Unknown)
[I] RAWCAP 0x412F v134 +000 86 2B 1E 00 43 29 26 00 41 02 26 1A 7B 80 00 00 00 00 00 00 00 00 00 00 00 00 00 00 00 00 00 00 
[I] RAWCAP 0x412F v134 +032 00 00 00 00 00 00 
[D] QCP: log code=0x4005 len=67
[I] RAWCAP code=0x4005 ver=131 plen=55  (WCDMA Resel Rank)
[I] RAWCAP 0x4005 v131 +000 83 00 00 00 00 00 00 43 29 26 00 C6 FF 00 F4 F8 FF 00 00 00 00 00 00 43 29 05 00 BF FF 00 E7 E7 
[I] RAWCAP 0x4005 v131 +032 FF 04 00 00 00 00 00 43 29 79 00 BC FF 00 E1 E1 FF 04 00 00 00 00 00 
[I] WCDMA 0x4005 v2: 3G=3 2G=0 (plen=55)
[D] WCDMA 0x4005[0]: SERVING UARFCN=10563 PSC=38 RSCP=-79 EcNo=-6
[D] WCDMA 0x4005[1]: NBR     UARFCN=10563 PSC=5 RSCP=-86 EcNo=-12
[D] WCDMA 0x4005[2]: NBR     UARFCN=10563 PSC=121 RSCP=-89 EcNo=-15
[D] QCP: log code=0x4005 len=67
[I] WCDMA 0x4005 v2: 3G=3 2G=0 (plen=55)
[D] WCDMA 0x4005[0]: SERVING UARFCN=10563 PSC=38 RSCP=-75 EcNo=-8
[D] WCDMA 0x4005[1]: NBR     UARFCN=10563 PSC=5 RSCP=-85 EcNo=-15
[D] WCDMA 0x4005[2]: NBR     UARFCN=10563 PSC=121 RSCP=-89 EcNo=-20
[D] QCP: log code=0x4005 len=67
[I] WCDMA 0x4005 v2: 3G=3 2G=0 (plen=55)
[D] WCDMA 0x4005[0]: SERVING UARFCN=10563 PSC=38 RSCP=-76 EcNo=-6
[D] WCDMA 0x4005[1]: NBR     UARFCN=10563 PSC=5 RSCP=-86 EcNo=-16
[D] WCDMA 0x4005[2]: NBR     UARFCN=10563 PSC=121 RSCP=-90 EcNo=-21
[D] QCP: log code=0x412F len=51
[D] QCP: log code=0x412F len=51
[D] QCP: log code=0x412F len=51
[D] QCP: log code=0x412F len=51
[D] QCP: log code=0x4005 len=67
[I] WCDMA 0x4005 v2: 3G=3 2G=0 (plen=55)
[D] WCDMA 0x4005[0]: SERVING UARFCN=10563 PSC=38 RSCP=-72 EcNo=-5
[D] WCDMA 0x4005[1]: NBR     UARFCN=10563 PSC=5 RSCP=-87 EcNo=-20
[D] WCDMA 0x4005[2]: NBR     UARFCN=10563 PSC=121 RSCP=-90 EcNo=-22
[D] QCP: log code=0x412F len=51
[D] QCP: log code=0x412F len=51
[D] QCP: log code=0x412F len=51
[D] QCP: log code=0x412F len=51
[D] QCP: log code=0x412F len=51
[D] QCP: log code=0x412F len=51
[D] QCP: log code=0x412F len=51
[D] QCP: log code=0x412F len=51
[D] QCP: log code=0x412F len=51
[D] QCP: log code=0x412F len=51
[D] QCP: log code=0x412F len=51
[D] QCP: log code=0x412F len=51
[D] QCP: log code=0x412F len=51
[D] QCP: log code=0x412F len=51
[D] QCP: log code=0x412F len=51
[D] QCP: log code=0x412F len=51
[D] QCP: log code=0x412F len=51
[D] QCP: log code=0x412F len=51
[D] QCP: log code=0x412F len=51
[D] QCP: log code=0x412F len=51
[D] QCP: log code=0x412F len=51
[D] QCP: log code=0x412F len=51
[D] QCP: log code=0x412F len=51
[D] QCP: log code=0x412F len=51
[D] QCP: log code=0x412F len=51
[D] QCP: log code=0x412F len=51
[D] QCP: log code=0x412F len=51
[D] QCP: log code=0x412F len=51
[D] QCP: log code=0x412F len=51
[D] QCP: log code=0x412F len=51
[D] QCP: log code=0x412F len=51
[D] QCP: log code=0x412F len=51
[D] QCP: log code=0x412F len=51
[D] QCP: log code=0x412F len=51
[D] QCP: log code=0x412F len=51
[D] QCP: log code=0x412F len=51
[D] QCP: log code=0x412F len=51
[D] QCP: log code=0x412F len=51
[D] QCP: log code=0x412F len=51
[D] QCP: log code=0x412F len=51
[D] QCP: log code=0x412F len=51
[D] QCP: log code=0x412F len=51
[D] QCP: log code=0x412F len=51
[D] QCP: log code=0x412F len=51
[D] QCP: log code=0x412F len=51
[D] QCP: log code=0x412F len=51
[D] QCP: log code=0x412F len=51
[D] QCP: log code=0x4005 len=67
[I] WCDMA 0x4005 v2: 3G=3 2G=0 (plen=55)
[D] WCDMA 0x4005[0]: SERVING UARFCN=10563 PSC=38 RSCP=-82 EcNo=-6
[D] WCDMA 0x4005[1]: NBR     UARFCN=10563 PSC=5 RSCP=-87 EcNo=-11
[D] WCDMA 0x4005[2]: NBR     UARFCN=10563 PSC=121 RSCP=-96 EcNo=-25
[D] QCP: log code=0x7131 len=15
[D] UMTS MM state=19 substate=2 update_status=0
[D] QCP: log code=0x7130 len=15
[W] UMTS NAS OTA: payload too short (3)
[D] QCP: log code=0x7131 len=15
[D] UMTS MM state=19 substate=2 update_status=0
[D] QCP: log code=0x7130 len=15
[W] UMTS NAS OTA: payload too short (3)
[D] QCP: log code=0x7131 len=15
[D] UMTS MM state=19 substate=6 update_status=0
[D] QCP: log code=0x412F len=51
[D] QCP: log code=0x412F len=51
[D] QCP: log code=0x412F len=51
[D] QCP: log code=0x412F len=51
[D] QCP: log code=0x412F len=51
[D] QCP: log code=0x412F len=51
[D] QCP: log code=0x412F len=51
[D] QCP: log code=0x412F len=51
[D] QCP: log code=0x412F len=45
[D] QCP: log code=0x412F len=30
[D] QCP: log code=0x412F len=38
[D] QCP: log code=0x412F len=34
[D] QCP: log code=0x412F len=91
[D] QCP: log code=0x412F len=196
[D] QCP: log code=0x412F len=30
[D] QCP: log code=0x412F len=50
[D] QCP: log code=0x4127 len=44
[I] WCDMA 0x4127 Serving: UARFCN dl=10563 ul=9613 PSC=38 CID=4487261 LAC=19719 MCC=250 MNC=20
[D] QCP: log code=0x4111 len=184
[I] WCDMA 0x4111 MonSet v1: UARFCN=10563 cells=24 psc=[92,162,374,176,386,41,31,503,…]
[D] QCP: log code=0x7131 len=15
[D] UMTS MM state=19 substate=3 update_status=0
[D] QCP: log code=0x7130 len=15
[W] UMTS NAS OTA: payload too short (3)
[D] QCP: log code=0x7131 len=15
[D] UMTS MM state=19 substate=3 update_status=0
[D] QCP: log code=0x4005 len=51
[I] RAWCAP code=0x4005 ver=130 plen=39  (WCDMA Resel Rank)
[I] RAWCAP 0x4005 v130 +000 82 00 00 00 00 00 00 43 29 26 00 CA FF 00 EF F3 FF 00 00 00 00 00 00 43 29 05 00 BF FF 00 DD DD 
[I] RAWCAP 0x4005 v130 +032 FF 04 00 00 00 00 00 
[I] WCDMA 0x4005 v2: 3G=2 2G=0 (plen=39)
[D] WCDMA 0x4005[0]: SERVING UARFCN=10563 PSC=38 RSCP=-75 EcNo=-8
[D] WCDMA 0x4005[1]: NBR     UARFCN=10563 PSC=5 RSCP=-86 EcNo=-17
[D] QCP: log code=0x4005 len=51
[I] WCDMA 0x4005 v2: 3G=2 2G=0 (plen=39)
[D] WCDMA 0x4005[0]: SERVING UARFCN=10563 PSC=38 RSCP=-76 EcNo=-5
[D] WCDMA 0x4005[1]: NBR     UARFCN=10563 PSC=5 RSCP=-85 EcNo=-12
[D] QCP: log code=0x7131 len=15
[D] UMTS MM state=0 substate=3 update_status=0
[D] QCP: log code=0x7130 len=15
[W] UMTS NAS OTA: payload too short (3)
[D] QCP: log code=0x7130 len=15
[W] UMTS NAS OTA: payload too short (3)
[D] QCP: log code=0x7131 len=15
[D] UMTS MM state=0 substate=0 update_status=0
[D] QCP: log code=0x7131 len=15
[D] UMTS MM state=0 substate=0 update_status=0
[D] QCP: log code=0x7130 len=15
[W] UMTS NAS OTA: payload too short (3)
[D] QCP: log code=0x7130 len=15
[W] UMTS NAS OTA: payload too short (3)
[D] QCP: log code=0x7131 len=15
[D] UMTS MM state=0 substate=1 update_status=1
[D] QCP: log code=0x7131 len=15
[D] UMTS MM state=0 substate=1 update_status=1
[D] QCP: log code=0x7131 len=15
[D] UMTS MM state=0 substate=0 update_status=0
[D] QCP: log code=0x7131 len=15
[D] UMTS MM state=0 substate=0 update_status=0
[D] QCP: log code=0x7130 len=15
[W] UMTS NAS OTA: payload too short (3)
[D] QCP: log code=0x7130 len=15
[W] UMTS NAS OTA: payload too short (3)
[D] QCP: log code=0x7131 len=15
[D] UMTS MM state=0 substate=0 update_status=1
[D] QCP: log code=0x7131 len=15
[D] UMTS MM state=0 substate=1 update_status=1
[D] QCP: log code=0x7130 len=15
[W] UMTS NAS OTA: payload too short (3)
[D] QCP: log code=0x7131 len=15
[D] UMTS MM state=0 substate=1 update_status=0
[D] QCP: log code=0x7131 len=15
[D] UMTS MM state=0 substate=1 update_status=0
[D] QCP: log code=0x7131 len=15
[D] UMTS MM state=18 substate=1 update_status=0
[D] QCP: log code=0x7131 len=15
[D] UMTS MM state=19 substate=1 update_status=0
[D] QCP: log code=0x7131 len=15
[D] UMTS MM state=19 substate=2 update_status=0
[D] QCP: log code=0x7130 len=15
[W] UMTS NAS OTA: payload too short (3)
[D] QCP: log code=0x7130 len=15
[W] UMTS NAS OTA: payload too short (3)
[D] QCP: log code=0x7130 len=15
[W] UMTS NAS OTA: payload too short (3)
[D] QCP: log code=0x7131 len=15
[D] UMTS MM state=19 substate=2 update_status=0
[D] QCP: log code=0x7130 len=15
[W] UMTS NAS OTA: payload too short (3)
[D] QCP: log code=0x412F len=51
[D] QCP: log code=0x412F len=51
[D] QCP: log code=0x412F len=51
[D] QCP: log code=0x412F len=51
[D] QCP: log code=0x412F len=51
[D] QCP: log code=0x412F len=45
[D] QCP: log code=0x412F len=30
[D] QCP: log code=0x412F len=38
[D] QCP: log code=0x412F len=34
[D] QCP: log code=0x412F len=91
[D] QCP: log code=0x412F len=196
[D] QCP: log code=0x412F len=30
[D] QCP: log code=0x412F len=50
[D] QCP: log code=0x412F len=51
[D] QCP: log code=0x412F len=51
[D] QCP: log code=0x412F len=51
[D] QCP: log code=0x412F len=51
[D] QCP: log code=0x412F len=51
[D] QCP: log code=0x412F len=51
[D] QCP: log code=0x412F len=51
[D] QCP: log code=0x412F len=51
[D] QCP: log code=0x412F len=51
[D] QCP: log code=0x412F len=51
[D] QCP: log code=0x412F len=51
[D] QCP: log code=0x412F len=51
[D] QCP: log code=0x412F len=51
[D] QCP: log code=0x412F len=51
[D] QCP: log code=0x412F len=51
[D] QCP: log code=0x412F len=51
[D] QCP: log code=0x412F len=39
[D] QCP: log code=0x412F len=37
[D] QCP: log code=0x412F len=40
[D] QCP: log code=0x412F len=40
[D] QCP: log code=0x412F len=97
[D] QCP: log code=0x412F len=362
[D] QCP: log code=0x412F len=45
[D] QCP: log code=0x7131 len=15
[D] UMTS MM state=19 substate=6 update_status=0
[D] QCP: log code=0x7130 len=15
[W] UMTS NAS OTA: payload too short (3)
[D] QCP: log code=0x7131 len=15
[D] UMTS MM state=19 substate=2 update_status=0
[D] QCP: log code=0x7130 len=15
[W] UMTS NAS OTA: payload too short (3)
[D] QCP: log code=0x7131 len=15
[D] UMTS MM state=19 substate=2 update_status=0
[D] QCP: log code=0x7130 len=15
[W] UMTS NAS OTA: payload too short (3)
[D] QCP: log code=0x412F len=51
[D] QCP: log code=0x412F len=51
[D] QCP: log code=0x412F len=51
[D] QCP: log code=0x412F len=45
[D] QCP: log code=0x412F len=30
[D] QCP: log code=0x412F len=38
[D] QCP: log code=0x412F len=34
[D] QCP: log code=0x412F len=91
[D] QCP: log code=0x412F len=196
[D] QCP: log code=0x412F len=30
[D] QCP: log code=0x412F len=50
[D] QCP: log code=0x412F len=51
[D] QCP: log code=0x412F len=51
[D] QCP: log code=0x412F len=51
[D] QCP: log code=0x412F len=51
[D] QCP: log code=0x412F len=51
[D] QCP: log code=0x412F len=51
[D] QCP: log code=0x412F len=51
[D] QCP: log code=0x412F len=51
[D] QCP: log code=0x412F len=51
[D] QCP: log code=0x412F len=51
[D] QCP: log code=0x412F len=51
[D] QCP: log code=0x412F len=51
[D] QCP: log code=0x412F len=51
[D] QCP: log code=0x412F len=51
[D] QCP: log code=0x412F len=39
[D] QCP: log code=0x412F len=37
[D] QCP: log code=0x412F len=40
[D] QCP: log code=0x412F len=40
[D] QCP: log code=0x412F len=97
[D] QCP: log code=0x412F len=362
[D] QCP: log code=0x412F len=45
[D] QCP: log code=0x412F len=51
[D] QCP: log code=0x7131 len=15
[D] UMTS MM state=19 substate=2 update_status=0
[D] QCP: log code=0x7130 len=15
[W] UMTS NAS OTA: payload too short (3)
[D] QCP: log code=0x7131 len=15
[D] UMTS MM state=19 substate=2 update_status=0
[D] QCP: log code=0x7130 len=15
[W] UMTS NAS OTA: payload too short (3)
[D] QCP: log code=0x412F len=51
[D] QCP: log code=0x412F len=51
[D] QCP: log code=0x412F len=51
[D] QCP: log code=0x412F len=51
[D] QCP: log code=0x412F len=51
[D] QCP: log code=0x412F len=51
[D] QCP: log code=0x412F len=51
[D] QCP: log code=0x412F len=51
[D] QCP: log code=0x412F len=51
[D] QCP: log code=0x412F len=51
[D] QCP: log code=0x412F len=51
[D] QCP: log code=0x412F len=39
[D] QCP: log code=0x412F len=37
[D] QCP: log code=0x412F len=40
[D] QCP: log code=0x412F len=40
[D] QCP: log code=0x412F len=97
[D] QCP: log code=0x412F len=45
[D] QCP: log code=0x412F len=51
[D] QCP: log code=0x412F len=51
[D] QCP: log code=0x412F len=51
[D] QCP: log code=0x412F len=51
[D] QCP: log code=0x412F len=51
[D] QCP: log code=0x412F len=51
[D] QCP: log code=0x412F len=51
[D] QCP: log code=0x412F len=51
[D] QCP: log code=0x412F len=45
[D] QCP: log code=0x412F len=30
[D] QCP: log code=0x412F len=38
[D] QCP: log code=0x412F len=34
[D] QCP: log code=0x412F len=91
[D] QCP: log code=0x412F len=196
[D] QCP: log code=0x412F len=30
[D] QCP: log code=0x412F len=50
[D] QCP: log code=0x412F len=51
[I] DiagDciClient: stopping (client_id=1)...
[D] DiagDciClient: log mask disabled
[D] DiagDciClient: event mask disabled
[D] DiagDciClient: released client_id=0
[D] DiagDciClient: Diag_LSM_DeInit() done
[I] libdiag: unloaded
[I] DiagDciClient: stopped. Stats: logs=1730 events=0 parsed=1138 errors=592
[I] DAEMON: PAUSE (DCI released)
[I] DiagDciClient: starting...
[D] libdiag: resolved Diag_LSM_Init @ 0x72bf2a1d38
[D] libdiag: resolved Diag_LSM_DeInit @ 0x72bf2a1f38
[D] libdiag: resolved diag_register_dci_client @ 0x72bf2a1d68
[D] libdiag: resolved diag_release_dci_client @ 0x72bf2a1dc4
[D] libdiag: using Variant B (register_dci_client)
[D] libdiag: resolved diag_register_dci_stream_proc @ 0x72bf2a1d78
[D] libdiag: resolved diag_log_stream_config @ 0x72bf2a1d98
[D] libdiag: resolved diag_event_stream_config @ 0x72bf2a1da0
[D] libdiag: resolved diag_get_dci_support_list_proc @ 0x72bf2a1d90
[D] libdiag: resolved diag_send_dci_async_req @ 0x72bf2a1d80
[D] libdiag: resolved diag_get_health_stats_proc @ 0x72bf2a1db0
[I] libdiag: loaded from libdiag.so (variant B (register_dci_client))
[I] DiagDciClient: libdiag loaded from libdiag.so
[D] DiagDciClient: Diag_LSM_Init() OK
[I] DiagDciClient: allocated client_id=1 (variant B)
[D] DiagDciClient: DCI stream callbacks registered
[I] DiagDciClient: log mask enabled (43 codes)
[I] DiagDciClient: mask contains B0C0=1 B0C1=1 B0C2=1 B0EC=1
[I] DiagDciClient: event mask enabled (23 ids)
[I] DiagDciClient: running (client_id=1, log_codes=43, event_ids=23)
[I] DAEMON: RESUME (DCI re-acquired)
[D] QCP: log code=0x5A75 len=19
[I] RAWCAP code=0x5A75 ver=1 plen=7  (GSM DSDS Neighbor Cell Acq)
[I] RAWCAP 0x5A75 v1 +000 01 00 00 47 80 7F FC 
[D] QCP: log code=0x5A75 len=19
[D] QCP: log code=0x5A75 len=19
[D] QCP: log code=0x5A75 len=19
[D] QCP: log code=0x5B2F len=39
[I] RAWCAP code=0x5B2F ver=1 plen=27  (GSM DSDS RR Signaling)
[I] RAWCAP 0x5B2F v1 +000 01 81 1B 17 49 06 1B 60 39 52 F0 10 00 EA C8 00 28 53 65 45 78 00 00 80 00 B0 43 
[D] RR: chan=0x81 type=0x1B (SI-3) len=23
[D] RR-L3 [23 bytes]: 49 06 1B 60 39 52 F0 10 00 EA C8 00 28 53 65 45 78 00 00 80 00 B0 43 
[D] GSM SI-3: CID=24633 LAC=234 MCC=250 MNC=1
[D] QCP: log code=0x5A75 len=19
[D] QCP: log code=0x5A75 len=19
[D] QCP: log code=0x5B2F len=39
[D] RR: chan=0x81 type=0x1B (SI-3) len=23
[D] RR-L3 [23 bytes]: 49 06 1B 2F C2 52 F0 99 39 A5 CA 00 28 53 A5 41 78 00 00 86 1F B0 43 
[D] GSM SI-3: CID=12226 LAC=14757 MCC=250 MNC=99
[D] QCP: log code=0x5A75 len=19
[D] QCP: log code=0x5A75 len=19
[D] QCP: log code=0x5A75 len=19
[D] QCP: log code=0x5A75 len=19
[D] QCP: log code=0x5A75 len=19
[D] QCP: log code=0x5B2F len=39
[D] RR: chan=0x81 type=0x1C (SI-4) len=23
[D] RR-L3 [23 bytes]: 31 06 1C 52 F0 99 39 A5 A5 41 78 00 00 80 00 B2 2B 2B 2B 2B 2B 2B 2B 
[D] QCP: log code=0x5A75 len=19
[D] QCP: log code=0x5A75 len=19
[D] QCP: log code=0x5A75 len=19
[D] QCP: log code=0x5A75 len=19
[D] QCP: log code=0x5A75 len=19
[D] QCP: log code=0x5A75 len=19
[D] QCP: log code=0x5B2F len=39
[D] RR: chan=0x81 type=0x1B (SI-3) len=23
[D] RR-L3 [23 bytes]: 49 06 1B 6D 4F 52 F0 20 1E A0 C8 00 28 58 65 40 B8 00 00 80 00 B0 77 
[D] GSM SI-3: CID=27983 LAC=7840 MCC=250 MNC=2
[D] QCP: log code=0x5A75 len=19
[D] QCP: log code=0x5A75 len=19
[D] QCP: log code=0x5A75 len=19
[D] QCP: log code=0x5A75 len=19
[D] QCP: log code=0x5A75 len=19
[D] QCP: log code=0x5A75 len=19
[D] QCP: log code=0x5B2F len=39
[D] RR: chan=0x81 type=0x1C (SI-4) len=23
[D] RR-L3 [23 bytes]: 31 06 1C 52 F0 20 1E A0 65 54 B8 00 00 80 00 B3 2B 2B 2B 2B 2B 2B 2B 
[D] QCP: log code=0x5B2F len=39
[D] RR: chan=0x81 type=0x1C (SI-4) len=23
[D] RR-L3 [23 bytes]: 31 06 1C 52 F0 99 39 A5 A5 41 78 00 00 80 00 B2 2B 2B 2B 2B 2B 2B 2B 
[D] QCP: log code=0x5A75 len=19
[D] QCP: log code=0x5A75 len=19
[D] QCP: log code=0x5A75 len=19
[D] QCP: log code=0x5A75 len=19
[D] QCP: log code=0x5B2F len=39
[D] RR: chan=0x81 type=0x1C (SI-4) len=23
[D] RR-L3 [23 bytes]: 31 06 1C 52 F0 20 BB 0D 65 45 B8 00 00 80 00 B3 2B 2B 2B 2B 2B 2B 2B 
[D] QCP: log code=0x5A75 len=19
[D] QCP: log code=0x5A75 len=19
[D] QCP: log code=0x5A75 len=19
[D] QCP: log code=0x5A75 len=19
[D] QCP: log code=0x5B2F len=39
[D] RR: chan=0x81 type=0x1B (SI-3) len=23
[D] RR-L3 [23 bytes]: 49 06 1B 32 55 52 F0 99 39 A5 CA 00 28 53 A5 41 78 00 00 80 00 B0 43 
[D] GSM SI-3: CID=12885 LAC=14757 MCC=250 MNC=99
[D] QCP: log code=0x5A75 len=19
[D] QCP: log code=0x5A75 len=19
[D] QCP: log code=0x5B2F len=39
[D] RR: chan=0x81 type=0x1C (SI-4) len=23
[D] RR-L3 [23 bytes]: 31 06 1C 52 F0 10 00 EA 65 45 78 00 00 80 00 B2 2B 2B 2B 2B 2B 2B 2B 
[D] QCP: log code=0x5A75 len=19
[D] QCP: log code=0x5A75 len=19
[D] QCP: log code=0x5B2F len=39
[D] RR: chan=0x81 type=0x1C (SI-4) len=23
[D] RR-L3 [23 bytes]: 31 06 1C 52 F0 99 39 A5 A5 41 78 00 00 80 00 B2 2B 2B 2B 2B 2B 2B 2B 
[D] QCP: log code=0x5B2F len=39
[D] RR: chan=0x81 type=0x1C (SI-4) len=23
[D] RR-L3 [23 bytes]: 31 06 1C 52 F0 99 39 A5 A5 41 78 00 00 80 00 B2 2B 2B 2B 2B 2B 2B 2B 
[D] QCP: log code=0x5A75 len=19
[D] QCP: log code=0x5A75 len=19
[D] QCP: log code=0x5A75 len=19
[D] QCP: log code=0x5A75 len=19
[D] QCP: log code=0x5A75 len=19
[D] QCP: log code=0x5A75 len=19
[D] QCP: log code=0x5A75 len=19
[D] QCP: log code=0x5A75 len=19
[D] QCP: log code=0x5A75 len=19
[D] QCP: log code=0x5A75 len=19
[D] QCP: log code=0x5B2F len=39
[D] RR: chan=0x81 type=0x1B (SI-3) len=23
[D] RR-L3 [23 bytes]: 49 06 1B 02 B7 52 F0 20 BB 0D C8 00 28 58 65 45 B8 00 00 80 00 B0 77 
[D] GSM SI-3: CID=695 LAC=47885 MCC=250 MNC=2
[D] QCP: log code=0x5B2F len=39
[D] RR: chan=0x81 type=0x1B (SI-3) len=23
[D] RR-L3 [23 bytes]: 49 06 1B 2F 08 52 F0 20 1E A0 C8 00 28 58 65 54 B8 00 00 80 00 B0 77 
[D] GSM SI-3: CID=12040 LAC=7840 MCC=250 MNC=2
[D] QCP: log code=0x5B2F len=39
[D] RR: chan=0x81 type=0x1B (SI-3) len=23
[D] RR-L3 [23 bytes]: 49 06 1B 2B BB 52 F0 99 39 A5 CA 00 28 53 A5 41 78 00 00 80 00 B0 43 
[D] GSM SI-3: CID=11195 LAC=14757 MCC=250 MNC=99
[D] QCP: log code=0x5A75 len=19
[D] QCP: log code=0x5A75 len=19
[D] QCP: log code=0x5A75 len=19
[D] QCP: log code=0x5A75 len=19
[D] QCP: log code=0x5B2F len=39
[D] RR: chan=0x81 type=0x1B (SI-3) len=23
[D] RR-L3 [23 bytes]: 49 06 1B 2E 43 52 F0 10 00 EA C8 00 28 53 65 45 78 00 00 80 1F B0 43 
[D] GSM SI-3: CID=11843 LAC=234 MCC=250 MNC=1
[D] QCP: log code=0x5B2F len=39
[D] RR: chan=0x81 type=0x1C (SI-4) len=23
[D] RR-L3 [23 bytes]: 31 06 1C 52 F0 20 1E A0 65 45 B8 00 00 80 00 B3 2B 2B 2B 2B 2B 2B 2B 
[D] QCP: log code=0x5B2F len=39
[D] RR: chan=0x81 type=0x1B (SI-3) len=23
[D] RR-L3 [23 bytes]: 49 06 1B 02 80 52 F0 20 1E A0 C8 00 28 58 65 45 B8 00 00 80 00 B0 77 
[D] GSM SI-3: CID=640 LAC=7840 MCC=250 MNC=2
[D] QCP: log code=0x5A75 len=19
[D] QCP: log code=0x5A75 len=19
[D] QCP: log code=0x5B2F len=39
[D] RR: chan=0x81 type=0x1C (SI-4) len=23
[D] RR-L3 [23 bytes]: 31 06 1C 52 F0 10 00 EA 65 45 78 00 00 80 00 B2 2B 2B 2B 2B 2B 2B 2B 
[D] QCP: log code=0x5A75 len=19
[D] QCP: log code=0x5A75 len=19
[D] QCP: log code=0x5A75 len=19
[D] QCP: log code=0x5A75 len=19
[D] QCP: log code=0x5A75 len=19
[D] QCP: log code=0x5A75 len=19
[D] QCP: log code=0x5A75 len=19
[D] QCP: log code=0x5A75 len=19
[D] QCP: log code=0x5A75 len=19
[D] QCP: log code=0x5A75 len=19
[D] QCP: log code=0x5B2F len=39
[D] RR: chan=0x81 type=0x1B (SI-3) len=23
[D] RR-L3 [23 bytes]: 49 06 1B 9F BB 52 F0 99 39 71 C0 00 11 65 A5 40 D1 00 00 B7 00 81 CB 
[D] GSM SI-3: CID=40891 LAC=14705 MCC=250 MNC=99
[D] QCP: log code=0x5B2F len=39
[D] RR: chan=0x81 type=0x1B (SI-3) len=23
[D] RR-L3 [23 bytes]: 49 06 1B 02 B6 52 F0 20 BB 0D C8 00 28 58 65 45 B8 00 00 80 00 B0 77 
[D] GSM SI-3: CID=694 LAC=47885 MCC=250 MNC=2
[D] QCP: log code=0x5B2F len=39
[D] RR: chan=0x81 type=0x1B (SI-3) len=23
[D] RR-L3 [23 bytes]: 49 06 1B 2B BC 52 F0 99 39 A5 C8 00 28 53 A5 41 78 00 00 80 00 B0 43 
[D] GSM SI-3: CID=11196 LAC=14757 MCC=250 MNC=99
[D] QCP: log code=0x5A75 len=19
[D] QCP: log code=0x5A75 len=19
[D] QCP: log code=0x5B2F len=39
[D] RR: chan=0x81 type=0x1B (SI-3) len=23
[D] RR-L3 [23 bytes]: 49 06 1B 74 2E 52 F0 10 00 EA C8 00 28 53 65 45 78 00 00 80 00 B0 43 
[D] GSM SI-3: CID=29742 LAC=234 MCC=250 MNC=1
[D] QCP: log code=0x5B2F len=39
[D] RR: chan=0x81 type=0x1B (SI-3) len=23
[D] RR-L3 [23 bytes]: 49 06 1B 71 8D 52 F0 20 BB 0D C8 00 28 58 65 40 B8 00 00 80 00 B0 77 
[D] GSM SI-3: CID=29069 LAC=47885 MCC=250 MNC=2
[D] QCP: log code=0x5A75 len=19
[D] QCP: log code=0x5A75 len=19
[D] QCP: log code=0x5A75 len=19
[D] QCP: log code=0x5A75 len=19
[D] QCP: log code=0x5A75 len=19
[D] QCP: log code=0x5A75 len=19
[D] QCP: log code=0x5A75 len=19
[D] QCP: log code=0x5A75 len=19
[D] QCP: log code=0x5A75 len=19
[D] QCP: log code=0x5A75 len=19
[D] QCP: log code=0x5A75 len=19
[D] QCP: log code=0x5A75 len=19
[D] QCP: log code=0x5A75 len=19
[D] QCP: log code=0x5A75 len=19
[D] QCP: log code=0x5A75 len=19
[D] QCP: log code=0x5A75 len=19
[D] QCP: log code=0x5A75 len=19
[D] QCP: log code=0x5A75 len=19
[D] QCP: log code=0x5A75 len=19
[D] QCP: log code=0x5A75 len=19
[D] QCP: log code=0x5A75 len=19
[D] QCP: log code=0x5A75 len=19
[D] QCP: log code=0x5B2F len=39
[D] RR: chan=0x81 type=0x1B (SI-3) len=23
[D] RR-L3 [23 bytes]: 49 06 1B 03 2D 52 F0 02 4D 07 D0 04 C8 17 60 40 BD 00 00 80 00 05 1B 
[D] GSM SI-3: CID=813 LAC=19719 MCC=250 MNC=20
[D] QCP: log code=0x5A75 len=19
[D] QCP: log code=0x5A75 len=19
[D] QCP: log code=0x5A75 len=19
[D] QCP: log code=0x5A75 len=19
[D] QCP: log code=0x5B2F len=39
[D] RR: chan=0x81 type=0x1B (SI-3) len=23
[D] RR-L3 [23 bytes]: 49 06 1B 60 3C 52 F0 10 00 EA C8 00 28 53 60 45 78 00 00 8F 00 B0 43 
[D] GSM SI-3: CID=24636 LAC=234 MCC=250 MNC=1
[D] QCP: log code=0x5A75 len=19
[D] QCP: log code=0x5A75 len=19
[D] QCP: log code=0x5A75 len=19
[D] QCP: log code=0x5A75 len=19
[D] QCP: log code=0x5A75 len=19
[D] QCP: log code=0x5A75 len=19
[D] QCP: log code=0x5A75 len=19
[D] QCP: log code=0x5A75 len=19
[D] QCP: log code=0x5A75 len=19
[D] QCP: log code=0x5A75 len=19
[D] QCP: log code=0x5A75 len=19
[D] QCP: log code=0x5A75 len=19
[D] QCP: log code=0x5A75 len=19
[D] QCP: log code=0x5A75 len=19
[D] QCP: log code=0x5A75 len=19
[D] QCP: log code=0x5A75 len=19
[D] QCP: log code=0x5B2F len=39
[D] RR: chan=0x81 type=0x1B (SI-3) len=23
[D] RR-L3 [23 bytes]: 49 06 1B 33 C7 52 F0 20 1E A0 C8 00 28 58 60 54 B8 00 00 8F 00 B0 77 
[D] GSM SI-3: CID=13255 LAC=7840 MCC=250 MNC=2
[D] QCP: log code=0x5A75 len=19
[D] QCP: log code=0x5A75 len=19
[D] QCP: log code=0x5A75 len=19
[D] QCP: log code=0x5A75 len=19
[D] QCP: log code=0x5B2F len=39
[D] RR: chan=0x81 type=0x1B (SI-3) len=23
[D] RR-L3 [23 bytes]: 49 06 1B 12 73 52 F0 02 4E 3D D0 04 C8 17 60 40 BD 00 00 80 00 04 1B 
[D] GSM SI-3: CID=4723 LAC=20029 MCC=250 MNC=20
[D] QCP: log code=0x5B2F len=39
[D] RR: chan=0x81 type=0x1C (SI-4) len=23
[D] RR-L3 [23 bytes]: 31 06 1C 52 F0 20 1E A0 60 54 B8 00 00 8F 00 B3 2B 2B 2B 2B 2B 2B 2B 
[D] QCP: log code=0x5A75 len=19
[D] QCP: log code=0x5A75 len=19
[D] QCP: log code=0x5A75 len=19
[D] QCP: log code=0x5A75 len=19
[D] QCP: log code=0x5A75 len=19
[D] QCP: log code=0x5A75 len=19
[D] QCP: log code=0x5B2F len=39
[D] RR: chan=0x81 type=0x1C (SI-4) len=23
[D] RR-L3 [23 bytes]: 31 06 1C 52 F0 20 1E A0 60 59 B8 00 00 8F 00 B3 2B 2B 2B 2B 2B 2B 2B 
[D] QCP: log code=0x5A75 len=19
[D] QCP: log code=0x5A75 len=19
[D] QCP: log code=0x5A75 len=19
[D] QCP: log code=0x5A75 len=19
[D] QCP: log code=0x5B2F len=39
[D] RR: chan=0x81 type=0x1C (SI-4) len=23
[D] RR-L3 [23 bytes]: 31 06 1C 52 F0 10 00 EA 60 45 78 00 00 8F 00 B2 2B 2B 2B 2B 2B 2B 2B 
[D] QCP: log code=0x5A75 len=19
[D] QCP: log code=0x5A75 len=19
[D] QCP: log code=0x5A75 len=19
[D] QCP: log code=0x5A75 len=19
[D] QCP: log code=0x5A75 len=19
[D] QCP: log code=0x5A75 len=19
[D] QCP: log code=0x5A75 len=19
[D] QCP: log code=0x5A75 len=19
[D] QCP: log code=0x5A75 len=19
[D] QCP: log code=0x5A75 len=19
[D] QCP: log code=0x5A75 len=19
[D] QCP: log code=0x5A75 len=19
[D] QCP: log code=0x5B2F len=39
[D] RR: chan=0x81 type=0x1B (SI-3) len=23
[D] RR-L3 [23 bytes]: 49 06 1B 12 72 52 F0 02 4E 3D D0 04 C8 17 60 40 BD 00 00 80 00 04 1B 
[D] GSM SI-3: CID=4722 LAC=20029 MCC=250 MNC=20
[D] QCP: log code=0x5B2F len=39
[D] RR: chan=0x81 type=0x1B (SI-3) len=23
[D] RR-L3 [23 bytes]: 49 06 1B 03 2B 52 F0 02 4D 07 D0 04 C8 17 60 40 BD 00 00 80 00 05 1B 
[D] GSM SI-3: CID=811 LAC=19719 MCC=250 MNC=20
[D] QCP: log code=0x5A75 len=19
[D] QCP: log code=0x5A75 len=19
[D] QCP: log code=0x5A75 len=19
[D] QCP: log code=0x5A75 len=19
[D] QCP: log code=0x5A75 len=19
[D] QCP: log code=0x5A75 len=19
[D] QCP: log code=0x5A75 len=19
[D] QCP: log code=0x5A75 len=19
[D] QCP: log code=0x5A75 len=19
[D] QCP: log code=0x5A75 len=19
[D] QCP: log code=0x5B2F len=39
[D] RR: chan=0x81 type=0x1C (SI-4) len=23
[D] RR-L3 [23 bytes]: 31 06 1C 52 F0 10 00 EA 60 45 78 00 00 8F 00 B2 2B 2B 2B 2B 2B 2B 2B 
[D] QCP: log code=0x5A75 len=19
[D] QCP: log code=0x5A75 len=19
[D] QCP: log code=0x5A75 len=19
[D] QCP: log code=0x5A75 len=19
[D] QCP: log code=0x5A75 len=19
[D] QCP: log code=0x5A75 len=19
[D] QCP: log code=0x5A75 len=19
[D] QCP: log code=0x5A75 len=19
[D] QCP: log code=0x5B2F len=39
[D] RR: chan=0x81 type=0x1B (SI-3) len=23
[D] RR-L3 [23 bytes]: 49 06 1B 5A 61 52 F0 20 1E A0 C8 00 28 58 60 54 B8 00 00 8F 00 B0 77 
[D] GSM SI-3: CID=23137 LAC=7840 MCC=250 MNC=2
[D] QCP: log code=0x5A75 len=19
[D] QCP: log code=0x5A75 len=19
[D] QCP: log code=0x5A75 len=19
[D] QCP: log code=0x5A75 len=19
[D] QCP: log code=0x5B2F len=39
[D] RR: chan=0x81 type=0x1B (SI-3) len=23
[D] RR-L3 [23 bytes]: 49 06 1B 12 71 52 F0 02 4E 3D D0 04 C8 17 60 40 BD 00 00 80 00 04 1B 
[D] GSM SI-3: CID=4721 LAC=20029 MCC=250 MNC=20
[D] QCP: log code=0x5B2F len=39
[D] RR: chan=0x81 type=0x1B (SI-3) len=23
[D] RR-L3 [23 bytes]: 49 06 1B 03 2C 52 F0 02 4D 07 D0 04 C8 17 60 40 BD 00 00 80 00 05 1B 
[D] GSM SI-3: CID=812 LAC=19719 MCC=250 MNC=20
[D] QCP: log code=0x5A75 len=19
[D] QCP: log code=0x5A75 len=19
[D] QCP: log code=0x5A75 len=19
[D] QCP: log code=0x5A75 len=19
[D] QCP: log code=0x5A75 len=19
[D] QCP: log code=0x5A75 len=19
[D] QCP: log code=0x5B2F len=39
[D] RR: chan=0x81 type=0x1B (SI-3) len=23
[D] RR-L3 [23 bytes]: 49 06 1B 60 3A 52 F0 10 00 EA C8 00 28 53 60 45 78 00 00 8F 00 B0 43 
[D] GSM SI-3: CID=24634 LAC=234 MCC=250 MNC=1
[D] QCP: log code=0x5B2F len=39
[D] RR: chan=0x81 type=0x1C (SI-4) len=23
[D] RR-L3 [23 bytes]: 31 06 1C 52 F0 20 1E A0 60 59 B8 00 00 8F 00 B3 2B 2B 2B 2B 2B 2B 2B 
[D] QCP: log code=0x5A75 len=19
[D] QCP: log code=0x5A75 len=19
[D] QCP: log code=0x5A75 len=19
[D] QCP: log code=0x5A75 len=19
[D] QCP: log code=0x5B2F len=39
[D] RR: chan=0x81 type=0x1C (SI-4) len=23
[D] RR-L3 [23 bytes]: 31 06 1C 52 F0 10 00 EA 60 45 78 00 00 8F 00 B2 2B 2B 2B 2B 2B 2B 2B 
[D] QCP: log code=0x5A75 len=19
[D] QCP: log code=0x5A75 len=19
[D] QCP: log code=0x5A75 len=19
[D] QCP: log code=0x5A75 len=19
[D] QCP: log code=0x5A75 len=19
[D] QCP: log code=0x5A75 len=19
[D] QCP: log code=0x5A75 len=19
[D] QCP: log code=0x5A75 len=19
[D] QCP: log code=0x5A75 len=19
[D] QCP: log code=0x5A75 len=19
[D] QCP: log code=0x5A75 len=19
[D] QCP: log code=0x5A75 len=19
[D] QCP: log code=0x5A75 len=19
[D] QCP: log code=0x5A75 len=19
[D] QCP: log code=0x5A75 len=19
[D] QCP: log code=0x5A75 len=19
[D] QCP: log code=0x5A75 len=19
[D] QCP: log code=0x5A75 len=19
[D] QCP: log code=0x5A75 len=19
[D] QCP: log code=0x5A75 len=19
[D] QCP: log code=0x5A75 len=19
[D] QCP: log code=0x5A75 len=19
[D] QCP: log code=0x5A75 len=19
[D] QCP: log code=0x5A75 len=19
[D] QCP: log code=0x5A75 len=19
[D] QCP: log code=0x5A75 len=19
[D] QCP: log code=0x5A75 len=19
[D] QCP: log code=0x5A75 len=19
[D] QCP: log code=0x5A75 len=19
[D] QCP: log code=0x5A75 len=19
[D] QCP: log code=0x5A75 len=19
[D] QCP: log code=0x5A75 len=19
[D] QCP: log code=0x5A75 len=19
[D] QCP: log code=0x5A75 len=19
[D] QCP: log code=0x5A75 len=19
[D] QCP: log code=0x5A75 len=19
[D] QCP: log code=0x5A75 len=19
[D] QCP: log code=0x5A75 len=19
[D] QCP: log code=0x5A75 len=19
[D] QCP: log code=0x5A75 len=19
[D] QCP: log code=0x5A75 len=19
[D] QCP: log code=0x5A75 len=19
[D] QCP: log code=0x5A75 len=19
[D] QCP: log code=0x5A75 len=19
[D] QCP: log code=0x5A75 len=19
[D] QCP: log code=0x5A75 len=19
[D] QCP: log code=0x5A75 len=19
[D] QCP: log code=0x5A75 len=19
[D] QCP: log code=0x5A75 len=19
[D] QCP: log code=0x5A75 len=19
[D] QCP: log code=0x5A75 len=19
[D] QCP: log code=0x5A75 len=19
[D] QCP: log code=0x5A75 len=19
[D] QCP: log code=0x5A75 len=19
[D] QCP: log code=0x7131 len=15
[D] UMTS MM state=19 substate=6 update_status=0
[D] QCP: log code=0x7130 len=15
[W] UMTS NAS OTA: payload too short (3)
[D] QCP: log code=0x7131 len=15
[D] UMTS MM state=19 substate=2 update_status=0
[D] QCP: log code=0x7130 len=15
[W] UMTS NAS OTA: payload too short (3)
[D] QCP: log code=0x7131 len=15
[D] UMTS MM state=19 substate=2 update_status=0
[D] QCP: log code=0x7130 len=15
[W] UMTS NAS OTA: payload too short (3)
[D] QCP: log code=0x5A75 len=19
[D] QCP: log code=0x5A75 len=19
[D] QCP: log code=0x5B2F len=39
[D] RR: chan=0x81 type=0x1B (SI-3) len=23
[D] RR-L3 [23 bytes]: 49 06 1B 60 3C 52 F0 10 00 EA C8 00 28 53 60 45 78 00 00 8F 00 B0 43 
[D] GSM SI-3: CID=24636 LAC=234 MCC=250 MNC=1
[D] QCP: log code=0x5A6C len=109
[I] RAWCAP code=0x5A6C ver=1 plen=97  (GSM DSDS Burst Metrics)
[I] RAWCAP 0x5A6C v1 +000 01 03 E8 C3 07 00 A7 92 77 E4 0D 00 51 FD EB FF 08 00 2F 00 04 00 FF 7F 03 00 00 00 00 00 00 00 
[I] RAWCAP 0x5A6C v1 +032 00 00 00 00 00 00 00 00 00 00 00 00 00 00 00 00 00 00 00 00 00 00 00 00 00 00 00 00 00 00 00 00 
[I] RAWCAP 0x5A6C v1 +064 00 00 00 00 00 00 00 00 00 00 00 00 00 00 00 00 00 00 00 00 00 00 00 00 00 00 00 00 00 00 04 A2 
[I] RAWCAP 0x5A6C v1 +096 00 
[D] GSM DSDS BURST METRIC: radio_id_pkt=1
[D] GSM BURST METRIC: sfn=508904l, arfcn_band=37543, rssi=910455l, rxpwr=-687,dcoff_i=-21, dcoff_q=8, freq_offset=47, time_offset=4,snr_est=32767, gain_state=3ARFCN=679, BAND=9, rxpwr_real=-42.94
[D] QCP: log code=0x506A len=165
[I] RAWCAP code=0x506A ver=4 plen=153  (GSM L1 New Burst Metrics)
[I] RAWCAP 0x506A v4 +000 04 03 E8 C3 07 00 A7 92 77 E4 0D 00 51 FD EB FF 08 00 2F 00 04 00 FF 7F 03 00 FD 0A 03 01 00 00 
[I] RAWCAP 0x506A v4 +032 20 08 00 00 00 00 00 00 00 00 00 00 00 00 00 00 00 00 00 00 00 00 00 00 00 00 00 00 00 00 00 00 
[I] RAWCAP 0x506A v4 +064 00 00 00 00 00 F0 66 00 00 00 00 00 00 00 00 00 00 00 00 00 00 00 00 00 00 00 00 00 00 00 00 00 
[I] RAWCAP 0x506A v4 +096 00 00 00 00 00 00 00 00 00 00 13 00 00 00 00 00 00 00 00 00 00 00 00 00 00 00 00 00 00 00 00 00 
[I] RAWCAP 0x506A v4 +128 00 00 00 00 00 00 00 00 00 00 00 00 00 00 00 FF F0 00 00 00 00 00 04 A2 00 
[D] GSM BURST METRIC: sfn=508904l, arfcn_band=37543, rssi=910455l, rxpwr=-687,dcoff_i=-21, dcoff_q=8, freq_offset=47, time_offset=4,snr_est=32767, gain_state=3ARFCN=679, BAND=9, rxpwr_real=-42.94
[D] QCP: log code=0x5A7A len=16
[I] RAWCAP code=0x5A7A ver=1 plen=4  (GSM DSDS Serving Aux Meas)
[I] RAWCAP 0x5A7A v1 +000 01 51 FD 00 
[D] GSM DSDS SERV AUX MEAS: radio_id_pkt=1
[D] GSM SERV AUX MEAS: ServingAux RxPwr=-42.94, snr_is_bad=0
[D] QCP: log code=0x5B2F len=39
[D] RR: chan=0x83 type=0x21 (other) len=23
[D] QCP: log code=0x5A6C len=109
[D] GSM DSDS BURST METRIC: radio_id_pkt=1
[D] GSM BURST METRIC: sfn=508931l, arfcn_band=37543, rssi=864846l, rxpwr=-690,dcoff_i=5, dcoff_q=1, freq_offset=16, time_offset=0,snr_est=32767, gain_state=3ARFCN=679, BAND=9, rxpwr_real=-43.12
[D] QCP: log code=0x506A len=165
[D] GSM BURST METRIC: sfn=508931l, arfcn_band=37543, rssi=864846l, rxpwr=-690,dcoff_i=5, dcoff_q=1, freq_offset=16, time_offset=0,snr_est=32767, gain_state=3ARFCN=679, BAND=9, rxpwr_real=-43.12
[D] QCP: log code=0x5B2F len=39
[D] RR: chan=0x81 type=0x1C (SI-4) len=23
[D] RR-L3 [23 bytes]: 31 06 1C 52 F0 10 00 EA 60 45 78 00 00 8F 00 B2 2B 2B 2B 2B 2B 2B 2B 
[D] QCP: log code=0x5A7A len=16
[D] GSM DSDS SERV AUX MEAS: radio_id_pkt=1
[D] GSM SERV AUX MEAS: ServingAux RxPwr=-43.12, snr_is_bad=0
[D] QCP: log code=0x5A6C len=109
[D] GSM DSDS BURST METRIC: radio_id_pkt=1
[D] GSM BURST METRIC: sfn=508982l, arfcn_band=37543, rssi=962592l, rxpwr=-683,dcoff_i=6, dcoff_q=-19, freq_offset=-5, time_offset=0,snr_est=32767, gain_state=3ARFCN=679, BAND=9, rxpwr_real=-42.69
[D] QCP: log code=0x5B2F len=39
[D] RR: chan=0x81 type=0x07 (other) len=23
[D] QCP: log code=0x506A len=165
[D] GSM BURST METRIC: sfn=508982l, arfcn_band=37543, rssi=962592l, rxpwr=-683,dcoff_i=6, dcoff_q=-19, freq_offset=-5, time_offset=0,snr_est=32767, gain_state=3ARFCN=679, BAND=9, rxpwr_real=-42.69
[D] QCP: log code=0x5A7A len=16
[D] GSM DSDS SERV AUX MEAS: radio_id_pkt=1
[D] GSM SERV AUX MEAS: ServingAux RxPwr=-42.69, snr_is_bad=0
[D] QCP: log code=0x5A6C len=109
[D] GSM DSDS BURST METRIC: radio_id_pkt=1
[D] GSM BURST METRIC: sfn=509006l, arfcn_band=37543, rssi=457048l, rxpwr=-735,dcoff_i=14, dcoff_q=-5, freq_offset=18, time_offset=0,snr_est=26908, gain_state=3ARFCN=679, BAND=9, rxpwr_real=-45.94
[D] QCP: log code=0x506A len=165
[D] GSM BURST METRIC: sfn=509006l, arfcn_band=37543, rssi=457048l, rxpwr=-735,dcoff_i=14, dcoff_q=-5, freq_offset=18, time_offset=0,snr_est=26908, gain_state=3ARFCN=679, BAND=9, rxpwr_real=-45.94
[D] QCP: log code=0x5A7A len=16
[D] GSM DSDS SERV AUX MEAS: radio_id_pkt=1
[D] GSM SERV AUX MEAS: ServingAux RxPwr=-45.94, snr_is_bad=0
[D] QCP: log code=0x5B2F len=39
[D] RR: chan=0x83 type=0x21 (other) len=23
[D] QCP: log code=0x5A6C len=109
[D] GSM DSDS BURST METRIC: radio_id_pkt=1
[D] GSM BURST METRIC: sfn=509033l, arfcn_band=37543, rssi=307244l, rxpwr=-762,dcoff_i=-3, dcoff_q=-7, freq_offset=1, time_offset=0,snr_est=32767, gain_state=3ARFCN=679, BAND=9, rxpwr_real=-47.62
[D] QCP: log code=0x5B2F len=39
[D] RR: chan=0x81 type=0x03 (SI-2ter) len=23
[D] RR-L3 [23 bytes]: 49 06 03 CF FC 3F 00 00 00 00 00 00 00 1E 80 00 00 00 00 2B 2B 2B 2B 
[D] QCP: log code=0x506A len=165
[D] GSM BURST METRIC: sfn=509033l, arfcn_band=37543, rssi=307244l, rxpwr=-762,dcoff_i=-3, dcoff_q=-7, freq_offset=1, time_offset=0,snr_est=32767, gain_state=3ARFCN=679, BAND=9, rxpwr_real=-47.62
[D] QCP: log code=0x5A7A len=16
[D] GSM DSDS SERV AUX MEAS: radio_id_pkt=1
[D] GSM SERV AUX MEAS: ServingAux RxPwr=-47.69, snr_is_bad=0
[D] QCP: log code=0x5A6C len=109
[D] GSM DSDS BURST METRIC: radio_id_pkt=1
[D] GSM BURST METRIC: sfn=509108l, arfcn_band=37543, rssi=6522915l, rxpwr=-752,dcoff_i=41, dcoff_q=-47, freq_offset=9, time_offset=0,snr_est=23605, gain_state=2ARFCN=679, BAND=9, rxpwr_real=-47.00
[D] QCP: log code=0x5B2F len=39
[D] RR: chan=0x83 type=0x21 (other) len=23
[D] QCP: log code=0x506A len=165
[D] GSM BURST METRIC: sfn=509108l, arfcn_band=37543, rssi=6522915l, rxpwr=-752,dcoff_i=41, dcoff_q=-47, freq_offset=9, time_offset=0,snr_est=23605, gain_state=2ARFCN=679, BAND=9, rxpwr_real=-47.00
[D] QCP: log code=0x5A7A len=16
[D] GSM DSDS SERV AUX MEAS: radio_id_pkt=1
[D] GSM SERV AUX MEAS: ServingAux RxPwr=-47.00, snr_is_bad=0
[D] QCP: log code=0x5A6C len=109
[D] GSM DSDS BURST METRIC: radio_id_pkt=1
[D] GSM BURST METRIC: sfn=509186l, arfcn_band=37543, rssi=6350260l, rxpwr=-754,dcoff_i=-25, dcoff_q=-83, freq_offset=-3, time_offset=0,snr_est=17060, gain_state=2ARFCN=679, BAND=9, rxpwr_real=-47.12
[D] QCP: log code=0x5B2F len=39
[D] RR: chan=0x81 type=0x19 (SI-1) len=23
[D] RR-L3 [23 bytes]: 55 06 19 8F 46 00 05 00 10 00 00 00 00 00 00 00 10 00 00 78 00 00 2B 
[D] QCP: log code=0x506A len=165
[D] GSM BURST METRIC: sfn=509186l, arfcn_band=37543, rssi=6350260l, rxpwr=-754,dcoff_i=-25, dcoff_q=-83, freq_offset=-3, time_offset=0,snr_est=17060, gain_state=2ARFCN=679, BAND=9, rxpwr_real=-47.12
[D] QCP: log code=0x5A7A len=16
[D] GSM DSDS SERV AUX MEAS: radio_id_pkt=1
[D] GSM SERV AUX MEAS: ServingAux RxPwr=-47.06, snr_is_bad=0
[D] QCP: log code=0x5A6C len=109
[D] GSM DSDS BURST METRIC: radio_id_pkt=1
[D] GSM BURST METRIC: sfn=509210l, arfcn_band=37543, rssi=6733454l, rxpwr=-750,dcoff_i=-62, dcoff_q=29, freq_offset=-6, time_offset=0,snr_est=23717, gain_state=2ARFCN=679, BAND=9, rxpwr_real=-46.88
[D] QCP: log code=0x5B2F len=39
[D] RR: chan=0x83 type=0x3F (other) len=23
[D] QCP: log code=0x506A len=165
[D] GSM BURST METRIC: sfn=509210l, arfcn_band=37543, rssi=6733454l, rxpwr=-750,dcoff_i=-62, dcoff_q=29, freq_offset=-6, time_offset=0,snr_est=23717, gain_state=2ARFCN=679, BAND=9, rxpwr_real=-46.88
[D] QCP: log code=0x5A7A len=16
[D] GSM DSDS SERV AUX MEAS: radio_id_pkt=1
[D] GSM SERV AUX MEAS: ServingAux RxPwr=-46.81, snr_is_bad=0
[D] QCP: log code=0x5A6C len=109
[D] GSM DSDS BURST METRIC: radio_id_pkt=1
[D] GSM BURST METRIC: sfn=509237l, arfcn_band=37543, rssi=6872676l, rxpwr=-748,dcoff_i=28, dcoff_q=36, freq_offset=7, time_offset=0,snr_est=30048, gain_state=2ARFCN=679, BAND=9, rxpwr_real=-46.75
[D] QCP: log code=0x5B2F len=39
[D] RR: chan=0x81 type=0x1A (SI-2) len=23
[D] RR-L3 [23 bytes]: 59 06 1A 8F 47 60 28 00 20 00 00 00 00 00 00 10 88 00 00 FF 78 00 00 
[D] QCP: log code=0x506A len=165
[D] GSM BURST METRIC: sfn=509237l, arfcn_band=37543, rssi=6872676l, rxpwr=-748,dcoff_i=28, dcoff_q=36, freq_offset=7, time_offset=0,snr_est=30048, gain_state=2ARFCN=679, BAND=9, rxpwr_real=-46.75
[D] QCP: log code=0x5A7A len=16
[D] GSM DSDS SERV AUX MEAS: radio_id_pkt=1
[D] GSM SERV AUX MEAS: ServingAux RxPwr=-46.81, snr_is_bad=0
[D] QCP: log code=0x5A6C len=109
[D] GSM DSDS BURST METRIC: radio_id_pkt=1
[D] GSM BURST METRIC: sfn=509312l, arfcn_band=37543, rssi=7182269l, rxpwr=-745,dcoff_i=-79, dcoff_q=62, freq_offset=28, time_offset=0,snr_est=13281, gain_state=2ARFCN=679, BAND=9, rxpwr_real=-46.56
[D] QCP: log code=0x5B2F len=39
[D] RR: chan=0x83 type=0x3F (other) len=23
[D] QCP: log code=0x506A len=165
[D] GSM BURST METRIC: sfn=509312l, arfcn_band=37543, rssi=7182269l, rxpwr=-745,dcoff_i=-79, dcoff_q=62, freq_offset=28, time_offset=0,snr_est=13281, gain_state=2ARFCN=679, BAND=9, rxpwr_real=-46.56
[D] QCP: log code=0x5A7A len=16
[D] GSM DSDS SERV AUX MEAS: radio_id_pkt=1
[D] GSM SERV AUX MEAS: ServingAux RxPwr=-46.50, snr_is_bad=0
[D] QCP: log code=0x5A6C len=109
[D] GSM DSDS BURST METRIC: radio_id_pkt=1
[D] GSM BURST METRIC: sfn=509390l, arfcn_band=37543, rssi=15025091l, rxpwr=-694,dcoff_i=-33, dcoff_q=-182, freq_offset=-14, time_offset=0,snr_est=13304, gain_state=2ARFCN=679, BAND=9, rxpwr_real=-43.38
[D] QCP: log code=0x5B2F len=39
[D] RR: chan=0x81 type=0x00 (other) len=23
[D] QCP: log code=0x506A len=165
[D] GSM BURST METRIC: sfn=509390l, arfcn_band=37543, rssi=15025091l, rxpwr=-694,dcoff_i=-33, dcoff_q=-182, freq_offset=-14, time_offset=0,snr_est=13304, gain_state=2ARFCN=679, BAND=9, rxpwr_real=-43.38
[D] QCP: log code=0x5A7A len=16
[D] GSM DSDS SERV AUX MEAS: radio_id_pkt=1
[D] GSM SERV AUX MEAS: ServingAux RxPwr=-43.31, snr_is_bad=0
[D] QCP: log code=0x5B34 len=26
[I] RAWCAP code=0x5B34 ver=1 plen=14  (GSM DSDS Cell Information)
[I] RAWCAP 0x5B34 v1 +000 01 A7 92 05 06 3C 60 52 F0 10 00 EA 00 FF 
[D] GSM DSDS CELL INFO: radio_id_pkt=1
[D] GSM CELL INFO: ARFCN=679 BC=9 BCC=5 NCC=6 MCC=250 MNC=1 LAC=234 CID=24636 priority=0 ncc_permitted=255
[D] QCP: log code=0x7131 len=15
[D] UMTS MM state=19 substate=3 update_status=0
[D] QCP: log code=0x7130 len=15
[W] UMTS NAS OTA: payload too short (3)
[D] QCP: log code=0x7131 len=15
[D] UMTS MM state=19 substate=3 update_status=0
[D] QCP: log code=0x7130 len=15
[W] UMTS NAS OTA: payload too short (3)
[D] QCP: log code=0x5A6C len=109
[D] GSM DSDS BURST METRIC: radio_id_pkt=1
[D] GSM BURST METRIC: sfn=509414l, arfcn_band=37543, rssi=594319l, rxpwr=-716,dcoff_i=4, dcoff_q=4, freq_offset=-25, time_offset=0,snr_est=32767, gain_state=3ARFCN=679, BAND=9, rxpwr_real=-44.75
[D] GSM C1/C2: arfcn=679 rxlev=-44 accmin=5 txpwr=0 -> C1=58 C2=88
[D] QCP: log code=0x506A len=165
[D] GSM BURST METRIC: sfn=509414l, arfcn_band=37543, rssi=594319l, rxpwr=-716,dcoff_i=4, dcoff_q=4, freq_offset=-25, time_offset=0,snr_est=32767, gain_state=3ARFCN=679, BAND=9, rxpwr_real=-44.75
[D] QCP: log code=0x5A7A len=16
[D] GSM DSDS SERV AUX MEAS: radio_id_pkt=1
[D] GSM SERV AUX MEAS: ServingAux RxPwr=-44.75, snr_is_bad=0
[D] QCP: log code=0x5B2F len=39
[D] RR: chan=0x83 type=0x3F (other) len=23
[D] QCP: log code=0x5A6C len=109
[D] GSM DSDS BURST METRIC: radio_id_pkt=1
[D] GSM BURST METRIC: sfn=0l, arfcn_band=0, rssi=0l, rxpwr=0,dcoff_i=0, dcoff_q=0, freq_offset=0, time_offset=0,snr_est=0, gain_state=0ARFCN=0, BAND=0
[D] QCP: log code=0x5B2F len=39
[D] RR: chan=0x81 type=0x03 (SI-2ter) len=23
[D] RR-L3 [23 bytes]: 49 06 03 CF FC 3F 00 00 00 00 00 00 00 1E 80 00 00 00 00 2B 2B 2B 2B 
[D] QCP: log code=0x506A len=165
[D] GSM BURST METRIC: sfn=0l, arfcn_band=0, rssi=0l, rxpwr=0,dcoff_i=0, dcoff_q=0, freq_offset=0, time_offset=0,snr_est=0, gain_state=0ARFCN=0, BAND=0
[D] QCP: log code=0x5A7A len=16
[D] GSM DSDS SERV AUX MEAS: radio_id_pkt=1
[D] GSM SERV AUX MEAS: ServingAux RxPwr=-43.50, snr_is_bad=0
[D] QCP: log code=0x5A71 len=14
[I] RAWCAP code=0x5A71 ver=1 plen=2  (GSM DSDS Surround BA List)
[I] RAWCAP 0x5A71 v1 +000 01 00 
[D] GSM DSDS SURROUND CELL BA: radio_id_pkt=1
[D] GSM SURROUND CELL BA num_cells=0
[D] QCP: log code=0x5A7B len=14
[I] RAWCAP code=0x5A7B ver=1 plen=2  (GSM DSDS Neighbor Aux Meas)
[I] RAWCAP 0x5A7B v1 +000 01 00 
[D] GSM DSDS NEIG AUX MEAS: radio_id_pkt=1
[D] QCP: log code=0x5B2F len=39
[D] RR: chan=0x83 type=0x3F (other) len=23
[D] QCP: log code=0x5A6C len=109
[D] GSM DSDS BURST METRIC: radio_id_pkt=1
[D] GSM BURST METRIC: sfn=509516l, arfcn_band=37543, rssi=831182l, rxpwr=-693,dcoff_i=4, dcoff_q=-8, freq_offset=-17, time_offset=0,snr_est=32767, gain_state=3ARFCN=679, BAND=9, rxpwr_real=-43.31
[D] GSM C1/C2: arfcn=679 rxlev=-43 accmin=5 txpwr=0 -> C1=58 C2=88
[D] QCP: log code=0x506A len=165
[D] GSM BURST METRIC: sfn=509516l, arfcn_band=37543, rssi=831182l, rxpwr=-693,dcoff_i=4, dcoff_q=-8, freq_offset=-17, time_offset=0,snr_est=32767, gain_state=3ARFCN=679, BAND=9, rxpwr_real=-43.31
[D] QCP: log code=0x5A7A len=16
[D] GSM DSDS SERV AUX MEAS: radio_id_pkt=1
[D] GSM SERV AUX MEAS: ServingAux RxPwr=-43.19, snr_is_bad=0
[D] QCP: log code=0x5A6C len=109
[D] GSM DSDS BURST METRIC: radio_id_pkt=1
[D] GSM BURST METRIC: sfn=509618l, arfcn_band=37543, rssi=1816568l, rxpwr=-638,dcoff_i=8, dcoff_q=-3, freq_offset=-23, time_offset=0,snr_est=32767, gain_state=3ARFCN=679, BAND=9, rxpwr_real=-39.88
[D] GSM C1/C2: arfcn=679 rxlev=-39 accmin=5 txpwr=0 -> C1=58 C2=88
[D] QCP: log code=0x506A len=165
[D] GSM BURST METRIC: sfn=509618l, arfcn_band=37543, rssi=1816568l, rxpwr=-638,dcoff_i=8, dcoff_q=-3, freq_offset=-23, time_offset=0,snr_est=32767, gain_state=3ARFCN=679, BAND=9, rxpwr_real=-39.88
[D] QCP: log code=0x5A7A len=16
[D] GSM DSDS SERV AUX MEAS: radio_id_pkt=1
[D] GSM SERV AUX MEAS: ServingAux RxPwr=-39.88, snr_is_bad=0
[D] QCP: log code=0x5B2F len=39
[D] RR: chan=0x83 type=0x21 (other) len=23
[D] QCP: log code=0x5A71 len=14
[D] GSM DSDS SURROUND CELL BA: radio_id_pkt=1
[D] GSM SURROUND CELL BA num_cells=0
[D] QCP: log code=0x5A7B len=14
[D] GSM DSDS NEIG AUX MEAS: radio_id_pkt=1
[D] QCP: log code=0x5B2F len=39
[D] RR: chan=0x83 type=0x3F (other) len=23
[D] QCP: log code=0x5A6C len=109
[D] GSM DSDS BURST METRIC: radio_id_pkt=1
[D] GSM BURST METRIC: sfn=509720l, arfcn_band=37543, rssi=648644l, rxpwr=-710,dcoff_i=-8, dcoff_q=-5, freq_offset=-8, time_offset=0,snr_est=32767, gain_state=3ARFCN=679, BAND=9, rxpwr_real=-44.38
[D] GSM C1/C2: arfcn=679 rxlev=-44 accmin=5 txpwr=0 -> C1=58 C2=88
[D] QCP: log code=0x506A len=165
[D] GSM BURST METRIC: sfn=509720l, arfcn_band=37543, rssi=648644l, rxpwr=-710,dcoff_i=-8, dcoff_q=-5, freq_offset=-8, time_offset=0,snr_est=32767, gain_state=3ARFCN=679, BAND=9, rxpwr_real=-44.38
[D] QCP: log code=0x5A7A len=16
[D] GSM DSDS SERV AUX MEAS: radio_id_pkt=1
[D] GSM SERV AUX MEAS: ServingAux RxPwr=-44.25, snr_is_bad=0
[D] QCP: log code=0x5A6C len=109
[D] GSM DSDS BURST METRIC: radio_id_pkt=1
[D] GSM BURST METRIC: sfn=509798l, arfcn_band=37543, rssi=72250l, rxpwr=-862,dcoff_i=-3, dcoff_q=0, freq_offset=-12, time_offset=0,snr_est=32767, gain_state=3ARFCN=679, BAND=9, rxpwr_real=-53.88
[D] GSM C1/C2: arfcn=679 rxlev=-53 accmin=5 txpwr=0 -> C1=52 C2=82
[D] QCP: log code=0x5B2F len=39
[D] RR: chan=0x81 type=0x07 (other) len=23
[D] QCP: log code=0x506A len=165
[D] GSM BURST METRIC: sfn=509798l, arfcn_band=37543, rssi=72250l, rxpwr=-862,dcoff_i=-3, dcoff_q=0, freq_offset=-12, time_offset=0,snr_est=32767, gain_state=3ARFCN=679, BAND=9, rxpwr_real=-53.88
[D] QCP: log code=0x5A7A len=16
[D] GSM DSDS SERV AUX MEAS: radio_id_pkt=1
[D] GSM SERV AUX MEAS: ServingAux RxPwr=-53.81, snr_is_bad=0
[D] QCP: log code=0x5A6C len=109
[D] GSM DSDS BURST METRIC: radio_id_pkt=1
[D] GSM BURST METRIC: sfn=509822l, arfcn_band=37543, rssi=142569667l, rxpwr=-890,dcoff_i=-102, dcoff_q=-160, freq_offset=-26, time_offset=0,snr_est=32767, gain_state=1ARFCN=679, BAND=9, rxpwr_real=-55.62
[D] GSM C1/C2: arfcn=679 rxlev=-55 accmin=5 txpwr=0 -> C1=50 C2=80
[D] QCP: log code=0x506A len=165
[D] GSM BURST METRIC: sfn=509822l, arfcn_band=37543, rssi=142569667l, rxpwr=-890,dcoff_i=-102, dcoff_q=-160, freq_offset=-26, time_offset=0,snr_est=32767, gain_state=1ARFCN=679, BAND=9, rxpwr_real=-55.62
[D] QCP: log code=0x5A7A len=16
[D] GSM DSDS SERV AUX MEAS: radio_id_pkt=1
[D] GSM SERV AUX MEAS: ServingAux RxPwr=-55.62, snr_is_bad=0
[D] QCP: log code=0x5B2F len=39
[D] RR: chan=0x83 type=0x21 (other) len=23
[D] QCP: log code=0x5A6C len=109
[D] GSM DSDS BURST METRIC: radio_id_pkt=1
[D] GSM BURST METRIC: sfn=509849l, arfcn_band=37543, rssi=966284l, rxpwr=-683,dcoff_i=9, dcoff_q=7, freq_offset=-13, time_offset=0,snr_est=32767, gain_state=3ARFCN=679, BAND=9, rxpwr_real=-42.69
[D] GSM C1/C2: arfcn=679 rxlev=-42 accmin=5 txpwr=0 -> C1=58 C2=88
[D] QCP: log code=0x5B2F len=39
[D] RR: chan=0x81 type=0x03 (SI-2ter) len=23
[D] RR-L3 [23 bytes]: 49 06 03 CF FC 3F 00 00 00 00 00 00 00 1E 80 00 00 00 00 2B 2B 2B 2B 
[D] QCP: log code=0x506A len=165
[D] GSM BURST METRIC: sfn=509849l, arfcn_band=37543, rssi=966284l, rxpwr=-683,dcoff_i=9, dcoff_q=7, freq_offset=-13, time_offset=0,snr_est=32767, gain_state=3ARFCN=679, BAND=9, rxpwr_real=-42.69
[D] QCP: log code=0x5A7A len=16
[D] GSM DSDS SERV AUX MEAS: radio_id_pkt=1
[D] GSM SERV AUX MEAS: ServingAux RxPwr=-42.75, snr_is_bad=0
[D] QCP: log code=0x5A6C len=109
[D] GSM DSDS BURST METRIC: radio_id_pkt=1
[D] GSM BURST METRIC: sfn=509924l, arfcn_band=37543, rssi=324460l, rxpwr=-759,dcoff_i=5, dcoff_q=-8, freq_offset=4, time_offset=0,snr_est=32767, gain_state=3ARFCN=679, BAND=9, rxpwr_real=-47.44
[D] GSM C1/C2: arfcn=679 rxlev=-47 accmin=5 txpwr=0 -> C1=58 C2=88
[D] QCP: log code=0x506A len=165
[D] GSM BURST METRIC: sfn=509924l, arfcn_band=37543, rssi=324460l, rxpwr=-759,dcoff_i=5, dcoff_q=-8, freq_offset=4, time_offset=0,snr_est=32767, gain_state=3ARFCN=679, BAND=9, rxpwr_real=-47.44
[D] QCP: log code=0x5A7A len=16
[D] GSM DSDS SERV AUX MEAS: radio_id_pkt=1
[D] GSM SERV AUX MEAS: ServingAux RxPwr=-47.44, snr_is_bad=0
[D] QCP: log code=0x5B2F len=39
[D] RR: chan=0x83 type=0x21 (other) len=23
[D] QCP: log code=0x5A71 len=14
[D] GSM DSDS SURROUND CELL BA: radio_id_pkt=1
[D] GSM SURROUND CELL BA num_cells=0
[D] QCP: log code=0x5A7B len=14
[D] GSM DSDS NEIG AUX MEAS: radio_id_pkt=1
[D] QCP: log code=0x5A6C len=109
[D] GSM DSDS BURST METRIC: radio_id_pkt=1
[D] GSM BURST METRIC: sfn=510026l, arfcn_band=37543, rssi=1073324l, rxpwr=-878,dcoff_i=-10, dcoff_q=-19, freq_offset=62, time_offset=0,snr_est=26592, gain_state=2ARFCN=679, BAND=9, rxpwr_real=-54.88
[D] GSM C1/C2: arfcn=679 rxlev=-54 accmin=5 txpwr=0 -> C1=51 C2=81
[D] QCP: log code=0x506A len=165
[D] GSM BURST METRIC: sfn=510026l, arfcn_band=37543, rssi=1073324l, rxpwr=-878,dcoff_i=-10, dcoff_q=-19, freq_offset=62, time_offset=0,snr_est=26592, gain_state=2ARFCN=679, BAND=9, rxpwr_real=-54.88
[D] QCP: log code=0x5A7A len=16
[D] GSM DSDS SERV AUX MEAS: radio_id_pkt=1
[D] GSM SERV AUX MEAS: ServingAux RxPwr=-54.88, snr_is_bad=0
[D] QCP: log code=0x5B2F len=39
[D] RR: chan=0x83 type=0x21 (other) len=23
[D] QCP: log code=0x5A6C len=109
[D] GSM DSDS BURST METRIC: radio_id_pkt=1
[D] GSM BURST METRIC: sfn=510128l, arfcn_band=37543, rssi=19221747l, rxpwr=-677,dcoff_i=-7, dcoff_q=125, freq_offset=-14, time_offset=0,snr_est=23525, gain_state=2ARFCN=679, BAND=9, rxpwr_real=-42.31
[D] GSM C1/C2: arfcn=679 rxlev=-42 accmin=5 txpwr=0 -> C1=58 C2=88
[D] QCP: log code=0x506A len=165
[D] GSM BURST METRIC: sfn=510128l, arfcn_band=37543, rssi=19221747l, rxpwr=-677,dcoff_i=-7, dcoff_q=125, freq_offset=-14, time_offset=0,snr_est=23525, gain_state=2ARFCN=679, BAND=9, rxpwr_real=-42.31
[D] QCP: log code=0x5A7A len=16
[D] GSM DSDS SERV AUX MEAS: radio_id_pkt=1
[D] GSM SERV AUX MEAS: ServingAux RxPwr=-42.31, snr_is_bad=0
[D] QCP: log code=0x5B2F len=39
[D] RR: chan=0x83 type=0x21 (other) len=23
[D] QCP: log code=0x5A71 len=14
[D] GSM DSDS SURROUND CELL BA: radio_id_pkt=1
[D] GSM SURROUND CELL BA num_cells=0
[D] QCP: log code=0x5A7B len=14
[D] GSM DSDS NEIG AUX MEAS: radio_id_pkt=1
[D] QCP: log code=0x5A6C len=109
[D] GSM DSDS BURST METRIC: radio_id_pkt=1
[D] GSM BURST METRIC: sfn=510206l, arfcn_band=37543, rssi=2465111l, rxpwr=-617,dcoff_i=-53, dcoff_q=-52, freq_offset=17, time_offset=4,snr_est=14503, gain_state=3ARFCN=679, BAND=9, rxpwr_real=-38.56
[D] GSM C1/C2: arfcn=679 rxlev=-38 accmin=5 txpwr=0 -> C1=58 C2=88
[D] QCP: log code=0x5B2F len=39
[D] RR: chan=0x81 type=0x00 (other) len=23
[D] QCP: log code=0x506A len=165
[D] GSM BURST METRIC: sfn=510206l, arfcn_band=37543, rssi=2465111l, rxpwr=-617,dcoff_i=-53, dcoff_q=-52, freq_offset=17, time_offset=4,snr_est=14503, gain_state=3ARFCN=679, BAND=9, rxpwr_real=-38.56
[D] QCP: log code=0x5A7A len=16
[D] GSM DSDS SERV AUX MEAS: radio_id_pkt=1
[D] GSM SERV AUX MEAS: ServingAux RxPwr=-38.44, snr_is_bad=0
[D] QCP: log code=0x5A6C len=109
[D] GSM DSDS BURST METRIC: radio_id_pkt=1
[D] GSM BURST METRIC: sfn=510230l, arfcn_band=37543, rssi=2536510l, rxpwr=-615,dcoff_i=1, dcoff_q=14, freq_offset=1, time_offset=0,snr_est=32767, gain_state=3ARFCN=679, BAND=9, rxpwr_real=-38.44
[D] GSM C1/C2: arfcn=679 rxlev=-38 accmin=5 txpwr=0 -> C1=58 C2=88
[D] QCP: log code=0x506A len=165
[D] GSM BURST METRIC: sfn=510230l, arfcn_band=37543, rssi=2536510l, rxpwr=-615,dcoff_i=1, dcoff_q=14, freq_offset=1, time_offset=0,snr_est=32767, gain_state=3ARFCN=679, BAND=9, rxpwr_real=-38.44
[D] QCP: log code=0x5A7A len=16
[D] GSM DSDS SERV AUX MEAS: radio_id_pkt=1
[D] GSM SERV AUX MEAS: ServingAux RxPwr=-38.44, snr_is_bad=0
[D] QCP: log code=0x5B2F len=39
[D] RR: chan=0x83 type=0x21 (other) len=23
[D] QCP: log code=0x5A6C len=109
[D] GSM DSDS BURST METRIC: radio_id_pkt=1
[D] GSM BURST METRIC: sfn=510257l, arfcn_band=37543, rssi=2479573l, rxpwr=-617,dcoff_i=-17, dcoff_q=-10, freq_offset=25, time_offset=0,snr_est=32767, gain_state=3ARFCN=679, BAND=9, rxpwr_real=-38.56
[D] GSM C1/C2: arfcn=679 rxlev=-38 accmin=5 txpwr=0 -> C1=58 C2=88
[D] QCP: log code=0x5B2F len=39
[D] RR: chan=0x81 type=0x03 (SI-2ter) len=23
[D] RR-L3 [23 bytes]: 49 06 03 CF FC 3F 00 00 00 00 00 00 00 1E 80 00 00 00 00 2B 2B 2B 2B 
[D] QCP: log code=0x506A len=165
[D] GSM BURST METRIC: sfn=510257l, arfcn_band=37543, rssi=2479573l, rxpwr=-617,dcoff_i=-17, dcoff_q=-10, freq_offset=25, time_offset=0,snr_est=32767, gain_state=3ARFCN=679, BAND=9, rxpwr_real=-38.56
[D] QCP: log code=0x5A7A len=16
[D] GSM DSDS SERV AUX MEAS: radio_id_pkt=1
[D] GSM SERV AUX MEAS: ServingAux RxPwr=-38.56, snr_is_bad=0
[D] QCP: log code=0x5A71 len=86
[D] GSM DSDS SURROUND CELL BA: radio_id_pkt=1
[D] GSM SURROUND CELL BA num_cells=6
[D] GSM SURROUND CELL BA: Cell #0: ARFCN=1019 BC=8 BSIC=N/A RxPwr=-53.56
[D] GSM SURROUND CELL BA: Cell #1: ARFCN=1020 BC=8 BSIC=N/A RxPwr=-69.94
[D] GSM SURROUND CELL BA: Cell #2: ARFCN=64 BC=8 BSIC=N/A RxPwr=-71.69
[D] GSM SURROUND CELL BA: Cell #3: ARFCN=655 BC=9 BSIC=N/A RxPwr=-73.62
[D] GSM SURROUND CELL BA: Cell #4: ARFCN=1023 BC=8 BSIC=N/A RxPwr=-79.31
[D] GSM SURROUND CELL BA: Cell #5: ARFCN=1016 BC=8 BSIC=N/A RxPwr=-79.75
[D] QCP: log code=0x5A7B len=38
[D] GSM DSDS NEIG AUX MEAS: radio_id_pkt=1
[D] GSM NEIG AUX MEAS: Cell№0, n_arfcn = 1019, n_band = 8, n_rspwr = -53.56
[D] GSM NEIG AUX MEAS: Cell№1, n_arfcn = 1020, n_band = 8, n_rspwr = -69.94
[D] GSM NEIG AUX MEAS: Cell№2, n_arfcn = 64, n_band = 8, n_rspwr = -71.69
[D] GSM NEIG AUX MEAS: Cell№3, n_arfcn = 655, n_band = 9, n_rspwr = -73.62
[D] GSM NEIG AUX MEAS: Cell№4, n_arfcn = 1023, n_band = 8, n_rspwr = -79.31
[D] GSM NEIG AUX MEAS: Cell№5, n_arfcn = 1016, n_band = 8, n_rspwr = -79.75
[D] QCP: log code=0x5B2F len=39
[D] RR: chan=0x83 type=0x3F (other) len=23
[D] QCP: log code=0x5A6C len=109
[D] GSM DSDS BURST METRIC: radio_id_pkt=1
[D] GSM BURST METRIC: sfn=510332l, arfcn_band=37543, rssi=1902825l, rxpwr=-635,dcoff_i=10, dcoff_q=-23, freq_offset=19, time_offset=0,snr_est=30559, gain_state=3ARFCN=679, BAND=9, rxpwr_real=-39.69
[D] GSM C1/C2: arfcn=679 rxlev=-39 accmin=5 txpwr=0 -> C1=58 C2=88
[D] QCP: log code=0x506A len=165
[D] GSM BURST METRIC: sfn=510332l, arfcn_band=37543, rssi=1902825l, rxpwr=-635,dcoff_i=10, dcoff_q=-23, freq_offset=19, time_offset=0,snr_est=30559, gain_state=3ARFCN=679, BAND=9, rxpwr_real=-39.69
[D] QCP: log code=0x5A7A len=16
[D] GSM DSDS SERV AUX MEAS: radio_id_pkt=1
[D] GSM SERV AUX MEAS: ServingAux RxPwr=-39.69, snr_is_bad=0
[D] QCP: log code=0x5A6C len=109
[D] GSM DSDS BURST METRIC: radio_id_pkt=1
[D] GSM BURST METRIC: sfn=510434l, arfcn_band=37543, rssi=484749l, rxpwr=-731,dcoff_i=-3, dcoff_q=-13, freq_offset=38, time_offset=0,snr_est=31930, gain_state=3ARFCN=679, BAND=9, rxpwr_real=-45.69
[D] GSM C1/C2: arfcn=679 rxlev=-45 accmin=5 txpwr=0 -> C1=58 C2=88
[D] QCP: log code=0x506A len=165
[D] GSM BURST METRIC: sfn=510434l, arfcn_band=37543, rssi=484749l, rxpwr=-731,dcoff_i=-3, dcoff_q=-13, freq_offset=38, time_offset=0,snr_est=31930, gain_state=3ARFCN=679, BAND=9, rxpwr_real=-45.69
[D] QCP: log code=0x5A7A len=16
[D] GSM DSDS SERV AUX MEAS: radio_id_pkt=1
[D] GSM SERV AUX MEAS: ServingAux RxPwr=-45.69, snr_is_bad=0
[D] QCP: log code=0x5B2F len=39
[D] RR: chan=0x83 type=0x21 (other) len=23
[D] QCP: log code=0x5A75 len=19
[D] QCP: log code=0x5A75 len=19
[D] QCP: log code=0x5A71 len=86
[D] GSM DSDS SURROUND CELL BA: radio_id_pkt=1
[D] GSM SURROUND CELL BA num_cells=6
[D] GSM SURROUND CELL BA: Cell #0: ARFCN=1019 BC=8 BSIC=11 RxPwr=-49.56
[D] GSM SURROUND CELL BA: Cell #1: ARFCN=1020 BC=8 BSIC=N/A RxPwr=-66.19
[D] GSM SURROUND CELL BA: Cell #2: ARFCN=64 BC=8 BSIC=N/A RxPwr=-70.31
[D] GSM SURROUND CELL BA: Cell #3: ARFCN=655 BC=9 BSIC=N/A RxPwr=-73.62
[D] GSM SURROUND CELL BA: Cell #4: ARFCN=1023 BC=8 BSIC=N/A RxPwr=-79.31
[D] GSM SURROUND CELL BA: Cell #5: ARFCN=1016 BC=8 BSIC=N/A RxPwr=-76.56
[D] QCP: log code=0x5A7B len=38
[D] GSM DSDS NEIG AUX MEAS: radio_id_pkt=1
[D] GSM NEIG AUX MEAS: Cell№0, n_arfcn = 1019, n_band = 8, n_rspwr = -45.56
[D] GSM NEIG AUX MEAS: Cell№1, n_arfcn = 1020, n_band = 8, n_rspwr = -62.50
[D] GSM NEIG AUX MEAS: Cell№2, n_arfcn = 64, n_band = 8, n_rspwr = -69.00
[D] GSM NEIG AUX MEAS: Cell№3, n_arfcn = 655, n_band = 9, n_rspwr = -73.62
[D] GSM NEIG AUX MEAS: Cell№4, n_arfcn = 1023, n_band = 8, n_rspwr = -79.31
[D] GSM NEIG AUX MEAS: Cell№5, n_arfcn = 1016, n_band = 8, n_rspwr = -73.38
[D] QCP: log code=0x5B2F len=39
[D] RR: chan=0x83 type=0x3F (other) len=23
[D] QCP: log code=0x5A6C len=109
[D] GSM DSDS BURST METRIC: radio_id_pkt=1
[D] GSM BURST METRIC: sfn=510536l, arfcn_band=37543, rssi=757234l, rxpwr=-700,dcoff_i=-21, dcoff_q=-17, freq_offset=86, time_offset=0,snr_est=20761, gain_state=3ARFCN=679, BAND=9, rxpwr_real=-43.75
[D] GSM C1/C2: arfcn=679 rxlev=-43 accmin=5 txpwr=0 -> C1=58 C2=88
[D] QCP: log code=0x506A len=165
[D] GSM BURST METRIC: sfn=510536l, arfcn_band=37543, rssi=757234l, rxpwr=-700,dcoff_i=-21, dcoff_q=-17, freq_offset=86, time_offset=0,snr_est=20761, gain_state=3ARFCN=679, BAND=9, rxpwr_real=-43.75
[D] QCP: log code=0x5A7A len=16
[D] GSM DSDS SERV AUX MEAS: radio_id_pkt=1
[D] GSM SERV AUX MEAS: ServingAux RxPwr=-43.81, snr_is_bad=0
[D] QCP: log code=0x5A75 len=19
[D] QCP: log code=0x5A75 len=19
[D] QCP: log code=0x5A75 len=19
[D] QCP: log code=0x5A75 len=19
[D] QCP: log code=0x5A75 len=19
[D] QCP: log code=0x5A75 len=19
[D] QCP: log code=0x5A75 len=19
[D] QCP: log code=0x7131 len=15
[D] UMTS MM state=0 substate=3 update_status=0
[D] QCP: log code=0x7130 len=15
[W] UMTS NAS OTA: payload too short (3)
[D] QCP: log code=0x7130 len=15
[W] UMTS NAS OTA: payload too short (3)
[D] QCP: log code=0x7131 len=15
[D] UMTS MM state=0 substate=0 update_status=0
[D] QCP: log code=0x7131 len=15
[D] UMTS MM state=0 substate=0 update_status=0
[D] QCP: log code=0x7130 len=15
[W] UMTS NAS OTA: payload too short (3)
[D] QCP: log code=0x7130 len=15
[W] UMTS NAS OTA: payload too short (3)
[D] QCP: log code=0x7131 len=15
[D] UMTS MM state=0 substate=1 update_status=1
[D] QCP: log code=0x7131 len=15
[D] UMTS MM state=0 substate=1 update_status=1
[D] QCP: log code=0x7131 len=15
[D] UMTS MM state=0 substate=0 update_status=0
[D] QCP: log code=0x7131 len=15
[D] UMTS MM state=0 substate=0 update_status=0
[D] QCP: log code=0x7130 len=15
[W] UMTS NAS OTA: payload too short (3)
[D] QCP: log code=0x7130 len=15
[W] UMTS NAS OTA: payload too short (3)
[D] QCP: log code=0x7131 len=15
[D] UMTS MM state=0 substate=0 update_status=1
[D] QCP: log code=0x7131 len=15
[D] UMTS MM state=0 substate=1 update_status=1
[D] QCP: log code=0x7130 len=15
[W] UMTS NAS OTA: payload too short (3)
[D] QCP: log code=0x7131 len=15
[D] UMTS MM state=0 substate=1 update_status=0
[D] QCP: log code=0x7131 len=15
[D] UMTS MM state=0 substate=1 update_status=0
[D] QCP: log code=0x7131 len=15
[D] UMTS MM state=18 substate=1 update_status=0
[D] QCP: log code=0x7131 len=15
[D] UMTS MM state=19 substate=1 update_status=0
[D] QCP: log code=0x7131 len=15
[D] UMTS MM state=19 substate=2 update_status=0
[D] QCP: log code=0x7130 len=15
[W] UMTS NAS OTA: payload too short (3)
[D] QCP: log code=0x7130 len=15
[W] UMTS NAS OTA: payload too short (3)
[D] QCP: log code=0x7130 len=15
[W] UMTS NAS OTA: payload too short (3)
[D] QCP: log code=0x7131 len=15
[D] UMTS MM state=19 substate=2 update_status=0
[D] QCP: log code=0x7130 len=15
[W] UMTS NAS OTA: payload too short (3)
[D] QCP: log code=0x5A75 len=19
[D] QCP: log code=0x5A75 len=19
[D] QCP: log code=0x5A75 len=19
[D] QCP: log code=0x5A75 len=19
[D] QCP: log code=0x5A75 len=19
[D] QCP: log code=0x5A75 len=19
[D] QCP: log code=0x5A75 len=19
[D] QCP: log code=0x5A75 len=19
[D] QCP: log code=0x5A75 len=19
[D] QCP: log code=0x5A75 len=19
[D] QCP: log code=0x5A75 len=19
[D] QCP: log code=0x5A75 len=19
[D] QCP: log code=0x5A75 len=19
[D] QCP: log code=0x5A75 len=19
[D] QCP: log code=0x5A75 len=19
[D] QCP: log code=0x5A75 len=19
[D] QCP: log code=0x5B2F len=39
[D] RR: chan=0x81 type=0x1B (SI-3) len=23
[D] RR-L3 [23 bytes]: 49 06 1B 60 3C 52 F0 10 00 EA C8 00 28 53 60 45 78 00 00 8F 00 B0 43 
[D] GSM C1/C2: arfcn=679 rxlev=-43 accmin=5 txpwr=0 -> C1=58 C2=88
[D] GSM SI-3: CID=24636 LAC=234 MCC=250 MNC=1
[D] QCP: log code=0x5A75 len=19
[D] QCP: log code=0x5A75 len=19
[D] QCP: log code=0x5B2F len=39
[D] RR: chan=0x81 type=0x19 (SI-1) len=23
[D] RR-L3 [23 bytes]: 55 06 19 8F 46 00 05 00 10 00 00 00 00 00 00 00 10 00 00 78 00 00 2B 
[D] QCP: log code=0x5B2F len=39
[D] RR: chan=0x81 type=0x1A (SI-2) len=23
[D] RR-L3 [23 bytes]: 59 06 1A 8F 47 60 28 00 20 00 00 00 00 00 00 10 88 00 00 FF 78 00 00 
[D] QCP: log code=0x5B2F len=39
[D] RR: chan=0x81 type=0x03 (SI-2ter) len=23
[D] RR-L3 [23 bytes]: 49 06 03 CF FC 3F 00 00 00 00 00 00 00 1E 80 00 00 00 00 2B 2B 2B 2B 
[D] QCP: log code=0x5B2F len=39
[D] RR: chan=0x81 type=0x07 (other) len=23
[D] QCP: log code=0x5B2F len=39
[D] RR: chan=0x81 type=0x07 (other) len=23
[D] QCP: log code=0x5B2F len=39
[D] RR: chan=0x81 type=0x00 (other) len=23
[D] QCP: log code=0x5B2F len=39
[D] RR: chan=0x81 type=0x1C (SI-4) len=23
[D] RR-L3 [23 bytes]: 31 06 1C 52 F0 10 00 EA 60 45 78 00 00 8F 00 B2 2B 2B 2B 2B 2B 2B 2B 
[D] GSM C1/C2: arfcn=679 rxlev=-43 accmin=5 txpwr=0 -> C1=58 C2=88
[D] QCP: log code=0x5B2F len=39
[D] RR: chan=0x81 type=0x1B (SI-3) len=23
[D] RR-L3 [23 bytes]: 49 06 1B 60 3C 52 F0 10 00 EA C8 00 28 53 60 45 78 00 00 8F 00 B0 43 
[D] GSM C1/C2: arfcn=679 rxlev=-43 accmin=5 txpwr=0 -> C1=58 C2=88
[D] GSM SI-3: CID=24636 LAC=234 MCC=250 MNC=1
[D] QCP: log code=0x5B34 len=26
[D] GSM DSDS CELL INFO: radio_id_pkt=1
[D] GSM CELL INFO: ARFCN=679 BC=9 BCC=5 NCC=6 MCC=250 MNC=1 LAC=234 CID=24636 priority=0 ncc_permitted=255
[D] GSM C1/C2: arfcn=679 rxlev=-43 accmin=5 txpwr=0 -> C1=58 C2=88
[D] QCP: log code=0x7131 len=15
[D] UMTS MM state=19 substate=8 update_status=0
[D] QCP: log code=0x7131 len=15
[D] UMTS MM state=19 substate=8 update_status=0
[D] QCP: log code=0x7131 len=15
[I] RAWCAP code=0x7131 ver=13 plen=3  (UMTS MM State)
[I] RAWCAP 0x7131 v13 +000 0D 08 00 
[D] UMTS MM state=13 substate=8 update_status=0
[D] QCP: log code=0x713A len=33
[I] RAWCAP code=0x713A ver=1 plen=21  (UMTS NAS OTA)
[I] RAWCAP 0x713A v1 +000 01 10 00 00 00 05 08 32 52 F0 10 00 EA 50 05 F4 13 59 87 52 E1 
[W] UMTS NAS OTA: truncated (need 83886102 have 21)
[D] QCP: log code=0x7130 len=15
[W] UMTS NAS OTA: payload too short (3)
[D] QCP: log code=0x7130 len=15
[W] UMTS NAS OTA: payload too short (3)
[D] QCP: log code=0x5A6C len=109
[D] GSM DSDS BURST METRIC: radio_id_pkt=1
[D] GSM BURST METRIC: sfn=512199l, arfcn_band=37543, rssi=4584271l, rxpwr=-777,dcoff_i=28, dcoff_q=5, freq_offset=11, time_offset=4,snr_est=32767, gain_state=2ARFCN=679, BAND=9, rxpwr_real=-48.56
[D] GSM C1/C2: arfcn=679 rxlev=-48 accmin=5 txpwr=0 -> C1=57 C2=87
[D] QCP: log code=0x506A len=165
[D] GSM BURST METRIC: sfn=512199l, arfcn_band=37543, rssi=4584271l, rxpwr=-777,dcoff_i=28, dcoff_q=5, freq_offset=11, time_offset=4,snr_est=32767, gain_state=2ARFCN=679, BAND=9, rxpwr_real=-48.56
[D] QCP: log code=0x5A6C len=109
[D] GSM DSDS BURST METRIC: radio_id_pkt=1
[D] GSM BURST METRIC: sfn=512205l, arfcn_band=37543, rssi=5604578l, rxpwr=-762,dcoff_i=-5, dcoff_q=6, freq_offset=33, time_offset=4,snr_est=32767, gain_state=2ARFCN=679, BAND=9, rxpwr_real=-47.62
[D] GSM C1/C2: arfcn=679 rxlev=-47 accmin=5 txpwr=0 -> C1=58 C2=88
[D] QCP: log code=0x506A len=165
[D] GSM BURST METRIC: sfn=512205l, arfcn_band=37543, rssi=5604578l, rxpwr=-762,dcoff_i=-5, dcoff_q=6, freq_offset=33, time_offset=4,snr_est=32767, gain_state=2ARFCN=679, BAND=9, rxpwr_real=-47.62
[D] QCP: log code=0x5B2F len=39
[D] RR: chan=0x83 type=0x22 (other) len=23
[D] QCP: log code=0x5A6C len=109
[D] GSM DSDS BURST METRIC: radio_id_pkt=1
[D] GSM BURST METRIC: sfn=512209l, arfcn_band=37543, rssi=5676604l, rxpwr=-762,dcoff_i=-39, dcoff_q=29, freq_offset=1, time_offset=4,snr_est=30033, gain_state=2ARFCN=679, BAND=9, rxpwr_real=-47.62
[D] GSM C1/C2: arfcn=679 rxlev=-47 accmin=5 txpwr=0 -> C1=58 C2=88
[D] QCP: log code=0x506A len=165
[D] GSM BURST METRIC: sfn=512209l, arfcn_band=37543, rssi=5676604l, rxpwr=-762,dcoff_i=-39, dcoff_q=29, freq_offset=1, time_offset=4,snr_est=30033, gain_state=2ARFCN=679, BAND=9, rxpwr_real=-47.62
[D] QCP: log code=0x5B2F len=39
[D] RR: chan=0x83 type=0x3F (other) len=23
[D] QCP: log code=0x5A71 len=266
[D] GSM DSDS SURROUND CELL BA: radio_id_pkt=1
[D] GSM SURROUND CELL BA num_cells=21
[D] GSM SURROUND CELL BA: Cell #0: ARFCN=664 BC=9 BSIC=N/A RxPwr=-59.19
[D] GSM SURROUND CELL BA: Cell #1: ARFCN=746 BC=9 BSIC=N/A RxPwr=-65.12
[D] GSM SURROUND CELL BA: Cell #2: ARFCN=680 BC=9 BSIC=N/A RxPwr=-67.00
[D] GSM SURROUND CELL BA: Cell #3: ARFCN=655 BC=9 BSIC=N/A RxPwr=-77.44
[D] GSM SURROUND CELL BA: Cell #4: ARFCN=666 BC=9 BSIC=N/A RxPwr=-82.88
[D] GSM SURROUND CELL BA: Cell #5: ARFCN=656 BC=9 BSIC=N/A RxPwr=-87.38
[D] GSM SURROUND CELL BA: Cell #6: ARFCN=1019 BC=8 BSIC=N/A RxPwr=-48.94
[D] GSM SURROUND CELL BA: Cell #7: ARFCN=1020 BC=8 BSIC=N/A RxPwr=-66.31
[D] GSM SURROUND CELL BA: Cell #8: ARFCN=1018 BC=8 BSIC=N/A RxPwr=-66.88
[D] GSM SURROUND CELL BA: Cell #9: ARFCN=64 BC=8 BSIC=N/A RxPwr=-72.44
[D] GSM SURROUND CELL BA: Cell #10: ARFCN=59 BC=8 BSIC=N/A RxPwr=-73.56
[D] GSM SURROUND CELL BA: Cell #11: ARFCN=1016 BC=8 BSIC=N/A RxPwr=-79.62
[D] GSM SURROUND CELL BA: Cell #12: ARFCN=62 BC=8 BSIC=N/A RxPwr=-80.25
[D] GSM SURROUND CELL BA: Cell #13: ARFCN=1023 BC=8 BSIC=N/A RxPwr=-86.81
[D] GSM SURROUND CELL BA: Cell #14: ARFCN=61 BC=8 BSIC=N/A RxPwr=-87.00
[D] GSM SURROUND CELL BA: Cell #15: ARFCN=60 BC=8 BSIC=N/A RxPwr=-88.19
[D] GSM SURROUND CELL BA: Cell #16: ARFCN=1021 BC=8 BSIC=N/A RxPwr=-90.00
[D] GSM SURROUND CELL BA: Cell #17: ARFCN=737 BC=9 BSIC=N/A RxPwr=-92.31
[D] GSM SURROUND CELL BA: Cell #18: ARFCN=1022 BC=8 BSIC=N/A RxPwr=-92.69
[D] GSM SURROUND CELL BA: Cell #19: ARFCN=654 BC=9 BSIC=N/A RxPwr=-92.81
[D] GSM SURROUND CELL BA: Cell #20: ARFCN=742 BC=9 BSIC=N/A RxPwr=-95.12
[D] QCP: log code=0x5A75 len=19
[D] QCP: log code=0x5A6C len=109
[D] GSM DSDS BURST METRIC: radio_id_pkt=1
[D] GSM BURST METRIC: sfn=512252l, arfcn_band=37543, rssi=5254468l, rxpwr=-766,dcoff_i=26, dcoff_q=-24, freq_offset=21, time_offset=4,snr_est=32767, gain_state=2ARFCN=679, BAND=9, rxpwr_real=-47.88
[D] GSM C1/C2: arfcn=679 rxlev=-47 accmin=5 txpwr=0 -> C1=58 C2=88
[D] QCP: log code=0x506A len=165
[D] GSM BURST METRIC: sfn=512252l, arfcn_band=37543, rssi=5254468l, rxpwr=-766,dcoff_i=26, dcoff_q=-24, freq_offset=21, time_offset=4,snr_est=32767, gain_state=2ARFCN=679, BAND=9, rxpwr_real=-47.88
[D] QCP: log code=0x5A6C len=109
[D] GSM DSDS BURST METRIC: radio_id_pkt=1
[D] GSM BURST METRIC: sfn=512284l, arfcn_band=37543, rssi=4956687l, rxpwr=-771,dcoff_i=21, dcoff_q=-6, freq_offset=25, time_offset=0,snr_est=32767, gain_state=2ARFCN=679, BAND=9, rxpwr_real=-48.19
[D] GSM C1/C2: arfcn=679 rxlev=-48 accmin=5 txpwr=0 -> C1=57 C2=87
[D] QCP: log code=0x506A len=165
[D] GSM BURST METRIC: sfn=512284l, arfcn_band=37543, rssi=4956687l, rxpwr=-771,dcoff_i=21, dcoff_q=-6, freq_offset=25, time_offset=0,snr_est=32767, gain_state=2ARFCN=679, BAND=9, rxpwr_real=-48.19
[D] QCP: log code=0x5B2F len=34
[D] RR: chan=0x84 type=0x1D (SI-5) len=18
[D] RR-L3 [18 bytes]: 06 1D 8F 47 60 28 00 20 00 00 00 00 00 00 10 88 00 00 
[D] QCP: log code=0x5A6C len=109
[D] GSM DSDS BURST METRIC: radio_id_pkt=1
[D] GSM BURST METRIC: sfn=512303l, arfcn_band=37543, rssi=5410174l, rxpwr=-765,dcoff_i=1, dcoff_q=68, freq_offset=24, time_offset=0,snr_est=27812, gain_state=2ARFCN=679, BAND=9, rxpwr_real=-47.81
[D] GSM C1/C2: arfcn=679 rxlev=-47 accmin=5 txpwr=0 -> C1=58 C2=88
[D] QCP: log code=0x506A len=165
[D] GSM BURST METRIC: sfn=512303l, arfcn_band=37543, rssi=5410174l, rxpwr=-765,dcoff_i=1, dcoff_q=68, freq_offset=24, time_offset=0,snr_est=27812, gain_state=2ARFCN=679, BAND=9, rxpwr_real=-47.81
[D] QCP: log code=0x5B2F len=36
[D] RR: chan=0x00 type=0x16 (other) len=20
[D] QCP: log code=0x7130 len=15
[W] UMTS NAS OTA: payload too short (3)
[D] QCP: log code=0x7131 len=15
[I] RAWCAP code=0x7131 ver=3 plen=3  (UMTS MM State)
[I] RAWCAP 0x7131 v3 +000 03 08 00 
[D] UMTS MM state=3 substate=8 update_status=0
[D] QCP: log code=0x5A75 len=19
[D] QCP: log code=0x5A75 len=19
[D] QCP: log code=0x5A75 len=19
[D] QCP: log code=0x5A71 len=266
[D] GSM DSDS SURROUND CELL BA: radio_id_pkt=1
[D] GSM SURROUND CELL BA num_cells=21
[D] GSM SURROUND CELL BA: Cell #0: ARFCN=746 BC=9 BSIC=N/A RxPwr=-65.06
[D] GSM SURROUND CELL BA: Cell #1: ARFCN=680 BC=9 BSIC=N/A RxPwr=-66.50
[D] GSM SURROUND CELL BA: Cell #2: ARFCN=655 BC=9 BSIC=N/A RxPwr=-78.06
[D] GSM SURROUND CELL BA: Cell #3: ARFCN=666 BC=9 BSIC=N/A RxPwr=-83.75
[D] GSM SURROUND CELL BA: Cell #4: ARFCN=664 BC=9 BSIC=N/A RxPwr=-85.31
[D] GSM SURROUND CELL BA: Cell #5: ARFCN=656 BC=9 BSIC=N/A RxPwr=-89.00
[D] GSM SURROUND CELL BA: Cell #6: ARFCN=1019 BC=8 BSIC=N/A RxPwr=-48.44
[D] GSM SURROUND CELL BA: Cell #7: ARFCN=1020 BC=8 BSIC=N/A RxPwr=-65.75
[D] GSM SURROUND CELL BA: Cell #8: ARFCN=1018 BC=8 BSIC=N/A RxPwr=-66.81
[D] GSM SURROUND CELL BA: Cell #9: ARFCN=64 BC=8 BSIC=N/A RxPwr=-72.25
[D] GSM SURROUND CELL BA: Cell #10: ARFCN=59 BC=8 BSIC=N/A RxPwr=-72.88
[D] GSM SURROUND CELL BA: Cell #11: ARFCN=1016 BC=8 BSIC=N/A RxPwr=-79.19
[D] GSM SURROUND CELL BA: Cell #12: ARFCN=62 BC=8 BSIC=N/A RxPwr=-80.12
[D] GSM SURROUND CELL BA: Cell #13: ARFCN=1023 BC=8 BSIC=N/A RxPwr=-85.38
[D] GSM SURROUND CELL BA: Cell #14: ARFCN=61 BC=8 BSIC=N/A RxPwr=-88.00
[D] GSM SURROUND CELL BA: Cell #15: ARFCN=60 BC=8 BSIC=N/A RxPwr=-88.12
[D] GSM SURROUND CELL BA: Cell #16: ARFCN=1021 BC=8 BSIC=N/A RxPwr=-89.38
[D] GSM SURROUND CELL BA: Cell #17: ARFCN=1022 BC=8 BSIC=N/A RxPwr=-92.00
[D] GSM SURROUND CELL BA: Cell #18: ARFCN=654 BC=9 BSIC=N/A RxPwr=-93.81
[D] GSM SURROUND CELL BA: Cell #19: ARFCN=737 BC=9 BSIC=N/A RxPwr=-93.81
[D] GSM SURROUND CELL BA: Cell #20: ARFCN=742 BC=9 BSIC=N/A RxPwr=-96.81
[D] QCP: log code=0x5B2F len=34
[D] RR: chan=0x04 type=0x15 (other) len=18
[D] QCP: log code=0x5A6C len=109
[D] GSM DSDS BURST METRIC: radio_id_pkt=1
[D] GSM BURST METRIC: sfn=512354l, arfcn_band=37543, rssi=5381218l, rxpwr=-765,dcoff_i=11, dcoff_q=-42, freq_offset=31, time_offset=0,snr_est=32767, gain_state=2ARFCN=679, BAND=9, rxpwr_real=-47.81
[D] GSM C1/C2: arfcn=679 rxlev=-47 accmin=5 txpwr=0 -> C1=58 C2=88
[D] QCP: log code=0x506A len=165
[D] GSM BURST METRIC: sfn=512354l, arfcn_band=37543, rssi=5381218l, rxpwr=-765,dcoff_i=11, dcoff_q=-42, freq_offset=31, time_offset=0,snr_est=32767, gain_state=2ARFCN=679, BAND=9, rxpwr_real=-47.81
[D] QCP: log code=0x5B2F len=19
[D] RR: chan=0x80 type=0x35 (other) len=3
[D] QCP: log code=0x5B2F len=29
[D] RR: chan=0x00 type=0x32 (other) len=13
[D] QCP: log code=0x7131 len=15
[D] UMTS MM state=3 substate=8 update_status=0
[D] QCP: log code=0x5A6C len=109
[D] GSM DSDS BURST METRIC: radio_id_pkt=1
[D] GSM BURST METRIC: sfn=512386l, arfcn_band=37543, rssi=4840460l, rxpwr=-773,dcoff_i=-30, dcoff_q=25, freq_offset=12, time_offset=0,snr_est=32767, gain_state=2ARFCN=679, BAND=9, rxpwr_real=-48.31
[D] GSM C1/C2: arfcn=679 rxlev=-48 accmin=5 txpwr=0 -> C1=57 C2=87
[D] QCP: log code=0x506A len=165
[D] GSM BURST METRIC: sfn=512386l, arfcn_band=37543, rssi=4840460l, rxpwr=-773,dcoff_i=-30, dcoff_q=25, freq_offset=12, time_offset=0,snr_est=32767, gain_state=2ARFCN=679, BAND=9, rxpwr_real=-48.31
[D] QCP: log code=0x5B2F len=34
[D] RR: chan=0x84 type=0x06 (SI-5ter) len=18
[D] RR-L3 [18 bytes]: 06 06 CF FC 3F 00 00 00 00 00 00 00 1E 80 00 00 00 00 
[D] QCP: log code=0x5A6C len=109
[D] GSM DSDS BURST METRIC: radio_id_pkt=1
[D] GSM BURST METRIC: sfn=512405l, arfcn_band=37543, rssi=4330434l, rxpwr=-781,dcoff_i=38, dcoff_q=39, freq_offset=3, time_offset=0,snr_est=20663, gain_state=2ARFCN=679, BAND=9, rxpwr_real=-48.81
[D] GSM C1/C2: arfcn=679 rxlev=-48 accmin=5 txpwr=0 -> C1=57 C2=87
[D] QCP: log code=0x506A len=165
[D] GSM BURST METRIC: sfn=512405l, arfcn_band=37543, rssi=4330434l, rxpwr=-781,dcoff_i=38, dcoff_q=39, freq_offset=3, time_offset=0,snr_est=20663, gain_state=2ARFCN=679, BAND=9, rxpwr_real=-48.81
[D] QCP: log code=0x5A75 len=19
[D] QCP: log code=0x5A75 len=19
[D] QCP: log code=0x5A75 len=19
[D] QCP: log code=0x5A71 len=266
[D] GSM DSDS SURROUND CELL BA: radio_id_pkt=1
[D] GSM SURROUND CELL BA num_cells=21
[D] GSM SURROUND CELL BA: Cell #0: ARFCN=746 BC=9 BSIC=N/A RxPwr=-63.19
[D] GSM SURROUND CELL BA: Cell #1: ARFCN=680 BC=9 BSIC=N/A RxPwr=-67.44
[D] GSM SURROUND CELL BA: Cell #2: ARFCN=655 BC=9 BSIC=N/A RxPwr=-78.56
[D] GSM SURROUND CELL BA: Cell #3: ARFCN=666 BC=9 BSIC=N/A RxPwr=-84.12
[D] GSM SURROUND CELL BA: Cell #4: ARFCN=656 BC=9 BSIC=N/A RxPwr=-88.81
[D] GSM SURROUND CELL BA: Cell #5: ARFCN=737 BC=9 BSIC=N/A RxPwr=-91.25
[D] GSM SURROUND CELL BA: Cell #6: ARFCN=1019 BC=8 BSIC=N/A RxPwr=-48.31
[D] GSM SURROUND CELL BA: Cell #7: ARFCN=1020 BC=8 BSIC=N/A RxPwr=-65.69
[D] GSM SURROUND CELL BA: Cell #8: ARFCN=1018 BC=8 BSIC=N/A RxPwr=-67.25
[D] GSM SURROUND CELL BA: Cell #9: ARFCN=64 BC=8 BSIC=N/A RxPwr=-70.25
[D] GSM SURROUND CELL BA: Cell #10: ARFCN=59 BC=8 BSIC=N/A RxPwr=-73.44
[D] GSM SURROUND CELL BA: Cell #11: ARFCN=62 BC=8 BSIC=N/A RxPwr=-79.94
[D] GSM SURROUND CELL BA: Cell #12: ARFCN=1016 BC=8 BSIC=N/A RxPwr=-82.06
[D] GSM SURROUND CELL BA: Cell #13: ARFCN=1023 BC=8 BSIC=N/A RxPwr=-84.38
[D] GSM SURROUND CELL BA: Cell #14: ARFCN=60 BC=8 BSIC=N/A RxPwr=-88.81
[D] GSM SURROUND CELL BA: Cell #15: ARFCN=61 BC=8 BSIC=N/A RxPwr=-89.94
[D] GSM SURROUND CELL BA: Cell #16: ARFCN=1021 BC=8 BSIC=N/A RxPwr=-90.06
[D] GSM SURROUND CELL BA: Cell #17: ARFCN=1022 BC=8 BSIC=N/A RxPwr=-91.81
[D] GSM SURROUND CELL BA: Cell #18: ARFCN=664 BC=9 BSIC=N/A RxPwr=-92.06
[D] GSM SURROUND CELL BA: Cell #19: ARFCN=742 BC=9 BSIC=N/A RxPwr=-93.19
[D] GSM SURROUND CELL BA: Cell #20: ARFCN=654 BC=9 BSIC=N/A RxPwr=-93.25
[D] QCP: log code=0x5B2F len=34
[D] RR: chan=0x04 type=0x15 (other) len=18
[D] QCP: log code=0x5A6C len=109
[D] GSM DSDS BURST METRIC: radio_id_pkt=1
[D] GSM BURST METRIC: sfn=512456l, arfcn_band=37543, rssi=4972424l, rxpwr=-771,dcoff_i=8, dcoff_q=24, freq_offset=33, time_offset=0,snr_est=32767, gain_state=2ARFCN=679, BAND=9, rxpwr_real=-48.19
[D] GSM C1/C2: arfcn=679 rxlev=-48 accmin=5 txpwr=0 -> C1=57 C2=87
[D] QCP: log code=0x506A len=165
[D] GSM BURST METRIC: sfn=512456l, arfcn_band=37543, rssi=4972424l, rxpwr=-771,dcoff_i=8, dcoff_q=24, freq_offset=33, time_offset=0,snr_est=32767, gain_state=2ARFCN=679, BAND=9, rxpwr_real=-48.19
[D] QCP: log code=0x713A len=50
[I] RAWCAP code=0x713A ver=0 plen=38  (UMTS NAS OTA)
[I] RAWCAP 0x713A v0 +000 00 21 00 00 00 05 32 43 08 87 4D EA 14 24 AD 4E 01 45 08 87 4D EA 14 24 AD 4E 01 47 62 70 01 11 
[I] RAWCAP 0x713A v0 +032 92 73 21 49 01 00 
[W] UMTS NAS OTA: truncated (need 83886119 have 38)
[D] QCP: log code=0x5A6C len=109
[D] GSM DSDS BURST METRIC: radio_id_pkt=1
[D] GSM BURST METRIC: sfn=512488l, arfcn_band=37543, rssi=2229651l, rxpwr=-827,dcoff_i=31, dcoff_q=-31, freq_offset=0, time_offset=0,snr_est=218, gain_state=2ARFCN=679, BAND=9, rxpwr_real=-51.69
[D] GSM C1/C2: arfcn=679 rxlev=-51 accmin=5 txpwr=0 -> C1=54 C2=84
[D] QCP: log code=0x506A len=165
[D] GSM BURST METRIC: sfn=512488l, arfcn_band=37543, rssi=2229651l, rxpwr=-827,dcoff_i=31, dcoff_q=-31, freq_offset=0, time_offset=0,snr_est=218, gain_state=2ARFCN=679, BAND=9, rxpwr_real=-51.69
[D] QCP: log code=0x5A6C len=109
[D] GSM DSDS BURST METRIC: radio_id_pkt=1
[D] GSM BURST METRIC: sfn=512507l, arfcn_band=37543, rssi=3594706l, rxpwr=-793,dcoff_i=82, dcoff_q=-15, freq_offset=20, time_offset=0,snr_est=15066, gain_state=2ARFCN=679, BAND=9, rxpwr_real=-49.56
[D] GSM C1/C2: arfcn=679 rxlev=-49 accmin=5 txpwr=0 -> C1=56 C2=86
[D] QCP: log code=0x506A len=165
[D] GSM BURST METRIC: sfn=512507l, arfcn_band=37543, rssi=3594706l, rxpwr=-793,dcoff_i=82, dcoff_q=-15, freq_offset=20, time_offset=0,snr_est=15066, gain_state=2ARFCN=679, BAND=9, rxpwr_real=-49.56
[D] QCP: log code=0x713A len=24
[W] UMTS NAS OTA: truncated (need 83886093 have 12)
[D] QCP: log code=0x7131 len=15
[D] UMTS MM state=3 substate=8 update_status=0
[D] QCP: log code=0x7131 len=15
[D] UMTS MM state=3 substate=8 update_status=0
[D] QCP: log code=0x7131 len=15
[I] RAWCAP code=0x7131 ver=9 plen=3  (UMTS MM State)
[I] RAWCAP 0x7131 v9 +000 09 08 00 
[D] UMTS MM state=9 substate=8 update_status=0
[D] QCP: log code=0x5A75 len=19
[D] QCP: log code=0x5A75 len=19
[D] QCP: log code=0x5A75 len=19
[D] QCP: log code=0x5A75 len=19
[D] QCP: log code=0x5A75 len=19
[D] QCP: log code=0x5A75 len=19
[D] QCP: log code=0x5A75 len=19
[D] QCP: log code=0x5A75 len=19
[D] QCP: log code=0x5A75 len=19
[D] QCP: log code=0x5A71 len=266
[D] GSM DSDS SURROUND CELL BA: radio_id_pkt=1
[D] GSM SURROUND CELL BA num_cells=21
[D] GSM SURROUND CELL BA: Cell #0: ARFCN=1019 BC=8 BSIC=11 RxPwr=-48.69
[D] GSM SURROUND CELL BA: Cell #1: ARFCN=746 BC=9 BSIC=13 RxPwr=-64.00
[D] GSM SURROUND CELL BA: Cell #2: ARFCN=680 BC=9 BSIC=N/A RxPwr=-68.12
[D] GSM SURROUND CELL BA: Cell #3: ARFCN=655 BC=9 BSIC=N/A RxPwr=-78.12
[D] GSM SURROUND CELL BA: Cell #4: ARFCN=666 BC=9 BSIC=N/A RxPwr=-81.12
[D] GSM SURROUND CELL BA: Cell #5: ARFCN=656 BC=9 BSIC=N/A RxPwr=-88.88
[D] GSM SURROUND CELL BA: Cell #6: ARFCN=1020 BC=8 BSIC=N/A RxPwr=-66.06
[D] GSM SURROUND CELL BA: Cell #7: ARFCN=1018 BC=8 BSIC=N/A RxPwr=-67.56
[D] GSM SURROUND CELL BA: Cell #8: ARFCN=64 BC=8 BSIC=N/A RxPwr=-70.44
[D] GSM SURROUND CELL BA: Cell #9: ARFCN=59 BC=8 BSIC=N/A RxPwr=-74.31
[D] GSM SURROUND CELL BA: Cell #10: ARFCN=62 BC=8 BSIC=N/A RxPwr=-80.19
[D] GSM SURROUND CELL BA: Cell #11: ARFCN=1016 BC=8 BSIC=N/A RxPwr=-81.88
[D] GSM SURROUND CELL BA: Cell #12: ARFCN=1023 BC=8 BSIC=N/A RxPwr=-83.00
[D] GSM SURROUND CELL BA: Cell #13: ARFCN=60 BC=8 BSIC=N/A RxPwr=-89.25
[D] GSM SURROUND CELL BA: Cell #14: ARFCN=61 BC=8 BSIC=N/A RxPwr=-89.44
[D] GSM SURROUND CELL BA: Cell #15: ARFCN=1021 BC=8 BSIC=N/A RxPwr=-90.25
[D] GSM SURROUND CELL BA: Cell #16: ARFCN=737 BC=9 BSIC=N/A RxPwr=-90.56
[D] GSM SURROUND CELL BA: Cell #17: ARFCN=1022 BC=8 BSIC=N/A RxPwr=-91.50
[D] GSM SURROUND CELL BA: Cell #18: ARFCN=664 BC=9 BSIC=N/A RxPwr=-91.69
[D] GSM SURROUND CELL BA: Cell #19: ARFCN=654 BC=9 BSIC=N/A RxPwr=-92.75
[D] GSM SURROUND CELL BA: Cell #20: ARFCN=742 BC=9 BSIC=N/A RxPwr=-95.44
[D] QCP: log code=0x5B2F len=34
[D] RR: chan=0x04 type=0x15 (other) len=18
[D] QCP: log code=0x5A6C len=109
[D] GSM DSDS BURST METRIC: radio_id_pkt=1
[D] GSM BURST METRIC: sfn=512558l, arfcn_band=37543, rssi=889693l, rxpwr=-890,dcoff_i=-19, dcoff_q=14, freq_offset=34, time_offset=0,snr_est=26027, gain_state=2ARFCN=679, BAND=9, rxpwr_real=-55.62
[D] GSM C1/C2: arfcn=679 rxlev=-55 accmin=5 txpwr=0 -> C1=50 C2=80
[D] QCP: log code=0x506A len=165
[D] GSM BURST METRIC: sfn=512558l, arfcn_band=37543, rssi=889693l, rxpwr=-890,dcoff_i=-19, dcoff_q=14, freq_offset=34, time_offset=0,snr_est=26027, gain_state=2ARFCN=679, BAND=9, rxpwr_real=-55.62
[D] QCP: log code=0x5B2F len=19
[D] RR: chan=0x80 type=0x0D (other) len=3
[D] QCP: log code=0x5A6C len=109
[D] GSM DSDS BURST METRIC: radio_id_pkt=1
[D] GSM BURST METRIC: sfn=512590l, arfcn_band=37543, rssi=872238l, rxpwr=-891,dcoff_i=24, dcoff_q=-13, freq_offset=0, time_offset=0,snr_est=276, gain_state=2ARFCN=679, BAND=9, rxpwr_real=-55.69
[D] GSM C1/C2: arfcn=679 rxlev=-55 accmin=5 txpwr=0 -> C1=50 C2=80
[D] QCP: log code=0x506A len=165
[D] GSM BURST METRIC: sfn=512590l, arfcn_band=37543, rssi=872238l, rxpwr=-891,dcoff_i=24, dcoff_q=-13, freq_offset=0, time_offset=0,snr_est=276, gain_state=2ARFCN=679, BAND=9, rxpwr_real=-55.69
[D] QCP: log code=0x5A6C len=109
[D] GSM DSDS BURST METRIC: radio_id_pkt=1
[D] GSM BURST METRIC: sfn=512609l, arfcn_band=37543, rssi=3203955l, rxpwr=-802,dcoff_i=16, dcoff_q=-76, freq_offset=-32, time_offset=0,snr_est=12247, gain_state=2ARFCN=679, BAND=9, rxpwr_real=-50.12
[D] GSM C1/C2: arfcn=679 rxlev=-50 accmin=5 txpwr=0 -> C1=55 C2=85
[D] QCP: log code=0x506A len=165
[D] GSM BURST METRIC: sfn=512609l, arfcn_band=37543, rssi=3203955l, rxpwr=-802,dcoff_i=16, dcoff_q=-76, freq_offset=-32, time_offset=0,snr_est=12247, gain_state=2ARFCN=679, BAND=9, rxpwr_real=-50.12
[D] QCP: log code=0x7131 len=15
[D] UMTS MM state=19 substate=8 update_status=0
[D] QCP: log code=0x5B34 len=26
[D] GSM DSDS CELL INFO: radio_id_pkt=1
[D] GSM CELL INFO: ARFCN=679 BC=9 BCC=5 NCC=6 MCC=250 MNC=1 LAC=234 CID=24636 priority=0 ncc_permitted=255
[D] GSM C1/C2: arfcn=679 rxlev=-50 accmin=5 txpwr=0 -> C1=55 C2=85
[D] QCP: log code=0x7130 len=15
[W] UMTS NAS OTA: payload too short (3)
[D] QCP: log code=0x7130 len=15
[I] RAWCAP code=0x7130 ver=2 plen=3  (UMTS GMM/SM OTA)
[I] RAWCAP 0x7130 v2 +000 02 00 00 
[W] UMTS NAS OTA: payload too short (3)
[D] QCP: log code=0x713A len=76
[W] UMTS NAS OTA: truncated (need 134217793 have 64)
[D] QCP: log code=0x5230 len=325
[I] RAWCAP code=0x5230 ver=0 plen=313  (GPRS SM/GMM OTA)
[I] RAWCAP 0x5230 v0 +000 00 01 3B 00 08 01 04 65 A0 24 00 01 0A 00 05 F4 EC BA FA 99 52 F0 10 00 EA 01 20 1B B3 63 2B 25 
[I] RAWCAP 0x5230 v0 +032 9E F9 09 1E 70 00 00 01 BB E8 C6 42 47 9C 00 00 00 66 F8 B1 90 91 E7 00 00 00 10 17 05 E0 C1 3E 
[I] RAWCAP 0x5230 v0 +064 00 00 00 00 00 3F 3F 08 00 04 F5 14 A0 A5 00 00 00 40 04 00 90 50 88 38 40 04 00 00 00 00 00 42 
[I] RAWCAP 0x5230 v0 +096 00 00 0F 62 10 48 44 51 00 05 01 00 00 00 00 00 00 00 A4 01 00 00 9D 19 00 00 10 00 00 00 00 00 
[I] RAWCAP 0x5230 v0 +128 00 00 20 03 00 00 83 18 00 00 40 00 00 00 00 00 00 00 F9 FF F0 FF 1C 1B 00 00 00 02 00 00 00 00 
[I] RAWCAP 0x5230 v0 +160 00 00 BE 00 00 00 59 1D 00 00 00 04 00 00 00 00 00 00 F9 FF F0 FF 1C 1B 00 00 DE AD 00 0A 2C 5E 
[I] RAWCAP 0x5230 v0 +192 80 60 10 12 40 05 A4 00 10 E8 00 00 00 00 00 00 00 00 02 DE A0 04 08 00 50 11 08 00 90 01 00 00 
[I] RAWCAP 0x5230 v0 +224 00 00 00 00 D0 AD FF 00 60 12 37 00 10 00 33 00 30 00 2F 41 C0 47 CE 4A 40 62 11 01 80 28 1F 00 
[I] RAWCAP 0x5230 v0 +256 B0 29 78 01 B0 2E 27 17 00 40 00 DB F0 40 45 15 70 E1 B2 BF 10 AB 02 0A 00 0A 02 0A 00 00 00 00 
[I] RAWCAP 0x5230 v0 +288 00 00 01 DE A0 04 04 00 50 11 08 00 90 01 00 00 00 00 00 00 D0 AD FF 00 60 
[D] GPRS OTA: dir=0 type=0x01 len=59
[D] GPRS-L3 [59 bytes]: 08 01 04 65 A0 24 00 01 0A 00 05 F4 EC BA FA 99 52 F0 10 00 EA 01 20 1B B3 63 2B 25 9E F9 09 1E 70 00 00 01 BB E8 C6 42 47 9C 00 00 00 66 F8 B1 90 91 E7 00 00 00 10 17 05 E0 C1 
[D] QCP: log code=0x5A6C len=109
[D] GSM DSDS BURST METRIC: radio_id_pkt=1
[D] GSM BURST METRIC: sfn=512627l, arfcn_band=37543, rssi=5938745l, rxpwr=-759,dcoff_i=-49, dcoff_q=-23, freq_offset=10, time_offset=4,snr_est=32767, gain_state=2ARFCN=679, BAND=9, rxpwr_real=-47.44
[D] GSM C1/C2: arfcn=679 rxlev=-47 accmin=5 txpwr=0 -> C1=58 C2=88
[D] QCP: log code=0x506A len=165
[D] GSM BURST METRIC: sfn=512627l, arfcn_band=37543, rssi=5938745l, rxpwr=-759,dcoff_i=-49, dcoff_q=-23, freq_offset=10, time_offset=4,snr_est=32767, gain_state=2ARFCN=679, BAND=9, rxpwr_real=-47.44
[D] QCP: log code=0x5B2F len=39
[D] RR: chan=0x83 type=0x22 (other) len=23
[D] QCP: log code=0x5A6C len=109
[D] GSM DSDS BURST METRIC: radio_id_pkt=1
[D] GSM BURST METRIC: sfn=512633l, arfcn_band=37543, rssi=5678818l, rxpwr=-762,dcoff_i=38, dcoff_q=-55, freq_offset=-1, time_offset=0,snr_est=18428, gain_state=2ARFCN=679, BAND=9, rxpwr_real=-47.62
[D] GSM C1/C2: arfcn=679 rxlev=-47 accmin=5 txpwr=0 -> C1=58 C2=88
[D] QCP: log code=0x506A len=165
[D] GSM BURST METRIC: sfn=512633l, arfcn_band=37543, rssi=5678818l, rxpwr=-762,dcoff_i=38, dcoff_q=-55, freq_offset=-1, time_offset=0,snr_est=18428, gain_state=2ARFCN=679, BAND=9, rxpwr_real=-47.62
[D] QCP: log code=0x5B2F len=39
[D] RR: chan=0x83 type=0x22 (other) len=23
[D] QCP: log code=0x5A6C len=109
[D] GSM DSDS BURST METRIC: radio_id_pkt=1
[D] GSM BURST METRIC: sfn=512637l, arfcn_band=37543, rssi=5470192l, rxpwr=-764,dcoff_i=38, dcoff_q=-64, freq_offset=20, time_offset=0,snr_est=18103, gain_state=2ARFCN=679, BAND=9, rxpwr_real=-47.75
[D] GSM C1/C2: arfcn=679 rxlev=-47 accmin=5 txpwr=0 -> C1=58 C2=88
[D] QCP: log code=0x506A len=165
[D] GSM BURST METRIC: sfn=512637l, arfcn_band=37543, rssi=5470192l, rxpwr=-764,dcoff_i=38, dcoff_q=-64, freq_offset=20, time_offset=0,snr_est=18103, gain_state=2ARFCN=679, BAND=9, rxpwr_real=-47.75
[D] QCP: log code=0x5B2F len=39
[D] RR: chan=0x83 type=0x3F (other) len=23
[D] QCP: log code=0x5A75 len=19
[D] QCP: log code=0x5A71 len=86
[D] GSM DSDS SURROUND CELL BA: radio_id_pkt=1
[D] GSM SURROUND CELL BA num_cells=6
[D] GSM SURROUND CELL BA: Cell #0: ARFCN=1019 BC=8 BSIC=11 RxPwr=-48.69
[D] GSM SURROUND CELL BA: Cell #1: ARFCN=746 BC=9 BSIC=13 RxPwr=-64.00
[D] GSM SURROUND CELL BA: Cell #2: ARFCN=1020 BC=8 BSIC=N/A RxPwr=-66.06
[D] GSM SURROUND CELL BA: Cell #3: ARFCN=1018 BC=8 BSIC=N/A RxPwr=-67.88
[D] GSM SURROUND CELL BA: Cell #4: ARFCN=680 BC=9 BSIC=N/A RxPwr=-68.12
[D] GSM SURROUND CELL BA: Cell #5: ARFCN=64 BC=8 BSIC=N/A RxPwr=-70.62
[D] QCP: log code=0x5A71 len=86
[D] GSM DSDS SURROUND CELL BA: radio_id_pkt=1
[D] GSM SURROUND CELL BA num_cells=6
[D] GSM SURROUND CELL BA: Cell #0: ARFCN=1019 BC=8 BSIC=11 RxPwr=-49.00
[D] GSM SURROUND CELL BA: Cell #1: ARFCN=746 BC=9 BSIC=13 RxPwr=-64.00
[D] GSM SURROUND CELL BA: Cell #2: ARFCN=1020 BC=8 BSIC=N/A RxPwr=-66.31
[D] GSM SURROUND CELL BA: Cell #3: ARFCN=1018 BC=8 BSIC=N/A RxPwr=-67.88
[D] GSM SURROUND CELL BA: Cell #4: ARFCN=680 BC=9 BSIC=N/A RxPwr=-68.12
[D] GSM SURROUND CELL BA: Cell #5: ARFCN=64 BC=8 BSIC=N/A RxPwr=-70.62
[D] QCP: log code=0x5A71 len=134
[D] GSM DSDS SURROUND CELL BA: radio_id_pkt=1
[D] GSM SURROUND CELL BA num_cells=10
[D] GSM SURROUND CELL BA: Cell #0: ARFCN=1019 BC=8 BSIC=11 RxPwr=-49.00
[D] GSM SURROUND CELL BA: Cell #1: ARFCN=746 BC=9 BSIC=13 RxPwr=-64.56
[D] GSM SURROUND CELL BA: Cell #2: ARFCN=1020 BC=8 BSIC=N/A RxPwr=-66.31
[D] GSM SURROUND CELL BA: Cell #3: ARFCN=1018 BC=8 BSIC=N/A RxPwr=-67.88
[D] GSM SURROUND CELL BA: Cell #4: ARFCN=680 BC=9 BSIC=N/A RxPwr=-67.88
[D] GSM SURROUND CELL BA: Cell #5: ARFCN=64 BC=8 BSIC=N/A RxPwr=-70.62
[D] GSM SURROUND CELL BA: Cell #6: ARFCN=59 BC=8 BSIC=N/A RxPwr=-74.31
[D] GSM SURROUND CELL BA: Cell #7: ARFCN=655 BC=9 BSIC=N/A RxPwr=-78.31
[D] GSM SURROUND CELL BA: Cell #8: ARFCN=62 BC=8 BSIC=N/A RxPwr=-80.56
[D] GSM SURROUND CELL BA: Cell #9: ARFCN=666 BC=9 BSIC=N/A RxPwr=-80.69
[D] QCP: log code=0x5A71 len=134
[D] GSM DSDS SURROUND CELL BA: radio_id_pkt=1
[D] GSM SURROUND CELL BA num_cells=10
[D] GSM SURROUND CELL BA: Cell #0: ARFCN=1019 BC=8 BSIC=11 RxPwr=-49.00
[D] GSM SURROUND CELL BA: Cell #1: ARFCN=746 BC=9 BSIC=13 RxPwr=-64.56
[D] GSM SURROUND CELL BA: Cell #2: ARFCN=1020 BC=8 BSIC=N/A RxPwr=-66.31
[D] GSM SURROUND CELL BA: Cell #3: ARFCN=1018 BC=8 BSIC=N/A RxPwr=-68.00
[D] GSM SURROUND CELL BA: Cell #4: ARFCN=680 BC=9 BSIC=N/A RxPwr=-67.88
[D] GSM SURROUND CELL BA: Cell #5: ARFCN=64 BC=8 BSIC=N/A RxPwr=-70.88
[D] GSM SURROUND CELL BA: Cell #6: ARFCN=59 BC=8 BSIC=N/A RxPwr=-74.50
[D] GSM SURROUND CELL BA: Cell #7: ARFCN=655 BC=9 BSIC=N/A RxPwr=-78.31
[D] GSM SURROUND CELL BA: Cell #8: ARFCN=62 BC=8 BSIC=N/A RxPwr=-80.69
[D] GSM SURROUND CELL BA: Cell #9: ARFCN=666 BC=9 BSIC=N/A RxPwr=-80.69
[D] QCP: log code=0x5A75 len=19
[D] QCP: log code=0x5A71 len=134
[D] GSM DSDS SURROUND CELL BA: radio_id_pkt=1
[D] GSM SURROUND CELL BA num_cells=10
[D] GSM SURROUND CELL BA: Cell #0: ARFCN=1019 BC=8 BSIC=11 RxPwr=-49.06
[D] GSM SURROUND CELL BA: Cell #1: ARFCN=746 BC=9 BSIC=13 RxPwr=-64.56
[D] GSM SURROUND CELL BA: Cell #2: ARFCN=1020 BC=8 BSIC=N/A RxPwr=-66.44
[D] GSM SURROUND CELL BA: Cell #3: ARFCN=1018 BC=8 BSIC=N/A RxPwr=-68.00
[D] GSM SURROUND CELL BA: Cell #4: ARFCN=680 BC=9 BSIC=N/A RxPwr=-67.88
[D] GSM SURROUND CELL BA: Cell #5: ARFCN=64 BC=8 BSIC=N/A RxPwr=-70.88
[D] GSM SURROUND CELL BA: Cell #6: ARFCN=59 BC=8 BSIC=N/A RxPwr=-74.50
[D] GSM SURROUND CELL BA: Cell #7: ARFCN=655 BC=9 BSIC=N/A RxPwr=-78.69
[D] GSM SURROUND CELL BA: Cell #8: ARFCN=62 BC=8 BSIC=N/A RxPwr=-80.69
[D] GSM SURROUND CELL BA: Cell #9: ARFCN=666 BC=9 BSIC=N/A RxPwr=-80.69
[D] QCP: log code=0x5A71 len=134
[D] GSM DSDS SURROUND CELL BA: radio_id_pkt=1
[D] GSM SURROUND CELL BA num_cells=10
[D] GSM SURROUND CELL BA: Cell #0: ARFCN=1019 BC=8 BSIC=11 RxPwr=-49.06
[D] GSM SURROUND CELL BA: Cell #1: ARFCN=746 BC=9 BSIC=13 RxPwr=-65.00
[D] GSM SURROUND CELL BA: Cell #2: ARFCN=1020 BC=8 BSIC=N/A RxPwr=-66.44
[D] GSM SURROUND CELL BA: Cell #3: ARFCN=680 BC=9 BSIC=N/A RxPwr=-67.69
[D] GSM SURROUND CELL BA: Cell #4: ARFCN=1018 BC=8 BSIC=N/A RxPwr=-68.00
[D] GSM SURROUND CELL BA: Cell #5: ARFCN=64 BC=8 BSIC=N/A RxPwr=-70.88
[D] GSM SURROUND CELL BA: Cell #6: ARFCN=59 BC=8 BSIC=N/A RxPwr=-74.50
[D] GSM SURROUND CELL BA: Cell #7: ARFCN=655 BC=9 BSIC=N/A RxPwr=-78.69
[D] GSM SURROUND CELL BA: Cell #8: ARFCN=62 BC=8 BSIC=N/A RxPwr=-80.69
[D] GSM SURROUND CELL BA: Cell #9: ARFCN=666 BC=9 BSIC=N/A RxPwr=-80.88
[D] QCP: log code=0x5A71 len=134
[D] GSM DSDS SURROUND CELL BA: radio_id_pkt=1
[D] GSM SURROUND CELL BA num_cells=10
[D] GSM SURROUND CELL BA: Cell #0: ARFCN=1019 BC=8 BSIC=11 RxPwr=-49.06
[D] GSM SURROUND CELL BA: Cell #1: ARFCN=746 BC=9 BSIC=13 RxPwr=-65.00
[D] GSM SURROUND CELL BA: Cell #2: ARFCN=1020 BC=8 BSIC=N/A RxPwr=-66.44
[D] GSM SURROUND CELL BA: Cell #3: ARFCN=680 BC=9 BSIC=N/A RxPwr=-67.69
[D] GSM SURROUND CELL BA: Cell #4: ARFCN=1018 BC=8 BSIC=N/A RxPwr=-68.06
[D] GSM SURROUND CELL BA: Cell #5: ARFCN=64 BC=8 BSIC=N/A RxPwr=-71.12
[D] GSM SURROUND CELL BA: Cell #6: ARFCN=59 BC=8 BSIC=N/A RxPwr=-74.81
[D] GSM SURROUND CELL BA: Cell #7: ARFCN=655 BC=9 BSIC=N/A RxPwr=-78.69
[D] GSM SURROUND CELL BA: Cell #8: ARFCN=62 BC=8 BSIC=N/A RxPwr=-80.75
[D] GSM SURROUND CELL BA: Cell #9: ARFCN=666 BC=9 BSIC=N/A RxPwr=-80.88
[D] QCP: log code=0x5A71 len=134
[D] GSM DSDS SURROUND CELL BA: radio_id_pkt=1
[D] GSM SURROUND CELL BA num_cells=10
[D] GSM SURROUND CELL BA: Cell #0: ARFCN=1019 BC=8 BSIC=11 RxPwr=-49.12
[D] GSM SURROUND CELL BA: Cell #1: ARFCN=746 BC=9 BSIC=13 RxPwr=-65.00
[D] GSM SURROUND CELL BA: Cell #2: ARFCN=1020 BC=8 BSIC=N/A RxPwr=-66.44
[D] GSM SURROUND CELL BA: Cell #3: ARFCN=680 BC=9 BSIC=N/A RxPwr=-67.69
[D] GSM SURROUND CELL BA: Cell #4: ARFCN=1018 BC=8 BSIC=N/A RxPwr=-68.06
[D] GSM SURROUND CELL BA: Cell #5: ARFCN=64 BC=8 BSIC=N/A RxPwr=-71.12
[D] GSM SURROUND CELL BA: Cell #6: ARFCN=59 BC=8 BSIC=N/A RxPwr=-74.81
[D] GSM SURROUND CELL BA: Cell #7: ARFCN=655 BC=9 BSIC=N/A RxPwr=-79.00
[D] GSM SURROUND CELL BA: Cell #8: ARFCN=62 BC=8 BSIC=N/A RxPwr=-80.75
[D] GSM SURROUND CELL BA: Cell #9: ARFCN=666 BC=9 BSIC=N/A RxPwr=-80.88
[D] QCP: log code=0x5A71 len=134
[D] GSM DSDS SURROUND CELL BA: radio_id_pkt=1
[D] GSM SURROUND CELL BA num_cells=10
[D] GSM SURROUND CELL BA: Cell #0: ARFCN=1019 BC=8 BSIC=11 RxPwr=-49.12
[D] GSM SURROUND CELL BA: Cell #1: ARFCN=746 BC=9 BSIC=13 RxPwr=-65.25
[D] GSM SURROUND CELL BA: Cell #2: ARFCN=1020 BC=8 BSIC=N/A RxPwr=-66.44
[D] GSM SURROUND CELL BA: Cell #3: ARFCN=680 BC=9 BSIC=N/A RxPwr=-67.44
[D] GSM SURROUND CELL BA: Cell #4: ARFCN=1018 BC=8 BSIC=N/A RxPwr=-68.06
[D] GSM SURROUND CELL BA: Cell #5: ARFCN=64 BC=8 BSIC=N/A RxPwr=-71.12
[D] GSM SURROUND CELL BA: Cell #6: ARFCN=59 BC=8 BSIC=N/A RxPwr=-74.81
[D] GSM SURROUND CELL BA: Cell #7: ARFCN=655 BC=9 BSIC=N/A RxPwr=-79.00
[D] GSM SURROUND CELL BA: Cell #8: ARFCN=62 BC=8 BSIC=N/A RxPwr=-80.75
[D] GSM SURROUND CELL BA: Cell #9: ARFCN=666 BC=9 BSIC=N/A RxPwr=-81.12
[D] QCP: log code=0x5A71 len=134
[D] GSM DSDS SURROUND CELL BA: radio_id_pkt=1
[D] GSM SURROUND CELL BA num_cells=10
[D] GSM SURROUND CELL BA: Cell #0: ARFCN=1019 BC=8 BSIC=11 RxPwr=-49.12
[D] GSM SURROUND CELL BA: Cell #1: ARFCN=746 BC=9 BSIC=13 RxPwr=-65.25
[D] GSM SURROUND CELL BA: Cell #2: ARFCN=1020 BC=8 BSIC=N/A RxPwr=-66.44
[D] GSM SURROUND CELL BA: Cell #3: ARFCN=680 BC=9 BSIC=N/A RxPwr=-67.44
[D] GSM SURROUND CELL BA: Cell #4: ARFCN=1018 BC=8 BSIC=N/A RxPwr=-68.06
[D] GSM SURROUND CELL BA: Cell #5: ARFCN=64 BC=8 BSIC=N/A RxPwr=-71.31
[D] GSM SURROUND CELL BA: Cell #6: ARFCN=59 BC=8 BSIC=N/A RxPwr=-75.00
[D] GSM SURROUND CELL BA: Cell #7: ARFCN=655 BC=9 BSIC=N/A RxPwr=-79.00
[D] GSM SURROUND CELL BA: Cell #8: ARFCN=62 BC=8 BSIC=N/A RxPwr=-80.81
[D] GSM SURROUND CELL BA: Cell #9: ARFCN=666 BC=9 BSIC=N/A RxPwr=-81.12
[D] QCP: log code=0x5A71 len=134
[D] GSM DSDS SURROUND CELL BA: radio_id_pkt=1
[D] GSM SURROUND CELL BA num_cells=10
[D] GSM SURROUND CELL BA: Cell #0: ARFCN=1019 BC=8 BSIC=11 RxPwr=-49.19
[D] GSM SURROUND CELL BA: Cell #1: ARFCN=746 BC=9 BSIC=13 RxPwr=-65.25
[D] GSM SURROUND CELL BA: Cell #2: ARFCN=1020 BC=8 BSIC=N/A RxPwr=-66.50
[D] GSM SURROUND CELL BA: Cell #3: ARFCN=680 BC=9 BSIC=N/A RxPwr=-67.44
[D] GSM SURROUND CELL BA: Cell #4: ARFCN=1018 BC=8 BSIC=N/A RxPwr=-68.06
[D] GSM SURROUND CELL BA: Cell #5: ARFCN=64 BC=8 BSIC=N/A RxPwr=-71.31
[D] GSM SURROUND CELL BA: Cell #6: ARFCN=59 BC=8 BSIC=N/A RxPwr=-75.00
[D] GSM SURROUND CELL BA: Cell #7: ARFCN=655 BC=9 BSIC=N/A RxPwr=-79.12
[D] GSM SURROUND CELL BA: Cell #8: ARFCN=62 BC=8 BSIC=N/A RxPwr=-80.81
[D] GSM SURROUND CELL BA: Cell #9: ARFCN=666 BC=9 BSIC=N/A RxPwr=-81.12
[D] QCP: log code=0x5230 len=269
[I] RAWCAP code=0x5230 ver=1 plen=257  (GPRS SM/GMM OTA)
[I] RAWCAP 0x5230 v1 +000 01 15 03 00 08 15 01 92 D0 D9 36 00 E0 FC 52 00 F0 FF 14 00 00 00 DA 3A 00 FC D1 07 00 A7 92 16 
[I] RAWCAP 0x5230 v1 +032 30 3B 00 EC F0 FF FF FA F0 FE FF 00 00 FF 7F 02 F0 D1 07 00 A0 92 20 5F 30 00 EA FC 00 00 0F 00 
[I] RAWCAP 0x5230 v1 +064 20 00 00 00 F0 7F 02 FE D0 07 00 A7 90 83 9D 33 00 E2 FC 45 00 DF FF 24 00 00 00 27 30 02 04 A2 
[I] RAWCAP 0x5230 v1 +096 00 DE AD 04 00 10 A9 00 10 00 A5 00 A0 00 6A 50 A0 8E DB A9 40 62 11 01 00 05 FB D1 00 00 A7 92 
[I] RAWCAP 0x5230 v1 +128 D0 D9 36 00 E0 FC 52 00 F0 FF 14 00 00 00 DA 3A 00 00 72 48 50 00 00 01 00 00 00 00 00 00 00 FC 
[I] RAWCAP 0x5230 v1 +160 D0 07 00 A7 90 16 3A 3B 00 EC FC FF F0 FA FF FE F0 00 00 FF 70 02 00 DC C0 C1 01 00 00 00 DE 00 
[I] RAWCAP 0x5230 v1 +192 00 00 00 00 F0 D1 07 00 A0 92 20 5F 30 00 EA FC 00 00 0F 00 20 00 00 00 F0 7F 02 00 90 E4 13 01 
[I] RAWCAP 0x5230 v1 +224 00 01 2B DE 00 00 00 00 00 FE D1 07 00 A7 92 83 90 33 00 E2 F0 45 00 DF F0 24 00 00 00 27 36 02 
[I] RAWCAP 0x5230 v1 +256 00 
[D] GPRS OTA: dir=1 type=0x15 len=3
[D] GPRS-L3 [3 bytes]: 08 15 01 
[D] QCP: log code=0x5230 len=277
[D] GPRS OTA: dir=0 type=0x16 len=11
[D] GPRS-L3 [11 bytes]: 08 16 08 29 05 10 49 51 40 09 53 
[D] QCP: log code=0x713A len=28
[W] UMTS NAS OTA: truncated (need 134217745 have 16)
[D] QCP: log code=0x713A len=20
[W] UMTS NAS OTA: truncated (need 134217737 have 8)
[D] QCP: log code=0x5A71 len=134
[D] GSM DSDS SURROUND CELL BA: radio_id_pkt=1
[D] GSM SURROUND CELL BA num_cells=10
[D] GSM SURROUND CELL BA: Cell #0: ARFCN=1019 BC=8 BSIC=11 RxPwr=-49.19
[D] GSM SURROUND CELL BA: Cell #1: ARFCN=746 BC=9 BSIC=13 RxPwr=-65.44
[D] GSM SURROUND CELL BA: Cell #2: ARFCN=1020 BC=8 BSIC=N/A RxPwr=-66.50
[D] GSM SURROUND CELL BA: Cell #3: ARFCN=680 BC=9 BSIC=N/A RxPwr=-67.38
[D] GSM SURROUND CELL BA: Cell #4: ARFCN=1018 BC=8 BSIC=N/A RxPwr=-68.06
[D] GSM SURROUND CELL BA: Cell #5: ARFCN=64 BC=8 BSIC=N/A RxPwr=-71.31
[D] GSM SURROUND CELL BA: Cell #6: ARFCN=59 BC=8 BSIC=N/A RxPwr=-75.00
[D] GSM SURROUND CELL BA: Cell #7: ARFCN=655 BC=9 BSIC=N/A RxPwr=-79.12
[D] GSM SURROUND CELL BA: Cell #8: ARFCN=62 BC=8 BSIC=N/A RxPwr=-80.81
[D] GSM SURROUND CELL BA: Cell #9: ARFCN=666 BC=9 BSIC=N/A RxPwr=-81.38
[D] QCP: log code=0x5A71 len=134
[D] GSM DSDS SURROUND CELL BA: radio_id_pkt=1
[D] GSM SURROUND CELL BA num_cells=10
[D] GSM SURROUND CELL BA: Cell #0: ARFCN=1019 BC=8 BSIC=11 RxPwr=-49.19
[D] GSM SURROUND CELL BA: Cell #1: ARFCN=746 BC=9 BSIC=13 RxPwr=-65.44
[D] GSM SURROUND CELL BA: Cell #2: ARFCN=1020 BC=8 BSIC=N/A RxPwr=-66.50
[D] GSM SURROUND CELL BA: Cell #3: ARFCN=680 BC=9 BSIC=N/A RxPwr=-67.38
[D] GSM SURROUND CELL BA: Cell #4: ARFCN=1018 BC=8 BSIC=N/A RxPwr=-68.12
[D] GSM SURROUND CELL BA: Cell #5: ARFCN=64 BC=8 BSIC=N/A RxPwr=-71.81
[D] GSM SURROUND CELL BA: Cell #6: ARFCN=59 BC=8 BSIC=N/A RxPwr=-75.19
[D] GSM SURROUND CELL BA: Cell #7: ARFCN=655 BC=9 BSIC=N/A RxPwr=-79.12
[D] GSM SURROUND CELL BA: Cell #8: ARFCN=62 BC=8 BSIC=N/A RxPwr=-80.81
[D] GSM SURROUND CELL BA: Cell #9: ARFCN=666 BC=9 BSIC=N/A RxPwr=-81.38
[D] QCP: log code=0x5A71 len=134
[D] GSM DSDS SURROUND CELL BA: radio_id_pkt=1
[D] GSM SURROUND CELL BA num_cells=10
[D] GSM SURROUND CELL BA: Cell #0: ARFCN=1019 BC=8 BSIC=11 RxPwr=-49.31
[D] GSM SURROUND CELL BA: Cell #1: ARFCN=746 BC=9 BSIC=13 RxPwr=-65.44
[D] GSM SURROUND CELL BA: Cell #2: ARFCN=1020 BC=8 BSIC=N/A RxPwr=-66.56
[D] GSM SURROUND CELL BA: Cell #3: ARFCN=680 BC=9 BSIC=N/A RxPwr=-67.38
[D] GSM SURROUND CELL BA: Cell #4: ARFCN=1018 BC=8 BSIC=N/A RxPwr=-68.12
[D] GSM SURROUND CELL BA: Cell #5: ARFCN=64 BC=8 BSIC=N/A RxPwr=-71.81
[D] GSM SURROUND CELL BA: Cell #6: ARFCN=59 BC=8 BSIC=N/A RxPwr=-75.19
[D] GSM SURROUND CELL BA: Cell #7: ARFCN=655 BC=9 BSIC=N/A RxPwr=-79.25
[D] GSM SURROUND CELL BA: Cell #8: ARFCN=62 BC=8 BSIC=N/A RxPwr=-80.81
[D] GSM SURROUND CELL BA: Cell #9: ARFCN=666 BC=9 BSIC=N/A RxPwr=-81.38
[D] QCP: log code=0x5A71 len=134
[D] GSM DSDS SURROUND CELL BA: radio_id_pkt=1
[D] GSM SURROUND CELL BA num_cells=10
[D] GSM SURROUND CELL BA: Cell #0: ARFCN=1019 BC=8 BSIC=11 RxPwr=-49.31
[D] GSM SURROUND CELL BA: Cell #1: ARFCN=746 BC=9 BSIC=13 RxPwr=-65.69
[D] GSM SURROUND CELL BA: Cell #2: ARFCN=1020 BC=8 BSIC=N/A RxPwr=-66.56
[D] GSM SURROUND CELL BA: Cell #3: ARFCN=680 BC=9 BSIC=N/A RxPwr=-67.44
[D] GSM SURROUND CELL BA: Cell #4: ARFCN=1018 BC=8 BSIC=N/A RxPwr=-68.12
[D] GSM SURROUND CELL BA: Cell #5: ARFCN=64 BC=8 BSIC=N/A RxPwr=-71.81
[D] GSM SURROUND CELL BA: Cell #6: ARFCN=59 BC=8 BSIC=N/A RxPwr=-75.19
[D] GSM SURROUND CELL BA: Cell #7: ARFCN=655 BC=9 BSIC=N/A RxPwr=-79.25
[D] GSM SURROUND CELL BA: Cell #8: ARFCN=62 BC=8 BSIC=N/A RxPwr=-80.81
[D] GSM SURROUND CELL BA: Cell #9: ARFCN=1016 BC=8 BSIC=N/A RxPwr=-81.50
[D] QCP: log code=0x5A71 len=134
[D] GSM DSDS SURROUND CELL BA: radio_id_pkt=1
[D] GSM SURROUND CELL BA num_cells=10
[D] GSM SURROUND CELL BA: Cell #0: ARFCN=1019 BC=8 BSIC=11 RxPwr=-49.31
[D] GSM SURROUND CELL BA: Cell #1: ARFCN=746 BC=9 BSIC=13 RxPwr=-65.69
[D] GSM SURROUND CELL BA: Cell #2: ARFCN=1020 BC=8 BSIC=N/A RxPwr=-66.56
[D] GSM SURROUND CELL BA: Cell #3: ARFCN=680 BC=9 BSIC=N/A RxPwr=-67.44
[D] GSM SURROUND CELL BA: Cell #4: ARFCN=1018 BC=8 BSIC=N/A RxPwr=-68.19
[D] GSM SURROUND CELL BA: Cell #5: ARFCN=64 BC=8 BSIC=N/A RxPwr=-72.06
[D] GSM SURROUND CELL BA: Cell #6: ARFCN=59 BC=8 BSIC=N/A RxPwr=-75.38
[D] GSM SURROUND CELL BA: Cell #7: ARFCN=655 BC=9 BSIC=N/A RxPwr=-79.25
[D] GSM SURROUND CELL BA: Cell #8: ARFCN=62 BC=8 BSIC=N/A RxPwr=-80.88
[D] GSM SURROUND CELL BA: Cell #9: ARFCN=1016 BC=8 BSIC=N/A RxPwr=-81.19
[D] QCP: log code=0x7131 len=15
[D] UMTS MM state=19 substate=7 update_status=0
[D] QCP: log code=0x7130 len=15
[W] UMTS NAS OTA: payload too short (3)
[D] QCP: log code=0x7130 len=15
[W] UMTS NAS OTA: payload too short (3)
[D] QCP: log code=0x7130 len=15
[W] UMTS NAS OTA: payload too short (3)
[D] QCP: log code=0x7131 len=15
[D] UMTS MM state=19 substate=7 update_status=0
[D] QCP: log code=0x7130 len=15
[W] UMTS NAS OTA: payload too short (3)
[D] QCP: log code=0x5A75 len=19
[D] QCP: log code=0x5A75 len=19
[D] QCP: log code=0x5A75 len=19
[D] QCP: log code=0x5A75 len=19
[D] QCP: log code=0x5A75 len=19
[D] QCP: log code=0x5A75 len=19
[D] QCP: log code=0x5A75 len=19
[D] QCP: log code=0x5A75 len=19
[D] QCP: log code=0x5A75 len=19
[D] QCP: log code=0x5B2F len=39
[D] RR: chan=0x81 type=0x1C (SI-4) len=23
[D] RR-L3 [23 bytes]: 41 06 1C 52 F0 02 4D 07 60 40 BD 00 00 64 52 C3 5C 80 00 6B 2B 2B 2B 
[D] GSM C1/C2: arfcn=679 rxlev=-47 accmin=0 txpwr=0 -> C1=63 C2=93
[D] QCP: log code=0x5A75 len=19
[D] QCP: log code=0x5A75 len=19
[D] QCP: log code=0x5A75 len=19
[D] QCP: log code=0x5A75 len=19
[D] QCP: log code=0x5B2F len=39
[D] RR: chan=0x81 type=0x1C (SI-4) len=23
[D] RR-L3 [23 bytes]: 31 06 1C 52 F0 10 00 EA 60 45 78 00 00 8F 00 B2 2B 2B 2B 2B 2B 2B 2B 
[D] GSM C1/C2: arfcn=679 rxlev=-47 accmin=5 txpwr=0 -> C1=58 C2=88
[D] QCP: log code=0x5A75 len=19
[D] QCP: log code=0x5A75 len=19
[D] QCP: log code=0x5A75 len=19
[D] QCP: log code=0x5A75 len=19
[D] QCP: log code=0x5A75 len=19
[D] QCP: log code=0x5A75 len=19
[D] QCP: log code=0x5B2F len=39
[D] RR: chan=0x81 type=0x1B (SI-3) len=23
[D] RR-L3 [23 bytes]: 49 06 1B 33 C7 52 F0 20 1E A0 C8 00 28 58 60 54 B8 00 00 8F 00 B0 77 
[D] GSM C1/C2: arfcn=679 rxlev=-47 accmin=20 txpwr=0 -> C1=43 C2=73
[D] GSM SI-3: CID=13255 LAC=7840 MCC=250 MNC=2
[D] QCP: log code=0x5A75 len=19
[D] QCP: log code=0x5A75 len=19
[D] QCP: log code=0x5A75 len=19
[D] QCP: log code=0x5A75 len=19
[D] QCP: log code=0x5A75 len=19
[D] QCP: log code=0x5A75 len=19
[D] QCP: log code=0x5B2F len=39
[D] RR: chan=0x81 type=0x1B (SI-3) len=23
[D] RR-L3 [23 bytes]: 49 06 1B 2F 20 52 F0 20 1E A0 C8 00 28 58 60 59 B8 00 00 8F 00 B0 77 
[D] GSM C1/C2: arfcn=679 rxlev=-47 accmin=25 txpwr=0 -> C1=38 C2=68
[D] GSM SI-3: CID=12064 LAC=7840 MCC=250 MNC=2
[D] QCP: log code=0x5A75 len=19
[D] QCP: log code=0x5A75 len=19
[D] QCP: log code=0x5A75 len=19
[D] QCP: log code=0x5A75 len=19
[D] QCP: log code=0x5B2F len=39
[D] RR: chan=0x81 type=0x1B (SI-3) len=23
[D] RR-L3 [23 bytes]: 49 06 1B 60 3B 52 F0 10 00 EA C8 00 28 53 60 45 78 00 00 8F 00 B0 43 
[D] GSM C1/C2: arfcn=679 rxlev=-47 accmin=5 txpwr=0 -> C1=58 C2=88
[D] GSM SI-3: CID=24635 LAC=234 MCC=250 MNC=1
[D] QCP: log code=0x5A75 len=19
[D] QCP: log code=0x5A75 len=19
[D] QCP: log code=0x5A75 len=19
[D] QCP: log code=0x5A75 len=19
[D] QCP: log code=0x5A75 len=19
[D] QCP: log code=0x5A75 len=19
[D] QCP: log code=0x5A75 len=19
[D] QCP: log code=0x5A75 len=19
[D] QCP: log code=0x5A75 len=19
[D] QCP: log code=0x5A75 len=19
[D] QCP: log code=0x5A75 len=19
[D] QCP: log code=0x5A75 len=19
[D] QCP: log code=0x5A75 len=19
[D] QCP: log code=0x5A75 len=19
[D] QCP: log code=0x5A75 len=19
[D] QCP: log code=0x5A75 len=19
[D] QCP: log code=0x5B2F len=39
[D] RR: chan=0x81 type=0x1B (SI-3) len=23
[D] RR-L3 [23 bytes]: 49 06 1B 42 E6 52 F0 20 1E A0 C8 00 28 58 60 54 B8 00 00 8F 00 B0 77 
[D] GSM C1/C2: arfcn=679 rxlev=-47 accmin=20 txpwr=0 -> C1=43 C2=73
[D] GSM SI-3: CID=17126 LAC=7840 MCC=250 MNC=2
[D] QCP: log code=0x5A75 len=19
[D] QCP: log code=0x5A75 len=19
[D] QCP: log code=0x5B2F len=39
[D] RR: chan=0x81 type=0x1B (SI-3) len=23
[D] RR-L3 [23 bytes]: 49 06 1B 12 73 52 F0 02 4E 3D D0 04 C8 17 60 40 BD 00 00 80 00 04 1B 
[D] GSM C1/C2: arfcn=679 rxlev=-47 accmin=0 txpwr=0 -> C1=63 C2=63
[D] GSM SI-3: CID=4723 LAC=20029 MCC=250 MNC=20
[D] QCP: log code=0x5B2F len=39
[D] RR: chan=0x81 type=0x1B (SI-3) len=23
[D] RR-L3 [23 bytes]: 49 06 1B 03 2C 52 F0 02 4D 07 D0 04 C8 17 60 40 BD 00 00 80 00 05 1B 
[D] GSM C1/C2: arfcn=679 rxlev=-47 accmin=0 txpwr=0 -> C1=63 C2=63
[D] GSM SI-3: CID=812 LAC=19719 MCC=250 MNC=20
[D] QCP: log code=0x5A75 len=19
[D] QCP: log code=0x5A75 len=19
[D] QCP: log code=0x5B2F len=39
[D] RR: chan=0x81 type=0x1B (SI-3) len=23
[D] RR-L3 [23 bytes]: 49 06 1B 31 C5 52 F0 02 4C F7 D0 04 C8 17 60 40 BD 00 00 80 00 01 1B 
[D] GSM C1/C2: arfcn=679 rxlev=-47 accmin=0 txpwr=0 -> C1=63 C2=63
[D] GSM SI-3: CID=12741 LAC=19703 MCC=250 MNC=20
[D] QCP: log code=0x5A75 len=19
[D] QCP: log code=0x5A75 len=19
[D] QCP: log code=0x5B2F len=39
[D] RR: chan=0x81 type=0x1C (SI-4) len=23
[D] RR-L3 [23 bytes]: 41 06 1C 52 F0 02 4E 3D 60 40 BD 00 00 64 52 83 63 80 00 63 2B 2B 2B 
[D] GSM C1/C2: arfcn=679 rxlev=-47 accmin=0 txpwr=0 -> C1=63 C2=63
[D] QCP: log code=0x5B2F len=39
[D] RR: chan=0x81 type=0x1B (SI-3) len=23
[D] RR-L3 [23 bytes]: 49 06 1B 91 90 52 F0 10 00 EA C8 00 28 53 60 45 78 00 00 8F 00 B0 43 
[D] GSM C1/C2: arfcn=679 rxlev=-47 accmin=5 txpwr=0 -> C1=58 C2=88
[D] GSM SI-3: CID=37264 LAC=234 MCC=250 MNC=1
[D] QCP: log code=0x5A75 len=19
[D] QCP: log code=0x5A75 len=19
[D] QCP: log code=0x5A75 len=19
[D] QCP: log code=0x5A75 len=19
[D] QCP: log code=0x5A75 len=19
[D] QCP: log code=0x5A75 len=19
[D] QCP: log code=0x5A75 len=19
[D] QCP: log code=0x5A75 len=19
[D] QCP: log code=0x5A75 len=19
[D] QCP: log code=0x5A75 len=19
[D] QCP: log code=0x5A75 len=19
[D] QCP: log code=0x5A75 len=19
[D] QCP: log code=0x5A75 len=19
[D] QCP: log code=0x5A75 len=19
[D] QCP: log code=0x5B2F len=39
[D] RR: chan=0x81 type=0x1B (SI-3) len=23
[D] RR-L3 [23 bytes]: 49 06 1B 5A 61 52 F0 20 1E A0 C8 00 28 58 60 54 B8 00 00 8F 00 B0 77 
[D] GSM C1/C2: arfcn=679 rxlev=-47 accmin=20 txpwr=0 -> C1=43 C2=73
[D] GSM SI-3: CID=23137 LAC=7840 MCC=250 MNC=2
[D] QCP: log code=0x5A75 len=19
[D] QCP: log code=0x5A75 len=19
[D] QCP: log code=0x5B2F len=39
[D] RR: chan=0x81 type=0x1B (SI-3) len=23
[D] RR-L3 [23 bytes]: 49 06 1B 2F 1F 52 F0 20 1E A0 C8 00 28 58 60 59 B8 00 00 8F 00 B0 77 
[D] GSM C1/C2: arfcn=679 rxlev=-47 accmin=25 txpwr=0 -> C1=38 C2=68
[D] GSM SI-3: CID=12063 LAC=7840 MCC=250 MNC=2
[D] QCP: log code=0x5A75 len=19
[D] QCP: log code=0x5A75 len=19
[D] QCP: log code=0x5A75 len=19
[D] QCP: log code=0x5A75 len=19
[D] QCP: log code=0x5A75 len=19
[D] QCP: log code=0x5A75 len=19
[D] QCP: log code=0x5A75 len=19
[D] QCP: log code=0x5A75 len=19
[D] QCP: log code=0x5A75 len=19
[D] QCP: log code=0x5A75 len=19
[D] QCP: log code=0x5A75 len=19
[D] QCP: log code=0x5A75 len=19
[D] QCP: log code=0x5A75 len=19
[D] QCP: log code=0x5A75 len=19
[D] QCP: log code=0x5A75 len=19
[D] QCP: log code=0x5A75 len=19
[D] QCP: log code=0x5A75 len=19
[D] QCP: log code=0x5A75 len=19
[D] QCP: log code=0x5A75 len=19
[D] QCP: log code=0x5A75 len=19
[D] QCP: log code=0x5A75 len=19
[D] QCP: log code=0x5A75 len=19
[D] QCP: log code=0x5A75 len=19
[D] QCP: log code=0x5A75 len=19
[D] QCP: log code=0x5B2F len=39
[D] RR: chan=0x81 type=0x1B (SI-3) len=23
[D] RR-L3 [23 bytes]: 49 06 1B 6D 4F 52 F0 20 1E A0 C8 00 28 58 65 40 B8 00 00 80 00 B0 77 
[D] GSM C1/C2: arfcn=679 rxlev=-47 accmin=0 txpwr=5 -> C1=63 C2=63
[D] GSM SI-3: CID=27983 LAC=7840 MCC=250 MNC=2
[D] QCP: log code=0x5A75 len=19
[D] QCP: log code=0x5A75 len=19
[D] QCP: log code=0x5A75 len=19
[D] QCP: log code=0x5A75 len=19
[D] QCP: log code=0x5A75 len=19
[D] QCP: log code=0x5A75 len=19
[D] QCP: log code=0x5B2F len=39
[D] RR: chan=0x81 type=0x1B (SI-3) len=23
[D] RR-L3 [23 bytes]: 49 06 1B 02 B3 52 F0 20 BB 0D C8 00 28 58 65 45 B8 00 00 80 00 B0 77 
[D] GSM C1/C2: arfcn=679 rxlev=-47 accmin=5 txpwr=5 -> C1=58 C2=58
[D] GSM SI-3: CID=691 LAC=47885 MCC=250 MNC=2
[D] QCP: log code=0x5B2F len=39
[D] RR: chan=0x81 type=0x1C (SI-4) len=23
[D] RR-L3 [23 bytes]: 31 06 1C 52 F0 99 39 A5 A5 41 78 00 00 80 00 B2 2B 2B 2B 2B 2B 2B 2B 
[D] GSM C1/C2: arfcn=679 rxlev=-47 accmin=1 txpwr=5 -> C1=62 C2=62
[D] QCP: log code=0x5A75 len=19
[D] QCP: log code=0x5A75 len=19
[D] QCP: log code=0x5A75 len=19
[D] QCP: log code=0x5A75 len=19
[D] QCP: log code=0x5B2F len=39
[D] RR: chan=0x81 type=0x1B (SI-3) len=23
[D] RR-L3 [23 bytes]: 49 06 1B 60 39 52 F0 10 00 EA C8 00 28 53 65 45 78 00 00 80 00 B0 43 
[D] GSM C1/C2: arfcn=679 rxlev=-47 accmin=5 txpwr=5 -> C1=58 C2=58
[D] GSM SI-3: CID=24633 LAC=234 MCC=250 MNC=1
[D] QCP: log code=0x5B2F len=39
[D] RR: chan=0x81 type=0x1B (SI-3) len=23
[D] RR-L3 [23 bytes]: 49 06 1B 2F C2 52 F0 99 39 A5 CA 00 28 53 A5 41 78 00 00 86 1F B0 43 
[D] GSM C1/C2: arfcn=679 rxlev=-47 accmin=1 txpwr=5 -> C1=62 C2=50
[D] GSM SI-3: CID=12226 LAC=14757 MCC=250 MNC=99
[D] QCP: log code=0x5B2F len=39
[D] RR: chan=0x81 type=0x1B (SI-3) len=23
[D] RR-L3 [23 bytes]: 49 06 1B 32 55 52 F0 99 39 A5 CA 00 28 53 A5 41 78 00 00 80 00 B0 43 
[D] GSM C1/C2: arfcn=679 rxlev=-47 accmin=1 txpwr=5 -> C1=62 C2=62
[D] GSM SI-3: CID=12885 LAC=14757 MCC=250 MNC=99
[D] QCP: log code=0x5A75 len=19
[D] QCP: log code=0x5A75 len=19
[D] QCP: log code=0x5A75 len=19
[D] QCP: log code=0x5A75 len=19
[D] QCP: log code=0x5B2F len=39
[D] RR: chan=0x81 type=0x1C (SI-4) len=23
[D] RR-L3 [23 bytes]: 31 06 1C 52 F0 99 39 A5 A5 41 78 00 00 80 00 B2 2B 2B 2B 2B 2B 2B 2B 
[D] GSM C1/C2: arfcn=679 rxlev=-47 accmin=1 txpwr=5 -> C1=62 C2=62
[D] QCP: log code=0x5A75 len=19
[D] QCP: log code=0x5A75 len=19
[D] QCP: log code=0x5A75 len=19
[D] QCP: log code=0x5A75 len=19
[D] QCP: log code=0x5B2F len=39
[D] RR: chan=0x81 type=0x1B (SI-3) len=23
[D] RR-L3 [23 bytes]: 49 06 1B 56 6A 52 F0 20 1E A0 C8 00 28 58 65 54 B8 00 00 80 00 B0 77 
[D] GSM C1/C2: arfcn=679 rxlev=-47 accmin=20 txpwr=5 -> C1=43 C2=43
[D] GSM SI-3: CID=22122 LAC=7840 MCC=250 MNC=2
[D] QCP: log code=0x5A75 len=19
[D] QCP: log code=0x5A75 len=19
[D] QCP: log code=0x5A75 len=19
[D] QCP: log code=0x5A75 len=19
[D] QCP: log code=0x5A75 len=19
[D] QCP: log code=0x5A75 len=19
[D] QCP: log code=0x5A75 len=19
[D] QCP: log code=0x5A75 len=19
[D] QCP: log code=0x5B2F len=39
[D] RR: chan=0x81 type=0x1B (SI-3) len=23
[D] RR-L3 [23 bytes]: 49 06 1B 02 B4 52 F0 20 BB 0D C8 00 28 58 65 45 B8 00 00 80 00 B0 77 
[D] GSM C1/C2: arfcn=679 rxlev=-47 accmin=5 txpwr=5 -> C1=58 C2=58
[D] GSM SI-3: CID=692 LAC=47885 MCC=250 MNC=2
[D] QCP: log code=0x5B2F len=39
[D] RR: chan=0x81 type=0x1B (SI-3) len=23
[D] RR-L3 [23 bytes]: 49 06 1B 2F 08 52 F0 20 1E A0 C8 00 28 58 65 54 B8 00 00 80 00 B0 77 
[D] GSM C1/C2: arfcn=679 rxlev=-47 accmin=20 txpwr=5 -> C1=43 C2=43
[D] GSM SI-3: CID=12040 LAC=7840 MCC=250 MNC=2
[D] QCP: log code=0x5B2F len=39
[D] RR: chan=0x81 type=0x1B (SI-3) len=23
[D] RR-L3 [23 bytes]: 49 06 1B 2B BC 52 F0 99 39 A5 C8 00 28 53 A5 41 78 00 00 80 00 B0 43 
[D] GSM C1/C2: arfcn=679 rxlev=-47 accmin=1 txpwr=5 -> C1=62 C2=62
[D] GSM SI-3: CID=11196 LAC=14757 MCC=250 MNC=99
[D] QCP: log code=0x5A75 len=19
[D] QCP: log code=0x5A75 len=19
[D] QCP: log code=0x5A75 len=19
[D] QCP: log code=0x5A75 len=19
[D] QCP: log code=0x5B2F len=39
[D] RR: chan=0x81 type=0x1B (SI-3) len=23
[D] RR-L3 [23 bytes]: 49 06 1B 60 38 52 F0 10 00 EA C8 00 28 53 65 45 78 00 00 80 00 B0 43 
[D] GSM C1/C2: arfcn=679 rxlev=-47 accmin=5 txpwr=5 -> C1=58 C2=58
[D] GSM SI-3: CID=24632 LAC=234 MCC=250 MNC=1
[D] QCP: log code=0x5A75 len=19
[D] QCP: log code=0x5A75 len=19
[D] QCP: log code=0x5A75 len=19
[D] QCP: log code=0x5A75 len=19
[D] QCP: log code=0x5A75 len=19
[D] QCP: log code=0x5A75 len=19
[D] QCP: log code=0x5A75 len=19
[D] QCP: log code=0x5A75 len=19
[D] QCP: log code=0x5B2F len=39
[D] RR: chan=0x81 type=0x1C (SI-4) len=23
[D] RR-L3 [23 bytes]: 31 06 1C 52 F0 10 00 EA 65 45 78 00 00 80 00 B2 2B 2B 2B 2B 2B 2B 2B 
[D] GSM C1/C2: arfcn=679 rxlev=-47 accmin=5 txpwr=5 -> C1=58 C2=58
[D] QCP: log code=0x5A75 len=19
[D] QCP: log code=0x5A75 len=19
[D] QCP: log code=0x5B2F len=39
[D] RR: chan=0x81 type=0x1C (SI-4) len=23
[D] RR-L3 [23 bytes]: 31 06 1C 52 F0 20 1E A0 65 45 B8 00 00 80 00 B3 2B 2B 2B 2B 2B 2B 2B 
[D] GSM C1/C2: arfcn=679 rxlev=-47 accmin=5 txpwr=5 -> C1=58 C2=58
[D] QCP: log code=0x5A75 len=19
[D] QCP: log code=0x5A75 len=19
[D] QCP: log code=0x5B2F len=39
[D] RR: chan=0x81 type=0x1B (SI-3) len=23
[D] RR-L3 [23 bytes]: 49 06 1B 32 BB 52 F0 20 1E A0 C8 00 28 58 65 45 B8 00 00 80 00 B0 77 
[D] GSM C1/C2: arfcn=679 rxlev=-47 accmin=5 txpwr=5 -> C1=58 C2=58
[D] GSM SI-3: CID=12987 LAC=7840 MCC=250 MNC=2
[D] QCP: log code=0x5B2F len=39
[D] RR: chan=0x81 type=0x1B (SI-3) len=23
[D] RR-L3 [23 bytes]: 49 06 1B 16 3F 52 F0 20 1E A0 C8 00 28 58 65 54 B8 00 00 80 00 B0 77 
[D] GSM C1/C2: arfcn=679 rxlev=-47 accmin=20 txpwr=5 -> C1=43 C2=43
[D] GSM SI-3: CID=5695 LAC=7840 MCC=250 MNC=2
[D] QCP: log code=0x5A75 len=19
[D] QCP: log code=0x5A75 len=19
[D] QCP: log code=0x5A75 len=19
[D] QCP: log code=0x5A75 len=19
[D] QCP: log code=0x5A75 len=19
[D] QCP: log code=0x5A75 len=19
[D] QCP: log code=0x5B2F len=39
[D] RR: chan=0x81 type=0x1B (SI-3) len=23
[D] RR-L3 [23 bytes]: 49 06 1B 02 B7 52 F0 20 BB 0D C8 00 28 58 65 45 B8 00 00 80 00 B0 77 
[D] GSM C1/C2: arfcn=679 rxlev=-47 accmin=5 txpwr=5 -> C1=58 C2=58
[D] GSM SI-3: CID=695 LAC=47885 MCC=250 MNC=2
[D] QCP: log code=0x5B2F len=39
[D] RR: chan=0x81 type=0x1B (SI-3) len=23
[D] RR-L3 [23 bytes]: 49 06 1B 2B BB 52 F0 99 39 A5 CA 00 28 53 A5 41 78 00 00 80 00 B0 43 
[D] GSM C1/C2: arfcn=679 rxlev=-47 accmin=1 txpwr=5 -> C1=62 C2=62
[D] GSM SI-3: CID=11195 LAC=14757 MCC=250 MNC=99
[D] QCP: log code=0x5A75 len=19
[D] QCP: log code=0x5A75 len=19
[D] QCP: log code=0x5A75 len=19
[D] QCP: log code=0x5A75 len=19
[D] QCP: log code=0x5B2F len=39
[D] RR: chan=0x81 type=0x1B (SI-3) len=23
[D] RR-L3 [23 bytes]: 49 06 1B 60 37 52 F0 10 00 EA C8 00 28 53 65 45 78 00 00 80 00 B0 43 
[D] GSM C1/C2: arfcn=679 rxlev=-47 accmin=5 txpwr=5 -> C1=58 C2=58
[D] GSM SI-3: CID=24631 LAC=234 MCC=250 MNC=1
[D] QCP: log code=0x5A75 len=19
[D] QCP: log code=0x5A75 len=19
[D] QCP: log code=0x5B2F len=39
[D] RR: chan=0x81 type=0x1B (SI-3) len=23
[D] RR-L3 [23 bytes]: 49 06 1B 02 80 52 F0 20 1E A0 C8 00 28 58 65 45 B8 00 00 80 00 B0 77 
[D] GSM C1/C2: arfcn=679 rxlev=-47 accmin=5 txpwr=5 -> C1=58 C2=58
[D] GSM SI-3: CID=640 LAC=7840 MCC=250 MNC=2
[D] QCP: log code=0x5A75 len=19
[D] QCP: log code=0x5A75 len=19
[D] QCP: log code=0x5A75 len=19
[D] QCP: log code=0x5A75 len=19
[D] QCP: log code=0x5B2F len=39
[D] RR: chan=0x81 type=0x1C (SI-4) len=23
[D] RR-L3 [23 bytes]: 31 06 1C 52 F0 10 00 EA 65 45 78 00 00 80 00 B2 2B 2B 2B 2B 2B 2B 2B 
[D] GSM C1/C2: arfcn=679 rxlev=-47 accmin=5 txpwr=5 -> C1=58 C2=58
[D] QCP: log code=0x5B2F len=39
[D] RR: chan=0x81 type=0x1C (SI-4) len=23
[D] RR-L3 [23 bytes]: 31 06 1C 52 F0 99 39 A5 A5 41 78 00 00 80 00 B2 2B 2B 2B 2B 2B 2B 2B 
[D] GSM C1/C2: arfcn=679 rxlev=-47 accmin=1 txpwr=5 -> C1=62 C2=62
[D] QCP: log code=0x5A75 len=19
[D] QCP: log code=0x5A75 len=19
[D] QCP: log code=0x5A75 len=19
[D] QCP: log code=0x5A75 len=19
[D] QCP: log code=0x5A75 len=19
[D] QCP: log code=0x5A75 len=19
[D] QCP: log code=0x5A75 len=19
[D] QCP: log code=0x5A75 len=19
[D] QCP: log code=0x5A75 len=19
[D] QCP: log code=0x5A75 len=19
[D] QCP: log code=0x5A75 len=19
[D] QCP: log code=0x5A75 len=19
[D] QCP: log code=0x5B2F len=39
[D] RR: chan=0x81 type=0x1B (SI-3) len=23
[D] RR-L3 [23 bytes]: 49 06 1B 02 B6 52 F0 20 BB 0D C8 00 28 58 65 45 B8 00 00 80 00 B0 77 
[D] GSM C1/C2: arfcn=679 rxlev=-47 accmin=5 txpwr=5 -> C1=58 C2=58
[D] GSM SI-3: CID=694 LAC=47885 MCC=250 MNC=2
[D] QCP: log code=0x5A75 len=19
[D] QCP: log code=0x5A75 len=19
[D] QCP: log code=0x5A75 len=19
[D] QCP: log code=0x5A75 len=19
[D] QCP: log code=0x5B2F len=39
[D] RR: chan=0x81 type=0x1B (SI-3) len=23
[D] RR-L3 [23 bytes]: 49 06 1B 6D BD 52 F0 10 00 EA C8 00 28 53 65 45 78 00 00 80 00 B0 43 
[D] GSM C1/C2: arfcn=679 rxlev=-47 accmin=5 txpwr=5 -> C1=58 C2=58
[D] GSM SI-3: CID=28093 LAC=234 MCC=250 MNC=1
[D] QCP: log code=0x5A75 len=19
[D] QCP: log code=0x5A75 len=19
[D] QCP: log code=0x5A75 len=19
[D] QCP: log code=0x5A75 len=19
[D] QCP: log code=0x5A75 len=19
[D] QCP: log code=0x5A75 len=19
[D] QCP: log code=0x5A75 len=19
[D] QCP: log code=0x5A75 len=19
[D] QCP: log code=0x5A75 len=19
[D] QCP: log code=0x5A75 len=19
[D] QCP: log code=0x5A75 len=19
[D] QCP: log code=0x5A75 len=19
[D] QCP: log code=0x5A75 len=19
[D] QCP: log code=0x5A75 len=19
[D] QCP: log code=0x5A75 len=19
[D] QCP: log code=0x5A75 len=19
[D] QCP: log code=0x5A75 len=19
[D] QCP: log code=0x5A75 len=19
[D] QCP: log code=0x5A75 len=19
[D] QCP: log code=0x5A75 len=19
[D] QCP: log code=0x5A75 len=19
[D] QCP: log code=0x5A75 len=19
[D] QCP: log code=0x5A75 len=19
[D] QCP: log code=0x5A75 len=19
[D] QCP: log code=0x5A75 len=19
[D] QCP: log code=0x5A75 len=19
[D] QCP: log code=0x5A75 len=19
[D] QCP: log code=0x5A75 len=19
[D] QCP: log code=0x5A75 len=19
[D] QCP: log code=0x5A75 len=19
[D] QCP: log code=0x5A75 len=19
[D] QCP: log code=0x5A75 len=19
[D] QCP: log code=0x5A75 len=19
[D] QCP: log code=0x5A75 len=19
[D] QCP: log code=0x5A75 len=19
[D] QCP: log code=0x5A75 len=19
[D] QCP: log code=0x5A75 len=19
[D] QCP: log code=0x5A75 len=19
[D] QCP: log code=0x5A75 len=19
[D] QCP: log code=0x5A75 len=19
[D] QCP: log code=0x5A75 len=19
[D] QCP: log code=0x5A75 len=19
[D] QCP: log code=0x5A75 len=19
[D] QCP: log code=0x5A75 len=19
[D] QCP: log code=0x7131 len=15
[D] UMTS MM state=19 substate=6 update_status=0
[D] QCP: log code=0x7130 len=15
[W] UMTS NAS OTA: payload too short (3)
[D] QCP: log code=0x7131 len=15
[D] UMTS MM state=19 substate=2 update_status=0
[D] QCP: log code=0x7130 len=15
[W] UMTS NAS OTA: payload too short (3)
[D] QCP: log code=0x7131 len=15
[D] UMTS MM state=19 substate=2 update_status=0
[D] QCP: log code=0x7130 len=15
[W] UMTS NAS OTA: payload too short (3)
[D] QCP: log code=0x5A75 len=19
[D] QCP: log code=0x5A75 len=19
[D] QCP: log code=0x5A6C len=109
[D] GSM DSDS BURST METRIC: radio_id_pkt=1
[D] GSM BURST METRIC: sfn=880874l, arfcn_band=37724, rssi=3091998l, rxpwr=-795,dcoff_i=35, dcoff_q=3, freq_offset=14, time_offset=4,snr_est=20536, gain_state=2ARFCN=860, BAND=9, rxpwr_real=-49.69
[D] QCP: log code=0x506A len=165
[D] GSM BURST METRIC: sfn=880874l, arfcn_band=37724, rssi=3091998l, rxpwr=-795,dcoff_i=35, dcoff_q=3, freq_offset=14, time_offset=4,snr_est=20536, gain_state=2ARFCN=860, BAND=9, rxpwr_real=-49.69
[D] QCP: log code=0x5B2F len=39
[D] RR: chan=0x81 type=0x19 (SI-1) len=23
[D] RR-L3 [23 bytes]: 55 06 19 8F B5 FF E0 00 00 00 00 00 00 00 00 00 00 00 00 BD 00 00 2B 
[D] QCP: log code=0x5A6C len=109
[D] GSM DSDS BURST METRIC: radio_id_pkt=1
[D] GSM BURST METRIC: sfn=880878l, arfcn_band=37724, rssi=4241643l, rxpwr=-773,dcoff_i=-61, dcoff_q=-40, freq_offset=16, time_offset=4,snr_est=14001, gain_state=2ARFCN=860, BAND=9, rxpwr_real=-48.31
[D] QCP: log code=0x506A len=165
[D] GSM BURST METRIC: sfn=880878l, arfcn_band=37724, rssi=4241643l, rxpwr=-773,dcoff_i=-61, dcoff_q=-40, freq_offset=16, time_offset=4,snr_est=14001, gain_state=2ARFCN=860, BAND=9, rxpwr_real=-48.31
[D] QCP: log code=0x5A6C len=109
[D] GSM DSDS BURST METRIC: radio_id_pkt=1
[D] GSM BURST METRIC: sfn=880925l, arfcn_band=37724, rssi=11819716l, rxpwr=-702,dcoff_i=23, dcoff_q=-6, freq_offset=35, time_offset=4,snr_est=25465, gain_state=2ARFCN=860, BAND=9, rxpwr_real=-43.88
[D] QCP: log code=0x506A len=165
[D] GSM BURST METRIC: sfn=880925l, arfcn_band=37724, rssi=11819716l, rxpwr=-702,dcoff_i=23, dcoff_q=-6, freq_offset=35, time_offset=4,snr_est=25465, gain_state=2ARFCN=860, BAND=9, rxpwr_real=-43.88
[D] QCP: log code=0x5B2F len=39
[D] RR: chan=0x81 type=0x1A (SI-2) len=23
[D] RR-L3 [23 bytes]: 59 06 1A 8F AC 9F FF C0 00 00 00 00 00 00 00 00 00 00 00 FF BD 00 00 
[D] QCP: log code=0x5A6C len=109
[D] GSM DSDS BURST METRIC: radio_id_pkt=1
[D] GSM BURST METRIC: sfn=880976l, arfcn_band=37724, rssi=736622l, rxpwr=-696,dcoff_i=-9, dcoff_q=-17, freq_offset=50, time_offset=4,snr_est=16028, gain_state=3ARFCN=860, BAND=9, rxpwr_real=-43.50
[D] QCP: log code=0x506A len=165
[D] GSM BURST METRIC: sfn=880976l, arfcn_band=37724, rssi=736622l, rxpwr=-696,dcoff_i=-9, dcoff_q=-17, freq_offset=50, time_offset=4,snr_est=16028, gain_state=3ARFCN=860, BAND=9, rxpwr_real=-43.50
[D] QCP: log code=0x5B2F len=39
[D] RR: chan=0x81 type=0x1B (SI-3) len=23
[D] RR-L3 [23 bytes]: 49 06 1B 03 2D 52 F0 02 4D 07 D0 04 C8 17 60 40 BD 00 00 80 00 05 1B 
[D] GSM C1/C2: arfcn=679 rxlev=-47 accmin=0 txpwr=0 -> C1=63 C2=63
[D] GSM SI-3: CID=813 LAC=19719 MCC=250 MNC=20
[D] QCP: log code=0x5A6C len=109
[D] GSM DSDS BURST METRIC: radio_id_pkt=1
[D] GSM BURST METRIC: sfn=881027l, arfcn_band=37724, rssi=773434l, rxpwr=-692,dcoff_i=-8, dcoff_q=-1, freq_offset=43, time_offset=4,snr_est=26707, gain_state=3ARFCN=860, BAND=9, rxpwr_real=-43.25
[D] QCP: log code=0x506A len=165
[D] GSM BURST METRIC: sfn=881027l, arfcn_band=37724, rssi=773434l, rxpwr=-692,dcoff_i=-8, dcoff_q=-1, freq_offset=43, time_offset=4,snr_est=26707, gain_state=3ARFCN=860, BAND=9, rxpwr_real=-43.25
[D] QCP: log code=0x5B2F len=39
[D] RR: chan=0x81 type=0x1C (SI-4) len=23
[D] RR-L3 [23 bytes]: 41 06 1C 52 F0 02 4D 07 60 40 BD 00 00 64 52 C3 5C 80 00 6B 2B 2B 2B 
[D] GSM C1/C2: arfcn=679 rxlev=-47 accmin=0 txpwr=0 -> C1=63 C2=63
[D] QCP: log code=0x5A7A len=16
[D] GSM DSDS SERV AUX MEAS: radio_id_pkt=1
[D] GSM SERV AUX MEAS: ServingAux RxPwr=-43.25, snr_is_bad=0
[D] QCP: log code=0x5A6C len=109
[D] GSM DSDS BURST METRIC: radio_id_pkt=1
[D] GSM BURST METRIC: sfn=881078l, arfcn_band=37724, rssi=573196l, rxpwr=-713,dcoff_i=-19, dcoff_q=21, freq_offset=52, time_offset=4,snr_est=11528, gain_state=3ARFCN=860, BAND=9, rxpwr_real=-44.56
[D] QCP: log code=0x5B2F len=39
[D] RR: chan=0x81 type=0x00 (other) len=23
[D] QCP: log code=0x506A len=165
[D] GSM BURST METRIC: sfn=881078l, arfcn_band=37724, rssi=573196l, rxpwr=-713,dcoff_i=-19, dcoff_q=21, freq_offset=52, time_offset=4,snr_est=11528, gain_state=3ARFCN=860, BAND=9, rxpwr_real=-44.56
[D] QCP: log code=0x5A7A len=16
[D] GSM DSDS SERV AUX MEAS: radio_id_pkt=1
[D] GSM SERV AUX MEAS: ServingAux RxPwr=-44.50, snr_is_bad=0
[D] QCP: log code=0x5B34 len=26
[D] GSM DSDS CELL INFO: radio_id_pkt=1
[D] GSM CELL INFO: ARFCN=860 BC=9 BCC=4 NCC=6 MCC=250 MNC=20 LAC=19719 CID=813 priority=0 ncc_permitted=255
[D] GSM C1/C2: arfcn=860 rxlev=-47 accmin=0 txpwr=0 -> C1=63 C2=63
[D] QCP: log code=0x7131 len=15
[D] UMTS MM state=19 substate=3 update_status=0
[D] QCP: log code=0x7130 len=15
[W] UMTS NAS OTA: payload too short (3)
[D] QCP: log code=0x7131 len=15
[D] UMTS MM state=19 substate=3 update_status=0
[D] QCP: log code=0x7130 len=15
[W] UMTS NAS OTA: payload too short (3)
[D] QCP: log code=0x5A6C len=109
[D] GSM DSDS BURST METRIC: radio_id_pkt=1
[D] GSM BURST METRIC: sfn=881133l, arfcn_band=37724, rssi=631508l, rxpwr=-706,dcoff_i=-10, dcoff_q=-27, freq_offset=24, time_offset=4,snr_est=12910, gain_state=3ARFCN=860, BAND=9, rxpwr_real=-44.12
[D] GSM C1/C2: arfcn=860 rxlev=-44 accmin=0 txpwr=0 -> C1=63 C2=63
[D] QCP: log code=0x5B2F len=39
[D] RR: chan=0x81 type=0x07 (other) len=23
[D] QCP: log code=0x506A len=165
[D] GSM BURST METRIC: sfn=881133l, arfcn_band=37724, rssi=631508l, rxpwr=-706,dcoff_i=-10, dcoff_q=-27, freq_offset=24, time_offset=4,snr_est=12910, gain_state=3ARFCN=860, BAND=9, rxpwr_real=-44.12
[D] QCP: log code=0x5A7A len=16
[D] GSM DSDS SERV AUX MEAS: radio_id_pkt=1
[D] GSM SERV AUX MEAS: ServingAux RxPwr=-44.06, snr_is_bad=0
[D] QCP: log code=0x5A6C len=109
[D] GSM DSDS BURST METRIC: radio_id_pkt=1
[D] GSM BURST METRIC: sfn=881245l, arfcn_band=37724, rssi=449441l, rxpwr=-730,dcoff_i=-7, dcoff_q=-23, freq_offset=9, time_offset=4,snr_est=15255, gain_state=3ARFCN=860, BAND=9, rxpwr_real=-45.62
[D] GSM C1/C2: arfcn=860 rxlev=-45 accmin=0 txpwr=0 -> C1=63 C2=63
[D] QCP: log code=0x506A len=165
[D] GSM BURST METRIC: sfn=881245l, arfcn_band=37724, rssi=449441l, rxpwr=-730,dcoff_i=-7, dcoff_q=-23, freq_offset=9, time_offset=4,snr_est=15255, gain_state=3ARFCN=860, BAND=9, rxpwr_real=-45.62
[D] QCP: log code=0x5A7A len=16
[D] GSM DSDS SERV AUX MEAS: radio_id_pkt=1
[D] GSM SERV AUX MEAS: ServingAux RxPwr=-45.62, snr_is_bad=0
[D] QCP: log code=0x5B2F len=39
[D] RR: chan=0x83 type=0x21 (other) len=23
[D] QCP: log code=0x5A71 len=14
[D] GSM DSDS SURROUND CELL BA: radio_id_pkt=1
[D] GSM SURROUND CELL BA num_cells=0
[D] QCP: log code=0x5A7B len=14
[D] GSM DSDS NEIG AUX MEAS: radio_id_pkt=1
[D] QCP: log code=0x5A6C len=109
[D] GSM DSDS BURST METRIC: radio_id_pkt=1
[D] GSM BURST METRIC: sfn=881288l, arfcn_band=37724, rssi=374720l, rxpwr=-743,dcoff_i=-17, dcoff_q=2, freq_offset=5, time_offset=0,snr_est=22176, gain_state=3ARFCN=860, BAND=9, rxpwr_real=-46.44
[D] GSM C1/C2: arfcn=860 rxlev=-46 accmin=0 txpwr=0 -> C1=63 C2=63
[D] QCP: log code=0x506A len=165
[D] GSM BURST METRIC: sfn=881288l, arfcn_band=37724, rssi=374720l, rxpwr=-743,dcoff_i=-17, dcoff_q=2, freq_offset=5, time_offset=0,snr_est=22176, gain_state=3ARFCN=860, BAND=9, rxpwr_real=-46.44
[D] QCP: log code=0x5A6C len=109
[D] GSM DSDS BURST METRIC: radio_id_pkt=1
[D] GSM BURST METRIC: sfn=0l, arfcn_band=0, rssi=0l, rxpwr=0,dcoff_i=0, dcoff_q=0, freq_offset=0, time_offset=0,snr_est=0, gain_state=0ARFCN=0, BAND=0
[D] QCP: log code=0x5B2F len=39
[D] RR: chan=0x81 type=0x07 (other) len=23
[D] QCP: log code=0x506A len=165
[D] GSM BURST METRIC: sfn=0l, arfcn_band=0, rssi=0l, rxpwr=0,dcoff_i=0, dcoff_q=0, freq_offset=0, time_offset=0,snr_est=0, gain_state=0ARFCN=0, BAND=0
[D] QCP: log code=0x5A7A len=16
[D] GSM DSDS SERV AUX MEAS: radio_id_pkt=1
[D] GSM SERV AUX MEAS: ServingAux RxPwr=-40.69, snr_is_bad=0
[D] QCP: log code=0x5A6C len=109
[D] GSM DSDS BURST METRIC: radio_id_pkt=1
[D] GSM BURST METRIC: sfn=881551l, arfcn_band=37724, rssi=1347111l, rxpwr=-654,dcoff_i=-32, dcoff_q=-24, freq_offset=-21, time_offset=0,snr_est=12087, gain_state=3ARFCN=860, BAND=9, rxpwr_real=-40.88
[D] GSM C1/C2: arfcn=860 rxlev=-40 accmin=0 txpwr=0 -> C1=63 C2=63
[D] QCP: log code=0x506A len=165
[D] GSM BURST METRIC: sfn=881551l, arfcn_band=37724, rssi=1347111l, rxpwr=-654,dcoff_i=-32, dcoff_q=-24, freq_offset=-21, time_offset=0,snr_est=12087, gain_state=3ARFCN=860, BAND=9, rxpwr_real=-40.88
[D] QCP: log code=0x5A7A len=16
[D] GSM DSDS SERV AUX MEAS: radio_id_pkt=1
[D] GSM SERV AUX MEAS: ServingAux RxPwr=-40.88, snr_is_bad=0
[D] QCP: log code=0x5B2F len=39
[D] RR: chan=0x83 type=0x21 (other) len=23
[D] QCP: log code=0x5A71 len=14
[D] GSM DSDS SURROUND CELL BA: radio_id_pkt=1
[D] GSM SURROUND CELL BA num_cells=0
[D] QCP: log code=0x5A7B len=14
[D] GSM DSDS NEIG AUX MEAS: radio_id_pkt=1
[D] QCP: log code=0x5A6C len=109
[D] GSM DSDS BURST METRIC: radio_id_pkt=1
[D] GSM BURST METRIC: sfn=881696l, arfcn_band=37724, rssi=5774554l, rxpwr=-752,dcoff_i=-67, dcoff_q=-18, freq_offset=-13, time_offset=0,snr_est=23381, gain_state=2ARFCN=860, BAND=9, rxpwr_real=-47.00
[D] GSM C1/C2: arfcn=860 rxlev=-47 accmin=0 txpwr=0 -> C1=63 C2=63
[D] QCP: log code=0x506A len=165
[D] GSM BURST METRIC: sfn=881696l, arfcn_band=37724, rssi=5774554l, rxpwr=-752,dcoff_i=-67, dcoff_q=-18, freq_offset=-13, time_offset=0,snr_est=23381, gain_state=2ARFCN=860, BAND=9, rxpwr_real=-47.00
[D] QCP: log code=0x5A6C len=109
[D] GSM DSDS BURST METRIC: radio_id_pkt=1
[D] GSM BURST METRIC: sfn=881857l, arfcn_band=37724, rssi=1187703l, rxpwr=-662,dcoff_i=36, dcoff_q=0, freq_offset=-32, time_offset=0,snr_est=12129, gain_state=3ARFCN=860, BAND=9, rxpwr_real=-41.38
[D] GSM C1/C2: arfcn=860 rxlev=-41 accmin=0 txpwr=0 -> C1=63 C2=63
[D] QCP: log code=0x506A len=165
[D] GSM BURST METRIC: sfn=881857l, arfcn_band=37724, rssi=1187703l, rxpwr=-662,dcoff_i=36, dcoff_q=0, freq_offset=-32, time_offset=0,snr_est=12129, gain_state=3ARFCN=860, BAND=9, rxpwr_real=-41.38
[D] QCP: log code=0x5A7A len=16
[D] GSM DSDS SERV AUX MEAS: radio_id_pkt=1
[D] GSM SERV AUX MEAS: ServingAux RxPwr=-41.38, snr_is_bad=0
[D] QCP: log code=0x5B2F len=39
[D] RR: chan=0x83 type=0x21 (other) len=23
[D] QCP: log code=0x5A71 len=86
[D] GSM DSDS SURROUND CELL BA: radio_id_pkt=1
[D] GSM SURROUND CELL BA num_cells=6
[D] GSM SURROUND CELL BA: Cell #0: ARFCN=862 BC=9 BSIC=N/A RxPwr=-67.75
[D] GSM SURROUND CELL BA: Cell #1: ARFCN=863 BC=9 BSIC=N/A RxPwr=-76.00
[D] GSM SURROUND CELL BA: Cell #2: ARFCN=872 BC=9 BSIC=N/A RxPwr=-81.50
[D] GSM SURROUND CELL BA: Cell #3: ARFCN=867 BC=9 BSIC=N/A RxPwr=-82.31
[D] GSM SURROUND CELL BA: Cell #4: ARFCN=873 BC=9 BSIC=N/A RxPwr=-83.00
[D] GSM SURROUND CELL BA: Cell #5: ARFCN=865 BC=9 BSIC=N/A RxPwr=-83.75
[D] QCP: log code=0x5A7B len=38
[D] GSM DSDS NEIG AUX MEAS: radio_id_pkt=1
[D] GSM NEIG AUX MEAS: Cell№0, n_arfcn = 862, n_band = 9, n_rspwr = -68.69
[D] GSM NEIG AUX MEAS: Cell№1, n_arfcn = 863, n_band = 9, n_rspwr = -77.19
[D] GSM NEIG AUX MEAS: Cell№2, n_arfcn = 872, n_band = 9, n_rspwr = -81.50
[D] GSM NEIG AUX MEAS: Cell№3, n_arfcn = 867, n_band = 9, n_rspwr = -82.31
[D] GSM NEIG AUX MEAS: Cell№4, n_arfcn = 873, n_band = 9, n_rspwr = -83.00
[D] GSM NEIG AUX MEAS: Cell№5, n_arfcn = 865, n_band = 9, n_rspwr = -83.75
[D] QCP: log code=0x5A6C len=109
[D] GSM DSDS BURST METRIC: radio_id_pkt=1
[D] GSM BURST METRIC: sfn=881949l, arfcn_band=37724, rssi=820310l, rxpwr=-688,dcoff_i=15, dcoff_q=1, freq_offset=-40, time_offset=0,snr_est=19440, gain_state=3ARFCN=860, BAND=9, rxpwr_real=-43.00
[D] GSM C1/C2: arfcn=860 rxlev=-43 accmin=0 txpwr=0 -> C1=63 C2=63
[D] QCP: log code=0x5B2F len=39
[D] RR: chan=0x81 type=0x07 (other) len=23
[D] QCP: log code=0x506A len=165
[D] GSM BURST METRIC: sfn=881949l, arfcn_band=37724, rssi=820310l, rxpwr=-688,dcoff_i=15, dcoff_q=1, freq_offset=-40, time_offset=0,snr_est=19440, gain_state=3ARFCN=860, BAND=9, rxpwr_real=-43.00
[D] QCP: log code=0x5A7A len=16
[D] GSM DSDS SERV AUX MEAS: radio_id_pkt=1
[D] GSM SERV AUX MEAS: ServingAux RxPwr=-42.94, snr_is_bad=0
[D] QCP: log code=0x5A6C len=109
[D] GSM DSDS BURST METRIC: radio_id_pkt=1
[D] GSM BURST METRIC: sfn=882104l, arfcn_band=37724, rssi=15868477l, rxpwr=-681,dcoff_i=68, dcoff_q=-106, freq_offset=-24, time_offset=0,snr_est=22695, gain_state=2ARFCN=860, BAND=9, rxpwr_real=-42.56
[D] GSM C1/C2: arfcn=860 rxlev=-42 accmin=0 txpwr=0 -> C1=63 C2=63
[D] QCP: log code=0x506A len=165
[D] GSM BURST METRIC: sfn=882104l, arfcn_band=37724, rssi=15868477l, rxpwr=-681,dcoff_i=68, dcoff_q=-106, freq_offset=-24, time_offset=0,snr_est=22695, gain_state=2ARFCN=860, BAND=9, rxpwr_real=-42.56
[D] QCP: log code=0x5A75 len=19
[D] QCP: log code=0x5A75 len=19
[D] QCP: log code=0x5A6C len=109
[D] GSM DSDS BURST METRIC: radio_id_pkt=1
[D] GSM BURST METRIC: sfn=882163l, arfcn_band=37724, rssi=1060115l, rxpwr=-671,dcoff_i=-12, dcoff_q=-33, freq_offset=-41, time_offset=0,snr_est=12224, gain_state=3ARFCN=860, BAND=9, rxpwr_real=-41.94
[D] GSM C1/C2: arfcn=860 rxlev=-41 accmin=0 txpwr=0 -> C1=63 C2=63
[D] QCP: log code=0x506A len=165
[D] GSM BURST METRIC: sfn=882163l, arfcn_band=37724, rssi=1060115l, rxpwr=-671,dcoff_i=-12, dcoff_q=-33, freq_offset=-41, time_offset=0,snr_est=12224, gain_state=3ARFCN=860, BAND=9, rxpwr_real=-41.94
[D] QCP: log code=0x5A7A len=16
[D] GSM DSDS SERV AUX MEAS: radio_id_pkt=1
[D] GSM SERV AUX MEAS: ServingAux RxPwr=-41.94, snr_is_bad=0
[D] QCP: log code=0x5B2F len=39
[D] RR: chan=0x83 type=0x21 (other) len=23
[D] QCP: log code=0x5A71 len=86
[D] GSM DSDS SURROUND CELL BA: radio_id_pkt=1
[D] GSM SURROUND CELL BA num_cells=6
[D] GSM SURROUND CELL BA: Cell #0: ARFCN=862 BC=9 BSIC=39 RxPwr=-67.75
[D] GSM SURROUND CELL BA: Cell #1: ARFCN=863 BC=9 BSIC=N/A RxPwr=-76.00
[D] GSM SURROUND CELL BA: Cell #2: ARFCN=872 BC=9 BSIC=N/A RxPwr=-81.50
[D] GSM SURROUND CELL BA: Cell #3: ARFCN=867 BC=9 BSIC=N/A RxPwr=-82.94
[D] GSM SURROUND CELL BA: Cell #4: ARFCN=873 BC=9 BSIC=N/A RxPwr=-83.00
[D] GSM SURROUND CELL BA: Cell #5: ARFCN=865 BC=9 BSIC=N/A RxPwr=-80.88
[D] QCP: log code=0x5A7B len=38
[D] GSM DSDS NEIG AUX MEAS: radio_id_pkt=1
[D] GSM NEIG AUX MEAS: Cell№0, n_arfcn = 862, n_band = 9, n_rspwr = -68.69
[D] GSM NEIG AUX MEAS: Cell№1, n_arfcn = 863, n_band = 9, n_rspwr = -77.19
[D] GSM NEIG AUX MEAS: Cell№2, n_arfcn = 872, n_band = 9, n_rspwr = -81.50
[D] GSM NEIG AUX MEAS: Cell№3, n_arfcn = 867, n_band = 9, n_rspwr = -83.56
[D] GSM NEIG AUX MEAS: Cell№4, n_arfcn = 873, n_band = 9, n_rspwr = -83.00
[D] GSM NEIG AUX MEAS: Cell№5, n_arfcn = 865, n_band = 9, n_rspwr = -78.00
[D] QCP: log code=0x5A75 len=19
[D] QCP: log code=0x5A75 len=19
[D] QCP: event id=500 (GPRS_SURROUND_SEARCH_START) arfcn=862
[D] QCP: log code=0x5A6C len=109
[D] GSM DSDS BURST METRIC: radio_id_pkt=1
[D] GSM BURST METRIC: sfn=882357l, arfcn_band=37724, rssi=1123933l, rxpwr=-666,dcoff_i=3, dcoff_q=-3, freq_offset=-24, time_offset=0,snr_est=26719, gain_state=3ARFCN=860, BAND=9, rxpwr_real=-41.62
[D] GSM C1/C2: arfcn=860 rxlev=-41 accmin=0 txpwr=0 -> C1=63 C2=63
[D] QCP: log code=0x5B2F len=39
[D] RR: chan=0x81 type=0x07 (other) len=23
[D] QCP: log code=0x506A len=165
[D] GSM BURST METRIC: sfn=882357l, arfcn_band=37724, rssi=1123933l, rxpwr=-666,dcoff_i=3, dcoff_q=-3, freq_offset=-24, time_offset=0,snr_est=26719, gain_state=3ARFCN=860, BAND=9, rxpwr_real=-41.62
[D] QCP: log code=0x5A7A len=16
[D] GSM DSDS SERV AUX MEAS: radio_id_pkt=1
[D] GSM SERV AUX MEAS: ServingAux RxPwr=-41.62, snr_is_bad=0
[D] QCP: log code=0x5B2F len=39
[D] RR: chan=0x81 type=0x1B (SI-3) len=23
[D] RR-L3 [23 bytes]: 49 06 1B 12 73 52 F0 02 4E 3D D0 04 C8 17 60 40 BD 00 00 80 00 04 1B 
[D] GSM SI-3: CID=4723 LAC=20029 MCC=250 MNC=20
[D] GSM NBR C1/C2: arfcn=862 rxlev=-67 accmin=0 txpwr=0 -> C1=43 C2=43
[D] QCP: log code=0x5A6C len=109
[D] GSM DSDS BURST METRIC: radio_id_pkt=1
[D] GSM BURST METRIC: sfn=882469l, arfcn_band=37724, rssi=1025788l, rxpwr=-673,dcoff_i=30, dcoff_q=-13, freq_offset=-25, time_offset=0,snr_est=11446, gain_state=3ARFCN=860, BAND=9, rxpwr_real=-42.06
[D] GSM C1/C2: arfcn=860 rxlev=-42 accmin=0 txpwr=0 -> C1=63 C2=63
[D] QCP: log code=0x506A len=165
[D] GSM BURST METRIC: sfn=882469l, arfcn_band=37724, rssi=1025788l, rxpwr=-673,dcoff_i=30, dcoff_q=-13, freq_offset=-25, time_offset=0,snr_est=11446, gain_state=3ARFCN=860, BAND=9, rxpwr_real=-42.06
[D] QCP: log code=0x5A7A len=16
[D] GSM DSDS SERV AUX MEAS: radio_id_pkt=1
[D] GSM SERV AUX MEAS: ServingAux RxPwr=-42.06, snr_is_bad=0
[D] QCP: log code=0x5B2F len=39
[D] RR: chan=0x83 type=0x21 (other) len=23
[D] QCP: log code=0x5A71 len=86
[D] GSM DSDS SURROUND CELL BA: radio_id_pkt=1
[D] GSM SURROUND CELL BA num_cells=6
[D] GSM SURROUND CELL BA: Cell #0: ARFCN=861 BC=9 BSIC=N/A RxPwr=-59.00
[D] GSM SURROUND CELL BA: Cell #1: ARFCN=862 BC=9 BSIC=39 RxPwr=-67.75
[D] GSM NBR C1/C2: arfcn=862 rxlev=-67 accmin=0 txpwr=0 -> C1=43 C2=43
[D] GSM SURROUND CELL BA: Cell #2: ARFCN=863 BC=9 BSIC=45 RxPwr=-76.00
[D] GSM SURROUND CELL BA: Cell #3: ARFCN=865 BC=9 BSIC=N/A RxPwr=-80.88
[D] GSM SURROUND CELL BA: Cell #4: ARFCN=873 BC=9 BSIC=N/A RxPwr=-82.12
[D] GSM SURROUND CELL BA: Cell #5: ARFCN=872 BC=9 BSIC=N/A RxPwr=-82.81
[D] QCP: log code=0x5A7B len=38
[D] GSM DSDS NEIG AUX MEAS: radio_id_pkt=1
[D] GSM NEIG AUX MEAS: Cell№0, n_arfcn = 861, n_band = 9, n_rspwr = -58.00
[D] GSM NEIG AUX MEAS: Cell№1, n_arfcn = 862, n_band = 9, n_rspwr = -68.69
[D] GSM NEIG AUX MEAS: Cell№2, n_arfcn = 863, n_band = 9, n_rspwr = -77.19
[D] GSM NEIG AUX MEAS: Cell№3, n_arfcn = 865, n_band = 9, n_rspwr = -78.00
[D] GSM NEIG AUX MEAS: Cell№4, n_arfcn = 873, n_band = 9, n_rspwr = -81.25
[D] GSM NEIG AUX MEAS: Cell№5, n_arfcn = 872, n_band = 9, n_rspwr = -84.12
[D] QCP: log code=0x5A6C len=109
[D] GSM DSDS BURST METRIC: radio_id_pkt=1
[D] GSM BURST METRIC: sfn=882512l, arfcn_band=37724, rssi=804353l, rxpwr=-689,dcoff_i=-10, dcoff_q=-26, freq_offset=-11, time_offset=0,snr_est=22282, gain_state=3ARFCN=860, BAND=9, rxpwr_real=-43.06
[D] GSM C1/C2: arfcn=860 rxlev=-43 accmin=0 txpwr=0 -> C1=63 C2=63
[D] QCP: log code=0x506A len=165
[D] GSM BURST METRIC: sfn=882512l, arfcn_band=37724, rssi=804353l, rxpwr=-689,dcoff_i=-10, dcoff_q=-26, freq_offset=-11, time_offset=0,snr_est=22282, gain_state=3ARFCN=860, BAND=9, rxpwr_real=-43.06
[D] QCP: log code=0x5A75 len=19
[D] QCP: log code=0x5A75 len=19
[D] QCP: log code=0x5A6C len=109
[D] GSM DSDS BURST METRIC: radio_id_pkt=1
[D] GSM BURST METRIC: sfn=882765l, arfcn_band=37724, rssi=1043855l, rxpwr=-672,dcoff_i=11, dcoff_q=2, freq_offset=-51, time_offset=0,snr_est=22096, gain_state=3ARFCN=860, BAND=9, rxpwr_real=-42.00
[D] GSM C1/C2: arfcn=860 rxlev=-42 accmin=0 txpwr=0 -> C1=63 C2=63
[D] QCP: log code=0x5B2F len=39
[D] RR: chan=0x81 type=0x07 (other) len=23
[D] QCP: log code=0x506A len=165
[D] GSM BURST METRIC: sfn=882765l, arfcn_band=37724, rssi=1043855l, rxpwr=-672,dcoff_i=11, dcoff_q=2, freq_offset=-51, time_offset=0,snr_est=22096, gain_state=3ARFCN=860, BAND=9, rxpwr_real=-42.00
[D] QCP: log code=0x5A7A len=16
[D] GSM DSDS SERV AUX MEAS: radio_id_pkt=1
[D] GSM SERV AUX MEAS: ServingAux RxPwr=-41.94, snr_is_bad=0
[D] QCP: log code=0x5A6C len=109
[D] GSM DSDS BURST METRIC: radio_id_pkt=1
[D] GSM BURST METRIC: sfn=882775l, arfcn_band=37724, rssi=1030599l, rxpwr=-673,dcoff_i=-33, dcoff_q=-9, freq_offset=-40, time_offset=0,snr_est=11098, gain_state=3ARFCN=860, BAND=9, rxpwr_real=-42.06
[D] GSM C1/C2: arfcn=860 rxlev=-42 accmin=0 txpwr=0 -> C1=63 C2=63
[D] QCP: log code=0x506A len=165
[D] GSM BURST METRIC: sfn=882775l, arfcn_band=37724, rssi=1030599l, rxpwr=-673,dcoff_i=-33, dcoff_q=-9, freq_offset=-40, time_offset=0,snr_est=11098, gain_state=3ARFCN=860, BAND=9, rxpwr_real=-42.06
[D] QCP: log code=0x5A7A len=16
[D] GSM DSDS SERV AUX MEAS: radio_id_pkt=1
[D] GSM SERV AUX MEAS: ServingAux RxPwr=-42.06, snr_is_bad=0
[D] QCP: log code=0x5B2F len=39
[D] RR: chan=0x83 type=0x21 (other) len=23
[D] QCP: log code=0x5A71 len=86
[D] GSM DSDS SURROUND CELL BA: radio_id_pkt=1
[D] GSM SURROUND CELL BA num_cells=6
[D] GSM SURROUND CELL BA: Cell #0: ARFCN=861 BC=9 BSIC=N/A RxPwr=-59.00
[D] GSM SURROUND CELL BA: Cell #1: ARFCN=862 BC=9 BSIC=39 RxPwr=-68.12
[D] GSM NBR C1/C2: arfcn=862 rxlev=-68 accmin=0 txpwr=0 -> C1=42 C2=42
[D] GSM SURROUND CELL BA: Cell #2: ARFCN=863 BC=9 BSIC=45 RxPwr=-76.00
[D] GSM SURROUND CELL BA: Cell #3: ARFCN=865 BC=9 BSIC=N/A RxPwr=-80.25
[D] GSM SURROUND CELL BA: Cell #4: ARFCN=873 BC=9 BSIC=N/A RxPwr=-82.12
[D] GSM SURROUND CELL BA: Cell #5: ARFCN=872 BC=9 BSIC=6 RxPwr=-82.81
[D] QCP: log code=0x5A7B len=38
[D] GSM DSDS NEIG AUX MEAS: radio_id_pkt=1
[D] GSM NEIG AUX MEAS: Cell№0, n_arfcn = 861, n_band = 9, n_rspwr = -58.00
[D] GSM NEIG AUX MEAS: Cell№1, n_arfcn = 862, n_band = 9, n_rspwr = -69.00
[D] GSM NEIG AUX MEAS: Cell№2, n_arfcn = 863, n_band = 9, n_rspwr = -75.94
[D] GSM NEIG AUX MEAS: Cell№3, n_arfcn = 865, n_band = 9, n_rspwr = -79.00
[D] GSM NEIG AUX MEAS: Cell№4, n_arfcn = 873, n_band = 9, n_rspwr = -81.25
[D] GSM NEIG AUX MEAS: Cell№5, n_arfcn = 872, n_band = 9, n_rspwr = -84.12
[D] QCP: log code=0x5A75 len=19
[D] QCP: log code=0x5A75 len=19
[D] QCP: event id=500 (GPRS_SURROUND_SEARCH_START) arfcn=863
[D] QCP: log code=0x5A75 len=19
[D] QCP: log code=0x5A75 len=19
[D] QCP: log code=0x5A75 len=19
[D] QCP: log code=0x5A75 len=19
[D] QCP: log code=0x5B2F len=39
[D] RR: chan=0x81 type=0x1B (SI-3) len=23
[D] RR-L3 [23 bytes]: 49 06 1B 03 2D 52 F0 02 4D 07 D0 04 C8 17 60 40 BD 00 00 80 00 05 1B 
[D] GSM SI-3: CID=813 LAC=19719 MCC=250 MNC=20
[D] GSM NBR C1/C2: arfcn=863 rxlev=-76 accmin=0 txpwr=0 -> C1=34 C2=34
[D] QCP: log code=0x5A75 len=19
[D] QCP: log code=0x5A75 len=19
[D] QCP: log code=0x5B2F len=39
[D] RR: chan=0x81 type=0x1B (SI-3) len=23
[D] RR-L3 [23 bytes]: 49 06 1B 32 F2 52 F0 02 4E 3D D0 04 C8 17 60 40 BD 00 00 80 00 04 1B 
[D] GSM C1/C2: arfcn=860 rxlev=-42 accmin=0 txpwr=0 -> C1=63 C2=63
[D] GSM SI-3: CID=13042 LAC=20029 MCC=250 MNC=20
[D] QCP: log code=0x5A75 len=19
[D] QCP: log code=0x5A75 len=19
[D] QCP: log code=0x5B2F len=39
[D] RR: chan=0x81 type=0x1B (SI-3) len=23
[D] RR-L3 [23 bytes]: 49 06 1B 60 3C 52 F0 10 00 EA C8 00 28 53 60 45 78 00 00 8F 00 B0 43 
[D] GSM C1/C2: arfcn=860 rxlev=-42 accmin=5 txpwr=0 -> C1=58 C2=88
[D] GSM SI-3: CID=24636 LAC=234 MCC=250 MNC=1
[D] QCP: log code=0x5A75 len=19
[D] QCP: log code=0x5A75 len=19
[D] QCP: log code=0x5A6C len=109
[D] GSM DSDS BURST METRIC: radio_id_pkt=1
[D] GSM BURST METRIC: sfn=883081l, arfcn_band=37724, rssi=999794l, rxpwr=-675,dcoff_i=4, dcoff_q=-32, freq_offset=-25, time_offset=0,snr_est=12286, gain_state=3ARFCN=860, BAND=9, rxpwr_real=-42.19
[D] GSM C1/C2: arfcn=860 rxlev=-42 accmin=5 txpwr=0 -> C1=58 C2=88
[D] QCP: log code=0x5B2F len=39
[D] RR: chan=0x83 type=0x21 (other) len=23
[D] QCP: log code=0x506A len=165
[D] GSM BURST METRIC: sfn=883081l, arfcn_band=37724, rssi=999794l, rxpwr=-675,dcoff_i=4, dcoff_q=-32, freq_offset=-25, time_offset=0,snr_est=12286, gain_state=3ARFCN=860, BAND=9, rxpwr_real=-42.19
[D] QCP: log code=0x5A7A len=16
[D] GSM DSDS SERV AUX MEAS: radio_id_pkt=1
[D] GSM SERV AUX MEAS: ServingAux RxPwr=-42.19, snr_is_bad=0
[D] QCP: log code=0x5A71 len=86
[D] GSM DSDS SURROUND CELL BA: radio_id_pkt=1
[D] GSM SURROUND CELL BA num_cells=6
[D] GSM SURROUND CELL BA: Cell #0: ARFCN=861 BC=9 BSIC=N/A RxPwr=-59.00
[D] GSM SURROUND CELL BA: Cell #1: ARFCN=862 BC=9 BSIC=39 RxPwr=-68.12
[D] GSM NBR C1/C2: arfcn=862 rxlev=-68 accmin=0 txpwr=0 -> C1=42 C2=42
[D] GSM SURROUND CELL BA: Cell #2: ARFCN=863 BC=9 BSIC=45 RxPwr=-76.00
[D] GSM NBR C1/C2: arfcn=863 rxlev=-76 accmin=0 txpwr=0 -> C1=34 C2=34
[D] GSM SURROUND CELL BA: Cell #3: ARFCN=865 BC=9 BSIC=N/A RxPwr=-80.25
[D] GSM SURROUND CELL BA: Cell #4: ARFCN=873 BC=9 BSIC=N/A RxPwr=-81.69
[D] GSM SURROUND CELL BA: Cell #5: ARFCN=867 BC=9 BSIC=N/A RxPwr=-82.69
[D] QCP: log code=0x5A7B len=38
[D] GSM DSDS NEIG AUX MEAS: radio_id_pkt=1
[D] GSM NEIG AUX MEAS: Cell№0, n_arfcn = 861, n_band = 9, n_rspwr = -58.00
[D] GSM NEIG AUX MEAS: Cell№1, n_arfcn = 862, n_band = 9, n_rspwr = -69.00
[D] GSM NEIG AUX MEAS: Cell№2, n_arfcn = 863, n_band = 9, n_rspwr = -75.94
[D] GSM NEIG AUX MEAS: Cell№3, n_arfcn = 865, n_band = 9, n_rspwr = -79.00
[D] GSM NEIG AUX MEAS: Cell№4, n_arfcn = 873, n_band = 9, n_rspwr = -80.81
[D] GSM NEIG AUX MEAS: Cell№5, n_arfcn = 867, n_band = 9, n_rspwr = -82.31
[D] QCP: log code=0x5A75 len=19
[D] QCP: log code=0x5A75 len=19
[D] QCP: log code=0x5A75 len=19
[D] QCP: log code=0x5A75 len=19
[D] QCP: log code=0x5B2F len=39
[D] RR: chan=0x81 type=0x1C (SI-4) len=23
[D] RR-L3 [23 bytes]: 31 06 1C 52 F0 10 00 EA 65 45 78 00 00 80 00 B2 2B 2B 2B 2B 2B 2B 2B 
[D] GSM C1/C2: arfcn=860 rxlev=-42 accmin=5 txpwr=5 -> C1=58 C2=88
[D] QCP: log code=0x5A75 len=19
[D] QCP: log code=0x5A75 len=19
[D] QCP: log code=0x5B2F len=39
[D] RR: chan=0x81 type=0x1C (SI-4) len=23
[D] RR-L3 [23 bytes]: 31 06 1C 52 F0 99 39 A5 A5 41 78 00 00 86 1F B2 2B 2B 2B 2B 2B 2B 2B 
[D] GSM C1/C2: arfcn=860 rxlev=-42 accmin=1 txpwr=5 -> C1=62 C2=92
[D] QCP: log code=0x5A75 len=19
[D] QCP: log code=0x5A75 len=19
[D] QCP: log code=0x5A75 len=19
[D] QCP: log code=0x5A75 len=19
[D] QCP: log code=0x5B2F len=39
[D] RR: chan=0x81 type=0x1B (SI-3) len=23
[D] RR-L3 [23 bytes]: 49 06 1B 6D 4F 52 F0 20 1E A0 C8 00 28 58 65 40 B8 00 00 80 00 B0 77 
[D] GSM C1/C2: arfcn=860 rxlev=-42 accmin=0 txpwr=5 -> C1=63 C2=63
[D] GSM SI-3: CID=27983 LAC=7840 MCC=250 MNC=2
[D] QCP: log code=0x5A75 len=19
[D] QCP: log code=0x5A75 len=19
[D] QCP: log code=0x5A75 len=19
[D] QCP: log code=0x5A75 len=19
[D] QCP: log code=0x5A75 len=19
[D] QCP: log code=0x5A75 len=19
[D] QCP: log code=0x5B2F len=39
[D] RR: chan=0x81 type=0x1B (SI-3) len=23
[D] RR-L3 [23 bytes]: 49 06 1B 12 73 52 F0 02 4E 3D D0 04 C8 17 60 40 BD 00 00 80 00 04 1B 
[D] GSM C1/C2: arfcn=860 rxlev=-42 accmin=0 txpwr=0 -> C1=63 C2=63
[D] GSM SI-3: CID=4723 LAC=20029 MCC=250 MNC=20
[D] QCP: log code=0x5B2F len=39
[D] RR: chan=0x81 type=0x1C (SI-4) len=23
[D] RR-L3 [23 bytes]: 31 06 1C 52 F0 20 1E A0 65 54 B8 00 00 80 00 B3 2B 2B 2B 2B 2B 2B 2B 
[D] GSM C1/C2: arfcn=860 rxlev=-42 accmin=20 txpwr=5 -> C1=43 C2=43
[D] QCP: log code=0x5A75 len=19
[D] QCP: log code=0x5A75 len=19
[D] QCP: log code=0x5A75 len=19
[D] QCP: log code=0x5A75 len=19
[D] QCP: log code=0x5A75 len=19
[D] QCP: log code=0x5A75 len=19
[D] QCP: log code=0x5B2F len=39
[D] RR: chan=0x81 type=0x1C (SI-4) len=23
[D] RR-L3 [23 bytes]: 31 06 1C 52 F0 20 BB 0D 65 45 B8 00 00 80 00 B3 2B 2B 2B 2B 2B 2B 2B 
[D] GSM C1/C2: arfcn=860 rxlev=-42 accmin=5 txpwr=5 -> C1=58 C2=58
[D] QCP: log code=0x5B2F len=39
[D] RR: chan=0x81 type=0x1C (SI-4) len=23
[D] RR-L3 [23 bytes]: 31 06 1C 52 F0 20 1E A0 60 59 B8 00 00 8F 00 B3 2B 2B 2B 2B 2B 2B 2B 
[D] GSM C1/C2: arfcn=860 rxlev=-42 accmin=25 txpwr=0 -> C1=38 C2=38
[D] QCP: log code=0x5B2F len=39
[D] RR: chan=0x81 type=0x1B (SI-3) len=23
[D] RR-L3 [23 bytes]: 49 06 1B 2F C3 52 F0 99 39 A5 CA 00 28 53 A5 41 78 00 00 80 00 B0 43 
[D] GSM C1/C2: arfcn=860 rxlev=-42 accmin=1 txpwr=5 -> C1=62 C2=62
[D] GSM SI-3: CID=12227 LAC=14757 MCC=250 MNC=99
[D] QCP: log code=0x7131 len=15
[D] UMTS MM state=0 substate=3 update_status=0
[D] QCP: log code=0x7130 len=15
[W] UMTS NAS OTA: payload too short (3)
[D] QCP: log code=0x7130 len=15
[W] UMTS NAS OTA: payload too short (3)
[D] QCP: log code=0x7131 len=15
[D] UMTS MM state=0 substate=0 update_status=0
[D] QCP: log code=0x7131 len=15
[D] UMTS MM state=0 substate=0 update_status=0
[D] QCP: log code=0x7130 len=15
[W] UMTS NAS OTA: payload too short (3)
[D] QCP: log code=0x7130 len=15
[W] UMTS NAS OTA: payload too short (3)
[D] QCP: log code=0x7131 len=15
[D] UMTS MM state=0 substate=1 update_status=1
[D] QCP: log code=0x7131 len=15
[D] UMTS MM state=0 substate=1 update_status=1
[D] QCP: log code=0x7131 len=15
[D] UMTS MM state=0 substate=0 update_status=0
[D] QCP: log code=0x7131 len=15
[D] UMTS MM state=0 substate=0 update_status=0
[D] QCP: log code=0x7130 len=15
[W] UMTS NAS OTA: payload too short (3)
[D] QCP: log code=0x7130 len=15
[W] UMTS NAS OTA: payload too short (3)
[D] QCP: log code=0x7131 len=15
[D] UMTS MM state=0 substate=0 update_status=1
[D] QCP: log code=0x7131 len=15
[D] UMTS MM state=0 substate=1 update_status=1
[D] QCP: log code=0x7130 len=15
[W] UMTS NAS OTA: payload too short (3)
[D] QCP: log code=0x7131 len=15
[D] UMTS MM state=0 substate=1 update_status=0
[D] QCP: log code=0x7131 len=15
[D] UMTS MM state=0 substate=1 update_status=0
[D] QCP: log code=0x7131 len=15
[D] UMTS MM state=18 substate=1 update_status=0
[D] QCP: log code=0x7131 len=15
[D] UMTS MM state=19 substate=1 update_status=0
[D] QCP: log code=0x7131 len=15
[D] UMTS MM state=19 substate=2 update_status=0
[D] QCP: log code=0x7130 len=15
[W] UMTS NAS OTA: payload too short (3)
[D] QCP: log code=0x7130 len=15
[W] UMTS NAS OTA: payload too short (3)
[D] QCP: log code=0x7130 len=15
[W] UMTS NAS OTA: payload too short (3)
[D] QCP: log code=0x7131 len=15
[D] UMTS MM state=19 substate=2 update_status=0
[D] QCP: log code=0x7130 len=15
[W] UMTS NAS OTA: payload too short (3)
[D] QCP: log code=0x5A75 len=19
[D] QCP: log code=0x5A75 len=19
[D] QCP: log code=0x5A75 len=19
[D] QCP: log code=0x5A75 len=19
[D] QCP: log code=0x5A75 len=19
[D] QCP: log code=0x5A75 len=19
[D] QCP: log code=0x5A75 len=19
[D] QCP: log code=0x5A75 len=19
[D] QCP: log code=0x5A75 len=19
[D] QCP: log code=0x5A75 len=19
[D] QCP: log code=0x5B2F len=39
[D] RR: chan=0x81 type=0x1C (SI-4) len=23
[D] RR-L3 [23 bytes]: 31 06 1C 52 F0 10 00 EA 60 45 78 00 00 8F 00 B2 2B 2B 2B 2B 2B 2B 2B 
[D] GSM C1/C2: arfcn=860 rxlev=-42 accmin=5 txpwr=0 -> C1=58 C2=58
[D] QCP: log code=0x5A75 len=19
[D] QCP: log code=0x5A75 len=19
[D] QCP: log code=0x5A6C len=109
[D] GSM DSDS BURST METRIC: radio_id_pkt=1
[D] GSM BURST METRIC: sfn=519182l, arfcn_band=37543, rssi=4552239l, rxpwr=-777,dcoff_i=-75, dcoff_q=-67, freq_offset=16, time_offset=4,snr_est=17039, gain_state=2ARFCN=679, BAND=9, rxpwr_real=-48.56
[D] QCP: log code=0x506A len=165
[D] GSM BURST METRIC: sfn=519182l, arfcn_band=37543, rssi=4552239l, rxpwr=-777,dcoff_i=-75, dcoff_q=-67, freq_offset=16, time_offset=4,snr_est=17039, gain_state=2ARFCN=679, BAND=9, rxpwr_real=-48.56
[D] QCP: log code=0x5B2F len=39
[D] RR: chan=0x81 type=0x00 (other) len=23
[D] QCP: log code=0x5A6C len=109
[D] GSM DSDS BURST METRIC: radio_id_pkt=1
[D] GSM BURST METRIC: sfn=519233l, arfcn_band=37543, rssi=5841981l, rxpwr=-760,dcoff_i=10, dcoff_q=-25, freq_offset=13, time_offset=4,snr_est=32767, gain_state=2ARFCN=679, BAND=9, rxpwr_real=-47.50
[D] QCP: log code=0x506A len=165
[D] GSM BURST METRIC: sfn=519233l, arfcn_band=37543, rssi=5841981l, rxpwr=-760,dcoff_i=10, dcoff_q=-25, freq_offset=13, time_offset=4,snr_est=32767, gain_state=2ARFCN=679, BAND=9, rxpwr_real=-47.50
[D] QCP: log code=0x5B2F len=39
[D] RR: chan=0x81 type=0x03 (SI-2ter) len=23
[D] RR-L3 [23 bytes]: 49 06 03 CF FC 3F 00 00 00 00 00 00 00 1E 80 00 00 00 00 2B 2B 2B 2B 
[D] QCP: log code=0x5A6C len=109
[D] GSM DSDS BURST METRIC: radio_id_pkt=1
[D] GSM BURST METRIC: sfn=519237l, arfcn_band=37543, rssi=5434864l, rxpwr=-764,dcoff_i=-1, dcoff_q=3, freq_offset=12, time_offset=4,snr_est=32767, gain_state=2ARFCN=679, BAND=9, rxpwr_real=-47.75
[D] QCP: log code=0x506A len=165
[D] GSM BURST METRIC: sfn=519237l, arfcn_band=37543, rssi=5434864l, rxpwr=-764,dcoff_i=-1, dcoff_q=3, freq_offset=12, time_offset=4,snr_est=32767, gain_state=2ARFCN=679, BAND=9, rxpwr_real=-47.75
[D] QCP: log code=0x5A6C len=109
[D] GSM DSDS BURST METRIC: radio_id_pkt=1
[D] GSM BURST METRIC: sfn=519284l, arfcn_band=37543, rssi=5398637l, rxpwr=-765,dcoff_i=44, dcoff_q=69, freq_offset=33, time_offset=4,snr_est=16445, gain_state=2ARFCN=679, BAND=9, rxpwr_real=-47.81
[D] QCP: log code=0x506A len=165
[D] GSM BURST METRIC: sfn=519284l, arfcn_band=37543, rssi=5398637l, rxpwr=-765,dcoff_i=44, dcoff_q=69, freq_offset=33, time_offset=4,snr_est=16445, gain_state=2ARFCN=679, BAND=9, rxpwr_real=-47.81
[D] QCP: log code=0x5B2F len=39
[D] RR: chan=0x81 type=0x1B (SI-3) len=23
[D] RR-L3 [23 bytes]: 49 06 1B 60 3C 52 F0 10 00 EA C8 00 28 53 60 45 78 00 00 8F 00 B0 43 
[D] GSM C1/C2: arfcn=860 rxlev=-42 accmin=5 txpwr=0 -> C1=58 C2=88
[D] GSM SI-3: CID=24636 LAC=234 MCC=250 MNC=1
[D] QCP: log code=0x5B2F len=39
[D] RR: chan=0x81 type=0x19 (SI-1) len=23
[D] RR-L3 [23 bytes]: 55 06 19 8F 46 00 05 00 10 00 00 00 00 00 00 00 10 00 00 78 00 00 2B 
[D] QCP: log code=0x5B2F len=39
[D] RR: chan=0x81 type=0x1A (SI-2) len=23
[D] RR-L3 [23 bytes]: 59 06 1A 8F 47 60 28 00 20 00 00 00 00 00 00 10 88 00 00 FF 78 00 00 
[D] QCP: log code=0x5B2F len=39
[D] RR: chan=0x81 type=0x07 (other) len=23
[D] QCP: log code=0x5B2F len=39
[D] RR: chan=0x81 type=0x07 (other) len=23
[D] QCP: log code=0x5B2F len=39
[D] RR: chan=0x81 type=0x1C (SI-4) len=23
[D] RR-L3 [23 bytes]: 31 06 1C 52 F0 10 00 EA 60 45 78 00 00 8F 00 B2 2B 2B 2B 2B 2B 2B 2B 
[D] GSM C1/C2: arfcn=860 rxlev=-42 accmin=5 txpwr=0 -> C1=58 C2=88
[D] QCP: log code=0x5B34 len=26
[D] GSM DSDS CELL INFO: radio_id_pkt=1
[D] GSM CELL INFO: ARFCN=679 BC=9 BCC=5 NCC=6 MCC=250 MNC=1 LAC=234 CID=24636 priority=0 ncc_permitted=255
[D] GSM C1/C2: arfcn=679 rxlev=-42 accmin=5 txpwr=0 -> C1=58 C2=88
[D] QCP: log code=0x7131 len=15
[D] UMTS MM state=19 substate=8 update_status=0
[D] QCP: log code=0x7131 len=15
[D] UMTS MM state=19 substate=8 update_status=0
[D] QCP: log code=0x7131 len=15
[D] UMTS MM state=13 substate=8 update_status=0
[D] QCP: log code=0x713A len=33
[W] UMTS NAS OTA: truncated (need 83886102 have 21)
[D] QCP: log code=0x7130 len=15
[W] UMTS NAS OTA: payload too short (3)
[D] QCP: log code=0x7130 len=15
[W] UMTS NAS OTA: payload too short (3)
[D] QCP: log code=0x5A6C len=109
[D] GSM DSDS BURST METRIC: radio_id_pkt=1
[D] GSM BURST METRIC: sfn=519328l, arfcn_band=37543, rssi=5129116l, rxpwr=-768,dcoff_i=53, dcoff_q=57, freq_offset=5, time_offset=4,snr_est=17238, gain_state=2ARFCN=679, BAND=9, rxpwr_real=-48.00
[D] GSM C1/C2: arfcn=679 rxlev=-48 accmin=5 txpwr=0 -> C1=57 C2=87
[D] QCP: log code=0x506A len=165
[D] GSM BURST METRIC: sfn=519328l, arfcn_band=37543, rssi=5129116l, rxpwr=-768,dcoff_i=53, dcoff_q=57, freq_offset=5, time_offset=4,snr_est=17238, gain_state=2ARFCN=679, BAND=9, rxpwr_real=-48.00
[D] QCP: log code=0x5B2F len=39
[D] RR: chan=0x83 type=0x3F (other) len=23
[D] QCP: log code=0x5A6C len=109
[D] GSM DSDS BURST METRIC: radio_id_pkt=1
[D] GSM BURST METRIC: sfn=519335l, arfcn_band=37543, rssi=5471928l, rxpwr=-764,dcoff_i=-21, dcoff_q=5, freq_offset=22, time_offset=4,snr_est=32767, gain_state=2ARFCN=679, BAND=9, rxpwr_real=-47.75
[D] GSM C1/C2: arfcn=679 rxlev=-47 accmin=5 txpwr=0 -> C1=58 C2=88
[D] QCP: log code=0x506A len=165
[D] GSM BURST METRIC: sfn=519335l, arfcn_band=37543, rssi=5471928l, rxpwr=-764,dcoff_i=-21, dcoff_q=5, freq_offset=22, time_offset=4,snr_est=32767, gain_state=2ARFCN=679, BAND=9, rxpwr_real=-47.75
[D] QCP: log code=0x5B2F len=39
[D] RR: chan=0x81 type=0x1C (SI-4) len=23
[D] RR-L3 [23 bytes]: 31 06 1C 52 F0 10 00 EA 60 45 78 00 00 8F 00 B2 2B 2B 2B 2B 2B 2B 2B 
[D] GSM C1/C2: arfcn=679 rxlev=-47 accmin=5 txpwr=0 -> C1=58 C2=88
[D] QCP: log code=0x5A6C len=109
[D] GSM DSDS BURST METRIC: radio_id_pkt=1
[D] GSM BURST METRIC: sfn=519339l, arfcn_band=37543, rssi=5422535l, rxpwr=-764,dcoff_i=57, dcoff_q=-37, freq_offset=3, time_offset=4,snr_est=21675, gain_state=2ARFCN=679, BAND=9, rxpwr_real=-47.75
[D] GSM C1/C2: arfcn=679 rxlev=-47 accmin=5 txpwr=0 -> C1=58 C2=88
[D] QCP: log code=0x506A len=165
[D] GSM BURST METRIC: sfn=519339l, arfcn_band=37543, rssi=5422535l, rxpwr=-764,dcoff_i=57, dcoff_q=-37, freq_offset=3, time_offset=4,snr_est=21675, gain_state=2ARFCN=679, BAND=9, rxpwr_real=-47.75
[D] QCP: log code=0x5B2F len=39
[D] RR: chan=0x83 type=0x3F (other) len=23
[D] QCP: log code=0x5A6C len=109
[D] GSM DSDS BURST METRIC: radio_id_pkt=1
[D] GSM BURST METRIC: sfn=519361l, arfcn_band=37543, rssi=16913654l, rxpwr=-686,dcoff_i=-60, dcoff_q=-66, freq_offset=23, time_offset=4,snr_est=31763, gain_state=2ARFCN=679, BAND=9, rxpwr_real=-42.88
[D] GSM C1/C2: arfcn=679 rxlev=-42 accmin=5 txpwr=0 -> C1=58 C2=88
[D] QCP: log code=0x506A len=165
[D] GSM BURST METRIC: sfn=519361l, arfcn_band=37543, rssi=16913654l, rxpwr=-686,dcoff_i=-60, dcoff_q=-66, freq_offset=23, time_offset=4,snr_est=31763, gain_state=2ARFCN=679, BAND=9, rxpwr_real=-42.88
[D] QCP: log code=0x5A6C len=109
[D] GSM DSDS BURST METRIC: radio_id_pkt=1
[D] GSM BURST METRIC: sfn=519377l, arfcn_band=37543, rssi=850560l, rxpwr=-691,dcoff_i=8, dcoff_q=-2, freq_offset=11, time_offset=4,snr_est=14957, gain_state=3ARFCN=679, BAND=9, rxpwr_real=-43.19
[D] GSM C1/C2: arfcn=679 rxlev=-43 accmin=5 txpwr=0 -> C1=58 C2=88
[D] QCP: log code=0x506A len=165
[D] GSM BURST METRIC: sfn=519377l, arfcn_band=37543, rssi=850560l, rxpwr=-691,dcoff_i=8, dcoff_q=-2, freq_offset=11, time_offset=4,snr_est=14957, gain_state=3ARFCN=679, BAND=9, rxpwr_real=-43.19
[D] QCP: log code=0x5B2F len=34
[D] RR: chan=0x84 type=0x1D (SI-5) len=18
[D] RR-L3 [18 bytes]: 06 1D 8F 47 60 28 00 20 00 00 00 00 00 00 10 88 00 00 
[D] QCP: log code=0x5A71 len=266
[D] GSM DSDS SURROUND CELL BA: radio_id_pkt=1
[D] GSM SURROUND CELL BA num_cells=21
[D] GSM SURROUND CELL BA: Cell #0: ARFCN=680 BC=9 BSIC=N/A RxPwr=-62.88
[D] GSM SURROUND CELL BA: Cell #1: ARFCN=746 BC=9 BSIC=N/A RxPwr=-80.50
[D] GSM SURROUND CELL BA: Cell #2: ARFCN=666 BC=9 BSIC=N/A RxPwr=-82.00
[D] GSM SURROUND CELL BA: Cell #3: ARFCN=737 BC=9 BSIC=N/A RxPwr=-82.25
[D] GSM SURROUND CELL BA: Cell #4: ARFCN=655 BC=9 BSIC=N/A RxPwr=-85.81
[D] GSM SURROUND CELL BA: Cell #5: ARFCN=656 BC=9 BSIC=N/A RxPwr=-90.00
[D] GSM SURROUND CELL BA: Cell #6: ARFCN=1019 BC=8 BSIC=N/A RxPwr=-53.38
[D] GSM SURROUND CELL BA: Cell #7: ARFCN=1020 BC=8 BSIC=N/A RxPwr=-70.62
[D] GSM SURROUND CELL BA: Cell #8: ARFCN=1018 BC=8 BSIC=N/A RxPwr=-71.19
[D] GSM SURROUND CELL BA: Cell #9: ARFCN=64 BC=8 BSIC=N/A RxPwr=-72.81
[D] GSM SURROUND CELL BA: Cell #10: ARFCN=1016 BC=8 BSIC=N/A RxPwr=-79.06
[D] GSM SURROUND CELL BA: Cell #11: ARFCN=61 BC=8 BSIC=N/A RxPwr=-83.88
[D] GSM SURROUND CELL BA: Cell #12: ARFCN=62 BC=8 BSIC=N/A RxPwr=-85.31
[D] GSM SURROUND CELL BA: Cell #13: ARFCN=1023 BC=8 BSIC=N/A RxPwr=-87.31
[D] GSM SURROUND CELL BA: Cell #14: ARFCN=59 BC=8 BSIC=N/A RxPwr=-90.12
[D] GSM SURROUND CELL BA: Cell #15: ARFCN=1022 BC=8 BSIC=N/A RxPwr=-90.69
[D] GSM SURROUND CELL BA: Cell #16: ARFCN=1021 BC=8 BSIC=N/A RxPwr=-91.44
[D] GSM SURROUND CELL BA: Cell #17: ARFCN=654 BC=9 BSIC=N/A RxPwr=-91.75
[D] GSM SURROUND CELL BA: Cell #18: ARFCN=60 BC=8 BSIC=N/A RxPwr=-92.81
[D] GSM SURROUND CELL BA: Cell #19: ARFCN=742 BC=9 BSIC=N/A RxPwr=-93.12
[D] GSM SURROUND CELL BA: Cell #20: ARFCN=664 BC=9 BSIC=N/A RxPwr=-94.75
[D] QCP: log code=0x5A75 len=19
[D] QCP: log code=0x5A6C len=109
[D] GSM DSDS BURST METRIC: radio_id_pkt=1
[D] GSM BURST METRIC: sfn=519412l, arfcn_band=37543, rssi=839853l, rxpwr=-692,dcoff_i=7, dcoff_q=7, freq_offset=31, time_offset=0,snr_est=32767, gain_state=3ARFCN=679, BAND=9, rxpwr_real=-43.25
[D] GSM C1/C2: arfcn=679 rxlev=-43 accmin=5 txpwr=0 -> C1=58 C2=88
[D] QCP: log code=0x506A len=165
[D] GSM BURST METRIC: sfn=519412l, arfcn_band=37543, rssi=839853l, rxpwr=-692,dcoff_i=7, dcoff_q=7, freq_offset=31, time_offset=0,snr_est=32767, gain_state=3ARFCN=679, BAND=9, rxpwr_real=-43.25
[D] QCP: log code=0x5B2F len=36
[D] RR: chan=0x00 type=0x16 (other) len=20
[D] QCP: log code=0x7130 len=15
[W] UMTS NAS OTA: payload too short (3)
[D] QCP: log code=0x7131 len=15
[D] UMTS MM state=3 substate=8 update_status=0
[D] QCP: log code=0x5A75 len=19
[D] QCP: log code=0x5A75 len=19
[D] QCP: log code=0x5A75 len=19
[D] QCP: log code=0x5A6C len=109
[D] GSM DSDS BURST METRIC: radio_id_pkt=1
[D] GSM BURST METRIC: sfn=519463l, arfcn_band=37543, rssi=826317l, rxpwr=-693,dcoff_i=-14, dcoff_q=13, freq_offset=10, time_offset=0,snr_est=30526, gain_state=3ARFCN=679, BAND=9, rxpwr_real=-43.31
[D] GSM C1/C2: arfcn=679 rxlev=-43 accmin=5 txpwr=0 -> C1=58 C2=88
[D] QCP: log code=0x506A len=165
[D] GSM BURST METRIC: sfn=519463l, arfcn_band=37543, rssi=826317l, rxpwr=-693,dcoff_i=-14, dcoff_q=13, freq_offset=10, time_offset=0,snr_est=30526, gain_state=3ARFCN=679, BAND=9, rxpwr_real=-43.31
[D] QCP: log code=0x5B2F len=19
[D] RR: chan=0x80 type=0x35 (other) len=3
[D] QCP: log code=0x5B2F len=29
[D] RR: chan=0x00 type=0x32 (other) len=13
[D] QCP: log code=0x7131 len=15
[D] UMTS MM state=3 substate=8 update_status=0
[D] QCP: log code=0x5A6C len=109
[D] GSM DSDS BURST METRIC: radio_id_pkt=1
[D] GSM BURST METRIC: sfn=519479l, arfcn_band=37543, rssi=821257l, rxpwr=-694,dcoff_i=-5, dcoff_q=5, freq_offset=23, time_offset=0,snr_est=32767, gain_state=3ARFCN=679, BAND=9, rxpwr_real=-43.38
[D] GSM C1/C2: arfcn=679 rxlev=-43 accmin=5 txpwr=0 -> C1=58 C2=88
[D] QCP: log code=0x506A len=165
[D] GSM BURST METRIC: sfn=519479l, arfcn_band=37543, rssi=821257l, rxpwr=-694,dcoff_i=-5, dcoff_q=5, freq_offset=23, time_offset=0,snr_est=32767, gain_state=3ARFCN=679, BAND=9, rxpwr_real=-43.38
[D] QCP: log code=0x5A71 len=266
[D] GSM DSDS SURROUND CELL BA: radio_id_pkt=1
[D] GSM SURROUND CELL BA num_cells=21
[D] GSM SURROUND CELL BA: Cell #0: ARFCN=680 BC=9 BSIC=N/A RxPwr=-62.81
[D] GSM SURROUND CELL BA: Cell #1: ARFCN=746 BC=9 BSIC=N/A RxPwr=-80.62
[D] GSM SURROUND CELL BA: Cell #2: ARFCN=737 BC=9 BSIC=N/A RxPwr=-81.19
[D] GSM SURROUND CELL BA: Cell #3: ARFCN=666 BC=9 BSIC=N/A RxPwr=-85.56
[D] GSM SURROUND CELL BA: Cell #4: ARFCN=655 BC=9 BSIC=N/A RxPwr=-85.69
[D] GSM SURROUND CELL BA: Cell #5: ARFCN=656 BC=9 BSIC=N/A RxPwr=-90.25
[D] GSM SURROUND CELL BA: Cell #6: ARFCN=1019 BC=8 BSIC=N/A RxPwr=-53.19
[D] GSM SURROUND CELL BA: Cell #7: ARFCN=1020 BC=8 BSIC=N/A RxPwr=-70.50
[D] GSM SURROUND CELL BA: Cell #8: ARFCN=1018 BC=8 BSIC=N/A RxPwr=-71.31
[D] GSM SURROUND CELL BA: Cell #9: ARFCN=64 BC=8 BSIC=N/A RxPwr=-72.12
[D] GSM SURROUND CELL BA: Cell #10: ARFCN=1016 BC=8 BSIC=N/A RxPwr=-81.75
[D] GSM SURROUND CELL BA: Cell #11: ARFCN=1023 BC=8 BSIC=N/A RxPwr=-82.25
[D] GSM SURROUND CELL BA: Cell #12: ARFCN=61 BC=8 BSIC=N/A RxPwr=-85.12
[D] GSM SURROUND CELL BA: Cell #13: ARFCN=62 BC=8 BSIC=N/A RxPwr=-85.38
[D] GSM SURROUND CELL BA: Cell #14: ARFCN=59 BC=8 BSIC=N/A RxPwr=-89.19
[D] GSM SURROUND CELL BA: Cell #15: ARFCN=1022 BC=8 BSIC=N/A RxPwr=-89.62
[D] GSM SURROUND CELL BA: Cell #16: ARFCN=1021 BC=8 BSIC=N/A RxPwr=-90.81
[D] GSM SURROUND CELL BA: Cell #17: ARFCN=742 BC=9 BSIC=N/A RxPwr=-92.31
[D] GSM SURROUND CELL BA: Cell #18: ARFCN=60 BC=8 BSIC=N/A RxPwr=-92.50
[D] GSM SURROUND CELL BA: Cell #19: ARFCN=654 BC=9 BSIC=N/A RxPwr=-92.69
[D] GSM SURROUND CELL BA: Cell #20: ARFCN=664 BC=9 BSIC=N/A RxPwr=-93.19
[D] QCP: log code=0x5B2F len=34
[D] RR: chan=0x04 type=0x15 (other) len=18
[D] QCP: log code=0x5A6C len=109
[D] GSM DSDS BURST METRIC: radio_id_pkt=1
[D] GSM BURST METRIC: sfn=519514l, arfcn_band=37543, rssi=839969l, rxpwr=-692,dcoff_i=-8, dcoff_q=15, freq_offset=0, time_offset=0,snr_est=32767, gain_state=3ARFCN=679, BAND=9, rxpwr_real=-43.25
[D] GSM C1/C2: arfcn=679 rxlev=-43 accmin=5 txpwr=0 -> C1=58 C2=88
[D] QCP: log code=0x506A len=165
[D] GSM BURST METRIC: sfn=519514l, arfcn_band=37543, rssi=839969l, rxpwr=-692,dcoff_i=-8, dcoff_q=15, freq_offset=0, time_offset=0,snr_est=32767, gain_state=3ARFCN=679, BAND=9, rxpwr_real=-43.25
[D] QCP: log code=0x5A75 len=19
[D] QCP: log code=0x5A75 len=19
[D] QCP: log code=0x5A75 len=19
[D] QCP: log code=0x5A6C len=109
[D] GSM DSDS BURST METRIC: radio_id_pkt=1
[D] GSM BURST METRIC: sfn=519565l, arfcn_band=37543, rssi=857504l, rxpwr=-690,dcoff_i=0, dcoff_q=-25, freq_offset=4, time_offset=0,snr_est=26557, gain_state=3ARFCN=679, BAND=9, rxpwr_real=-43.12
[D] GSM C1/C2: arfcn=679 rxlev=-43 accmin=5 txpwr=0 -> C1=58 C2=88
[D] QCP: log code=0x506A len=165
[D] GSM BURST METRIC: sfn=519565l, arfcn_band=37543, rssi=857504l, rxpwr=-690,dcoff_i=0, dcoff_q=-25, freq_offset=4, time_offset=0,snr_est=26557, gain_state=3ARFCN=679, BAND=9, rxpwr_real=-43.12
[D] QCP: log code=0x5A6C len=109
[D] GSM DSDS BURST METRIC: radio_id_pkt=1
[D] GSM BURST METRIC: sfn=519581l, arfcn_band=37543, rssi=432057l, rxpwr=-738,dcoff_i=-19, dcoff_q=-5, freq_offset=0, time_offset=0,snr_est=214, gain_state=3ARFCN=679, BAND=9, rxpwr_real=-46.12
[D] GSM C1/C2: arfcn=679 rxlev=-46 accmin=5 txpwr=0 -> C1=58 C2=88
[D] QCP: log code=0x506A len=165
[D] GSM BURST METRIC: sfn=519581l, arfcn_band=37543, rssi=432057l, rxpwr=-738,dcoff_i=-19, dcoff_q=-5, freq_offset=0, time_offset=0,snr_est=214, gain_state=3ARFCN=679, BAND=9, rxpwr_real=-46.12
[D] QCP: log code=0x5A71 len=266
[D] GSM DSDS SURROUND CELL BA: radio_id_pkt=1
[D] GSM SURROUND CELL BA num_cells=21
[D] GSM SURROUND CELL BA: Cell #0: ARFCN=680 BC=9 BSIC=N/A RxPwr=-62.88
[D] GSM SURROUND CELL BA: Cell #1: ARFCN=666 BC=9 BSIC=N/A RxPwr=-80.19
[D] GSM SURROUND CELL BA: Cell #2: ARFCN=746 BC=9 BSIC=N/A RxPwr=-80.88
[D] GSM SURROUND CELL BA: Cell #3: ARFCN=737 BC=9 BSIC=N/A RxPwr=-82.19
[D] GSM SURROUND CELL BA: Cell #4: ARFCN=655 BC=9 BSIC=N/A RxPwr=-85.56
[D] GSM SURROUND CELL BA: Cell #5: ARFCN=656 BC=9 BSIC=N/A RxPwr=-89.31
[D] GSM SURROUND CELL BA: Cell #6: ARFCN=1019 BC=8 BSIC=N/A RxPwr=-52.94
[D] GSM SURROUND CELL BA: Cell #7: ARFCN=1020 BC=8 BSIC=N/A RxPwr=-70.25
[D] GSM SURROUND CELL BA: Cell #8: ARFCN=1018 BC=8 BSIC=N/A RxPwr=-71.38
[D] GSM SURROUND CELL BA: Cell #9: ARFCN=64 BC=8 BSIC=N/A RxPwr=-71.44
[D] GSM SURROUND CELL BA: Cell #10: ARFCN=1016 BC=8 BSIC=N/A RxPwr=-79.25
[D] GSM SURROUND CELL BA: Cell #11: ARFCN=1023 BC=8 BSIC=N/A RxPwr=-83.19
[D] GSM SURROUND CELL BA: Cell #12: ARFCN=62 BC=8 BSIC=N/A RxPwr=-85.06
[D] GSM SURROUND CELL BA: Cell #13: ARFCN=59 BC=8 BSIC=N/A RxPwr=-85.31
[D] GSM SURROUND CELL BA: Cell #14: ARFCN=61 BC=8 BSIC=N/A RxPwr=-86.31
[D] GSM SURROUND CELL BA: Cell #15: ARFCN=742 BC=9 BSIC=N/A RxPwr=-89.44
[D] GSM SURROUND CELL BA: Cell #16: ARFCN=60 BC=8 BSIC=N/A RxPwr=-91.94
[D] GSM SURROUND CELL BA: Cell #17: ARFCN=1022 BC=8 BSIC=N/A RxPwr=-92.12
[D] GSM SURROUND CELL BA: Cell #18: ARFCN=1021 BC=8 BSIC=N/A RxPwr=-92.56
[D] GSM SURROUND CELL BA: Cell #19: ARFCN=654 BC=9 BSIC=N/A RxPwr=-94.00
[D] GSM SURROUND CELL BA: Cell #20: ARFCN=664 BC=9 BSIC=N/A RxPwr=-94.38
[D] QCP: log code=0x5B2F len=34
[D] RR: chan=0x04 type=0x15 (other) len=18
[D] QCP: log code=0x5A6C len=109
[D] GSM DSDS BURST METRIC: radio_id_pkt=1
[D] GSM BURST METRIC: sfn=519616l, arfcn_band=37543, rssi=16242597l, rxpwr=-688,dcoff_i=-25, dcoff_q=-97, freq_offset=7, time_offset=0,snr_est=26731, gain_state=2ARFCN=679, BAND=9, rxpwr_real=-43.00
[D] GSM C1/C2: arfcn=679 rxlev=-43 accmin=5 txpwr=0 -> C1=58 C2=88
[D] QCP: log code=0x506A len=165
[D] GSM BURST METRIC: sfn=519616l, arfcn_band=37543, rssi=16242597l, rxpwr=-688,dcoff_i=-25, dcoff_q=-97, freq_offset=7, time_offset=0,snr_est=26731, gain_state=2ARFCN=679, BAND=9, rxpwr_real=-43.00
[D] QCP: log code=0x713A len=50
[W] UMTS NAS OTA: truncated (need 83886119 have 38)
[D] QCP: log code=0x5A75 len=19
[D] QCP: log code=0x5A75 len=19
[D] QCP: log code=0x5A75 len=19
[D] QCP: log code=0x5A75 len=19
[D] QCP: log code=0x5A6C len=109
[D] GSM DSDS BURST METRIC: radio_id_pkt=1
[D] GSM BURST METRIC: sfn=519667l, arfcn_band=37543, rssi=846321l, rxpwr=-691,dcoff_i=-26, dcoff_q=-23, freq_offset=-28, time_offset=0,snr_est=14923, gain_state=3ARFCN=679, BAND=9, rxpwr_real=-43.19
[D] GSM C1/C2: arfcn=679 rxlev=-43 accmin=5 txpwr=0 -> C1=58 C2=88
[D] QCP: log code=0x506A len=165
[D] GSM BURST METRIC: sfn=519667l, arfcn_band=37543, rssi=846321l, rxpwr=-691,dcoff_i=-26, dcoff_q=-23, freq_offset=-28, time_offset=0,snr_est=14923, gain_state=3ARFCN=679, BAND=9, rxpwr_real=-43.19
[D] QCP: log code=0x713A len=24
[W] UMTS NAS OTA: truncated (need 83886093 have 12)
[D] QCP: log code=0x7131 len=15
[D] UMTS MM state=3 substate=8 update_status=0
[D] QCP: log code=0x7131 len=15
[D] UMTS MM state=3 substate=8 update_status=0
[D] QCP: log code=0x7131 len=15
[D] UMTS MM state=9 substate=8 update_status=0
[D] QCP: log code=0x5A6C len=109
[D] GSM DSDS BURST METRIC: radio_id_pkt=1
[D] GSM BURST METRIC: sfn=519683l, arfcn_band=37543, rssi=432241l, rxpwr=-738,dcoff_i=13, dcoff_q=12, freq_offset=0, time_offset=0,snr_est=210, gain_state=3ARFCN=679, BAND=9, rxpwr_real=-46.12
[D] GSM C1/C2: arfcn=679 rxlev=-46 accmin=5 txpwr=0 -> C1=58 C2=88
[D] QCP: log code=0x506A len=165
[D] GSM BURST METRIC: sfn=519683l, arfcn_band=37543, rssi=432241l, rxpwr=-738,dcoff_i=13, dcoff_q=12, freq_offset=0, time_offset=0,snr_est=210, gain_state=3ARFCN=679, BAND=9, rxpwr_real=-46.12
[D] QCP: log code=0x5A71 len=266
[D] GSM DSDS SURROUND CELL BA: radio_id_pkt=1
[D] GSM SURROUND CELL BA num_cells=21
[D] GSM SURROUND CELL BA: Cell #0: ARFCN=680 BC=9 BSIC=N/A RxPwr=-62.38
[D] GSM SURROUND CELL BA: Cell #1: ARFCN=746 BC=9 BSIC=N/A RxPwr=-80.75
[D] GSM SURROUND CELL BA: Cell #2: ARFCN=666 BC=9 BSIC=N/A RxPwr=-82.25
[D] GSM SURROUND CELL BA: Cell #3: ARFCN=737 BC=9 BSIC=N/A RxPwr=-83.25
[D] GSM SURROUND CELL BA: Cell #4: ARFCN=655 BC=9 BSIC=N/A RxPwr=-85.81
[D] GSM SURROUND CELL BA: Cell #5: ARFCN=656 BC=9 BSIC=N/A RxPwr=-88.44
[D] GSM SURROUND CELL BA: Cell #6: ARFCN=1019 BC=8 BSIC=N/A RxPwr=-52.94
[D] GSM SURROUND CELL BA: Cell #7: ARFCN=1020 BC=8 BSIC=N/A RxPwr=-70.25
[D] GSM SURROUND CELL BA: Cell #8: ARFCN=1018 BC=8 BSIC=N/A RxPwr=-71.38
[D] GSM SURROUND CELL BA: Cell #9: ARFCN=64 BC=8 BSIC=N/A RxPwr=-71.56
[D] GSM SURROUND CELL BA: Cell #10: ARFCN=1016 BC=8 BSIC=N/A RxPwr=-81.00
[D] GSM SURROUND CELL BA: Cell #11: ARFCN=1023 BC=8 BSIC=N/A RxPwr=-81.56
[D] GSM SURROUND CELL BA: Cell #12: ARFCN=62 BC=8 BSIC=N/A RxPwr=-84.94
[D] GSM SURROUND CELL BA: Cell #13: ARFCN=59 BC=8 BSIC=N/A RxPwr=-85.94
[D] GSM SURROUND CELL BA: Cell #14: ARFCN=61 BC=8 BSIC=N/A RxPwr=-85.94
[D] GSM SURROUND CELL BA: Cell #15: ARFCN=742 BC=9 BSIC=N/A RxPwr=-90.56
[D] GSM SURROUND CELL BA: Cell #16: ARFCN=1022 BC=8 BSIC=N/A RxPwr=-91.75
[D] GSM SURROUND CELL BA: Cell #17: ARFCN=60 BC=8 BSIC=N/A RxPwr=-92.06
[D] GSM SURROUND CELL BA: Cell #18: ARFCN=1021 BC=8 BSIC=N/A RxPwr=-92.38
[D] GSM SURROUND CELL BA: Cell #19: ARFCN=654 BC=9 BSIC=N/A RxPwr=-94.00
[D] GSM SURROUND CELL BA: Cell #20: ARFCN=664 BC=9 BSIC=N/A RxPwr=-94.50
[D] QCP: log code=0x5B2F len=34
[D] RR: chan=0x04 type=0x15 (other) len=18
[D] QCP: log code=0x5A6C len=109
[D] GSM DSDS BURST METRIC: radio_id_pkt=1
[D] GSM BURST METRIC: sfn=519718l, arfcn_band=37543, rssi=16047716l, rxpwr=-689,dcoff_i=-2, dcoff_q=130, freq_offset=18, time_offset=0,snr_est=21112, gain_state=2ARFCN=679, BAND=9, rxpwr_real=-43.06
[D] GSM C1/C2: arfcn=679 rxlev=-43 accmin=5 txpwr=0 -> C1=58 C2=88
[D] QCP: log code=0x506A len=165
[D] GSM BURST METRIC: sfn=519718l, arfcn_band=37543, rssi=16047716l, rxpwr=-689,dcoff_i=-2, dcoff_q=130, freq_offset=18, time_offset=0,snr_est=21112, gain_state=2ARFCN=679, BAND=9, rxpwr_real=-43.06
[D] QCP: log code=0x5B2F len=19
[D] RR: chan=0x80 type=0x0D (other) len=3
[D] QCP: log code=0x5A75 len=19
[D] QCP: log code=0x5A75 len=19
[D] QCP: log code=0x5A75 len=19
[D] QCP: log code=0x5A75 len=19
[D] QCP: log code=0x5A6C len=109
[D] GSM DSDS BURST METRIC: radio_id_pkt=1
[D] GSM BURST METRIC: sfn=519769l, arfcn_band=37543, rssi=883964l, rxpwr=-688,dcoff_i=-18, dcoff_q=-12, freq_offset=-6, time_offset=0,snr_est=30258, gain_state=3ARFCN=679, BAND=9, rxpwr_real=-43.00
[D] GSM C1/C2: arfcn=679 rxlev=-43 accmin=5 txpwr=0 -> C1=58 C2=88
[D] QCP: log code=0x506A len=165
[D] GSM BURST METRIC: sfn=519769l, arfcn_band=37543, rssi=883964l, rxpwr=-688,dcoff_i=-18, dcoff_q=-12, freq_offset=-6, time_offset=0,snr_est=30258, gain_state=3ARFCN=679, BAND=9, rxpwr_real=-43.00
[D] QCP: log code=0x7131 len=15
[D] UMTS MM state=19 substate=8 update_status=0
[D] QCP: log code=0x5B34 len=26
[D] GSM DSDS CELL INFO: radio_id_pkt=1
[D] GSM CELL INFO: ARFCN=679 BC=9 BCC=5 NCC=6 MCC=250 MNC=1 LAC=234 CID=24636 priority=0 ncc_permitted=255
[D] GSM C1/C2: arfcn=679 rxlev=-43 accmin=5 txpwr=0 -> C1=58 C2=88
[D] QCP: log code=0x7130 len=15
[W] UMTS NAS OTA: payload too short (3)
[D] QCP: log code=0x7130 len=15
[W] UMTS NAS OTA: payload too short (3)
[D] QCP: log code=0x713A len=76
[W] UMTS NAS OTA: truncated (need 134217793 have 64)
[D] QCP: log code=0x5230 len=325
[D] GPRS OTA: dir=0 type=0x01 len=59
[D] GPRS-L3 [59 bytes]: 08 01 04 65 A0 24 00 01 0A 00 05 F4 EC BA FA 99 52 F0 10 00 EA 01 20 1B B3 63 2B 25 9E F9 09 1E 70 00 00 01 BB E8 C6 42 47 9C 00 00 00 66 F8 B1 90 91 E7 00 00 00 10 17 05 E0 C1 
[D] QCP: log code=0x5A6C len=109
[D] GSM DSDS BURST METRIC: radio_id_pkt=1
[D] GSM BURST METRIC: sfn=519787l, arfcn_band=37543, rssi=16906963l, rxpwr=-686,dcoff_i=52, dcoff_q=-37, freq_offset=-22, time_offset=0,snr_est=32767, gain_state=2ARFCN=679, BAND=9, rxpwr_real=-42.88
[D] GSM C1/C2: arfcn=679 rxlev=-42 accmin=5 txpwr=0 -> C1=58 C2=88
[D] QCP: log code=0x506A len=165
[D] GSM BURST METRIC: sfn=519787l, arfcn_band=37543, rssi=16906963l, rxpwr=-686,dcoff_i=52, dcoff_q=-37, freq_offset=-22, time_offset=0,snr_est=32767, gain_state=2ARFCN=679, BAND=9, rxpwr_real=-42.88
[D] QCP: log code=0x5B2F len=39
[D] RR: chan=0x83 type=0x3F (other) len=23
[D] QCP: log code=0x5A6C len=109
[D] GSM DSDS BURST METRIC: radio_id_pkt=1
[D] GSM BURST METRIC: sfn=519794l, arfcn_band=37543, rssi=887980l, rxpwr=-688,dcoff_i=-19, dcoff_q=26, freq_offset=-10, time_offset=0,snr_est=16469, gain_state=3ARFCN=679, BAND=9, rxpwr_real=-43.00
[D] GSM C1/C2: arfcn=679 rxlev=-43 accmin=5 txpwr=0 -> C1=58 C2=88
[D] QCP: log code=0x506A len=165
[D] GSM BURST METRIC: sfn=519794l, arfcn_band=37543, rssi=887980l, rxpwr=-688,dcoff_i=-19, dcoff_q=26, freq_offset=-10, time_offset=0,snr_est=16469, gain_state=3ARFCN=679, BAND=9, rxpwr_real=-43.00
[D] QCP: log code=0x5B2F len=39
[D] RR: chan=0x81 type=0x19 (SI-1) len=23
[D] RR-L3 [23 bytes]: 55 06 19 8F 46 00 05 00 10 00 00 00 00 00 00 00 10 00 00 78 00 00 2B 
[D] QCP: log code=0x5A6C len=109
[D] GSM DSDS BURST METRIC: radio_id_pkt=1
[D] GSM BURST METRIC: sfn=519798l, arfcn_band=37543, rssi=883354l, rxpwr=-688,dcoff_i=-6, dcoff_q=-13, freq_offset=-3, time_offset=0,snr_est=32767, gain_state=3ARFCN=679, BAND=9, rxpwr_real=-43.00
[D] GSM C1/C2: arfcn=679 rxlev=-43 accmin=5 txpwr=0 -> C1=58 C2=88
[D] QCP: log code=0x506A len=165
[D] GSM BURST METRIC: sfn=519798l, arfcn_band=37543, rssi=883354l, rxpwr=-688,dcoff_i=-6, dcoff_q=-13, freq_offset=-3, time_offset=0,snr_est=32767, gain_state=3ARFCN=679, BAND=9, rxpwr_real=-43.00
[D] QCP: log code=0x5B2F len=39
[D] RR: chan=0x83 type=0x3F (other) len=23
[D] QCP: log code=0x5A75 len=19
[D] QCP: log code=0x5A71 len=86
[D] GSM DSDS SURROUND CELL BA: radio_id_pkt=1
[D] GSM SURROUND CELL BA num_cells=6
[D] GSM SURROUND CELL BA: Cell #0: ARFCN=1019 BC=8 BSIC=11 RxPwr=-52.94
[D] GSM SURROUND CELL BA: Cell #1: ARFCN=680 BC=9 BSIC=N/A RxPwr=-62.38
[D] GSM SURROUND CELL BA: Cell #2: ARFCN=1020 BC=8 BSIC=N/A RxPwr=-70.25
[D] GSM SURROUND CELL BA: Cell #3: ARFCN=1018 BC=8 BSIC=N/A RxPwr=-71.31
[D] GSM SURROUND CELL BA: Cell #4: ARFCN=64 BC=8 BSIC=N/A RxPwr=-71.56
[D] GSM SURROUND CELL BA: Cell #5: ARFCN=746 BC=9 BSIC=N/A RxPwr=-80.75
[D] QCP: log code=0x5A71 len=86
[D] GSM DSDS SURROUND CELL BA: radio_id_pkt=1
[D] GSM SURROUND CELL BA num_cells=6
[D] GSM SURROUND CELL BA: Cell #0: ARFCN=1019 BC=8 BSIC=11 RxPwr=-52.94
[D] GSM SURROUND CELL BA: Cell #1: ARFCN=680 BC=9 BSIC=N/A RxPwr=-62.38
[D] GSM SURROUND CELL BA: Cell #2: ARFCN=1020 BC=8 BSIC=N/A RxPwr=-70.19
[D] GSM SURROUND CELL BA: Cell #3: ARFCN=1018 BC=8 BSIC=N/A RxPwr=-71.31
[D] GSM SURROUND CELL BA: Cell #4: ARFCN=64 BC=8 BSIC=N/A RxPwr=-71.56
[D] GSM SURROUND CELL BA: Cell #5: ARFCN=746 BC=9 BSIC=N/A RxPwr=-80.75
[D] QCP: log code=0x5A71 len=134
[D] GSM DSDS SURROUND CELL BA: radio_id_pkt=1
[D] GSM SURROUND CELL BA num_cells=10
[D] GSM SURROUND CELL BA: Cell #0: ARFCN=1019 BC=8 BSIC=11 RxPwr=-52.94
[D] GSM SURROUND CELL BA: Cell #1: ARFCN=680 BC=9 BSIC=N/A RxPwr=-62.31
[D] GSM SURROUND CELL BA: Cell #2: ARFCN=1020 BC=8 BSIC=N/A RxPwr=-70.19
[D] GSM SURROUND CELL BA: Cell #3: ARFCN=1018 BC=8 BSIC=N/A RxPwr=-71.31
[D] GSM SURROUND CELL BA: Cell #4: ARFCN=64 BC=8 BSIC=N/A RxPwr=-71.56
[D] GSM SURROUND CELL BA: Cell #5: ARFCN=746 BC=9 BSIC=N/A RxPwr=-80.69
[D] GSM SURROUND CELL BA: Cell #6: ARFCN=1016 BC=8 BSIC=N/A RxPwr=-81.25
[D] GSM SURROUND CELL BA: Cell #7: ARFCN=1023 BC=8 BSIC=N/A RxPwr=-81.75
[D] GSM SURROUND CELL BA: Cell #8: ARFCN=666 BC=9 BSIC=N/A RxPwr=-82.31
[D] GSM SURROUND CELL BA: Cell #9: ARFCN=737 BC=9 BSIC=N/A RxPwr=-83.12
[D] QCP: log code=0x5B2F len=39
[D] RR: chan=0x81 type=0x07 (other) len=23
[D] QCP: log code=0x5B2F len=39
[D] RR: chan=0x81 type=0x07 (other) len=23
[D] QCP: log code=0x7131 len=15
[D] UMTS MM state=19 substate=7 update_status=0
[D] QCP: log code=0x7130 len=15
[W] UMTS NAS OTA: payload too short (3)
[D] QCP: log code=0x7130 len=15
[W] UMTS NAS OTA: payload too short (3)
[D] QCP: log code=0x7130 len=15
[W] UMTS NAS OTA: payload too short (3)
[D] QCP: log code=0x7131 len=15
[D] UMTS MM state=19 substate=7 update_status=0
[D] QCP: log code=0x7130 len=15
[W] UMTS NAS OTA: payload too short (3)
[D] QCP: log code=0x5A75 len=19
[D] QCP: log code=0x5A75 len=19
[D] QCP: log code=0x5A75 len=19
[D] QCP: log code=0x5A75 len=19
[D] QCP: log code=0x5A75 len=19
[D] QCP: log code=0x5A75 len=19
[D] QCP: log code=0x5A75 len=19
[D] QCP: log code=0x5B2F len=39
[D] RR: chan=0x81 type=0x1C (SI-4) len=23
[D] RR-L3 [23 bytes]: 31 06 1C 52 F0 10 00 EA 60 45 78 00 00 8F 00 B2 2B 2B 2B 2B 2B 2B 2B 
[D] GSM C1/C2: arfcn=679 rxlev=-43 accmin=5 txpwr=0 -> C1=58 C2=88
[D] QCP: log code=0x5A75 len=19
[D] QCP: log code=0x5A75 len=19
[D] QCP: log code=0x5A75 len=19
[D] QCP: log code=0x5A75 len=19
[D] QCP: log code=0x5A75 len=19
[D] QCP: log code=0x5A75 len=19
[D] QCP: log code=0x5B2F len=39
[D] RR: chan=0x81 type=0x1B (SI-3) len=23
[D] RR-L3 [23 bytes]: 49 06 1B 33 C7 52 F0 20 1E A0 C8 00 28 58 60 54 B8 00 00 8F 00 B0 77 
[D] GSM C1/C2: arfcn=679 rxlev=-43 accmin=20 txpwr=0 -> C1=43 C2=73
[D] GSM SI-3: CID=13255 LAC=7840 MCC=250 MNC=2
[D] QCP: log code=0x5A75 len=19
[D] QCP: log code=0x5A75 len=19
[D] QCP: log code=0x5A75 len=19
[D] QCP: log code=0x5A75 len=19
[D] QCP: log code=0x5A75 len=19
[D] QCP: log code=0x5A75 len=19
[D] QCP: log code=0x5B2F len=39
[D] RR: chan=0x81 type=0x1B (SI-3) len=23
[D] RR-L3 [23 bytes]: 49 06 1B 12 73 52 F0 02 4E 3D D0 04 C8 17 60 40 BD 00 00 80 00 04 1B 
[D] GSM C1/C2: arfcn=679 rxlev=-43 accmin=0 txpwr=0 -> C1=63 C2=63
[D] GSM SI-3: CID=4723 LAC=20029 MCC=250 MNC=20
[D] QCP: log code=0x5B2F len=39
[D] RR: chan=0x81 type=0x1B (SI-3) len=23
[D] RR-L3 [23 bytes]: 49 06 1B 03 2D 52 F0 02 4D 07 D0 04 C8 17 60 40 BD 00 00 80 00 05 1B 
[D] GSM C1/C2: arfcn=679 rxlev=-43 accmin=0 txpwr=0 -> C1=63 C2=63
[D] GSM SI-3: CID=813 LAC=19719 MCC=250 MNC=20
[D] QCP: log code=0x5A75 len=19
[D] QCP: log code=0x5A75 len=19
[D] QCP: log code=0x5A75 len=19
[D] QCP: log code=0x5A75 len=19
[D] QCP: log code=0x5A75 len=19
[D] QCP: log code=0x5A75 len=19
[D] QCP: log code=0x5B2F len=39
[D] RR: chan=0x81 type=0x1C (SI-4) len=23
[D] RR-L3 [23 bytes]: 31 06 1C 52 F0 20 1E A0 60 59 B8 00 00 8F 00 B3 2B 2B 2B 2B 2B 2B 2B 
[D] GSM C1/C2: arfcn=679 rxlev=-43 accmin=25 txpwr=0 -> C1=38 C2=38
[D] QCP: log code=0x5A75 len=19
[D] QCP: log code=0x5A75 len=19
[D] QCP: log code=0x5A75 len=19
[D] QCP: log code=0x5A75 len=19
[D] QCP: log code=0x5A75 len=19
[D] QCP: log code=0x5A75 len=19
[D] QCP: log code=0x5A75 len=19
[D] QCP: log code=0x5A75 len=19
[D] QCP: log code=0x5A75 len=19
[D] QCP: log code=0x5A75 len=19
[D] QCP: log code=0x5A75 len=19
[D] QCP: log code=0x5A75 len=19
[D] QCP: log code=0x5A75 len=19
[D] QCP: log code=0x5A75 len=19
[D] QCP: log code=0x5A75 len=19
[D] QCP: log code=0x5A75 len=19
[D] QCP: log code=0x5B2F len=39
[D] RR: chan=0x81 type=0x1B (SI-3) len=23
[D] RR-L3 [23 bytes]: 49 06 1B 42 E6 52 F0 20 1E A0 C8 00 28 58 60 54 B8 00 00 8F 00 B0 77 
[D] GSM C1/C2: arfcn=679 rxlev=-43 accmin=20 txpwr=0 -> C1=43 C2=73
[D] GSM SI-3: CID=17126 LAC=7840 MCC=250 MNC=2
[D] QCP: log code=0x5A75 len=19
[D] QCP: log code=0x5A75 len=19
[D] QCP: log code=0x5A75 len=19
[D] QCP: log code=0x5A75 len=19
[D] QCP: log code=0x5B2F len=39
[D] RR: chan=0x81 type=0x1B (SI-3) len=23
[D] RR-L3 [23 bytes]: 49 06 1B 12 72 52 F0 02 4E 3D D0 04 C8 17 60 40 BD 00 00 80 00 04 1B 
[D] GSM C1/C2: arfcn=679 rxlev=-43 accmin=0 txpwr=0 -> C1=63 C2=63
[D] GSM SI-3: CID=4722 LAC=20029 MCC=250 MNC=20
[D] QCP: log code=0x5B2F len=39
[D] RR: chan=0x81 type=0x1B (SI-3) len=23
[D] RR-L3 [23 bytes]: 49 06 1B 03 2C 52 F0 02 4D 07 D0 04 C8 17 60 40 BD 00 00 80 00 05 1B 
[D] GSM C1/C2: arfcn=679 rxlev=-43 accmin=0 txpwr=0 -> C1=63 C2=63
[D] GSM SI-3: CID=812 LAC=19719 MCC=250 MNC=20
[D] QCP: log code=0x5B2F len=39
[D] RR: chan=0x81 type=0x1B (SI-3) len=23
[D] RR-L3 [23 bytes]: 49 06 1B 31 C5 52 F0 02 4C F7 D0 04 C8 17 60 40 BD 00 00 80 00 01 1B 
[D] GSM C1/C2: arfcn=679 rxlev=-43 accmin=0 txpwr=0 -> C1=63 C2=63
[D] GSM SI-3: CID=12741 LAC=19703 MCC=250 MNC=20
[D] QCP: log code=0x5A75 len=19
[D] QCP: log code=0x5A75 len=19
[D] QCP: log code=0x5A75 len=19
[D] QCP: log code=0x5A75 len=19
[D] QCP: log code=0x5A75 len=19
[D] QCP: log code=0x5A75 len=19
[D] QCP: log code=0x5A75 len=19
[D] QCP: log code=0x5A75 len=19
[D] QCP: log code=0x5A75 len=19
[D] QCP: log code=0x5A75 len=19
[D] QCP: log code=0x5A75 len=19
[D] QCP: log code=0x5A75 len=19
[D] QCP: log code=0x5A75 len=19
[D] QCP: log code=0x5A75 len=19
[D] QCP: log code=0x5A75 len=19
[D] QCP: log code=0x5A75 len=19
[D] QCP: log code=0x5A75 len=19
[D] QCP: log code=0x5A75 len=19
[D] QCP: log code=0x5B2F len=39
[D] RR: chan=0x81 type=0x1C (SI-4) len=23
[D] RR-L3 [23 bytes]: 41 06 1C 52 F0 02 4C F7 60 40 BD 00 00 64 52 A3 59 80 00 4B 2B 2B 2B 
[D] GSM C1/C2: arfcn=679 rxlev=-43 accmin=0 txpwr=0 -> C1=63 C2=63
[D] QCP: log code=0x5B2F len=39
[D] RR: chan=0x81 type=0x1B (SI-3) len=23
[D] RR-L3 [23 bytes]: 49 06 1B 12 71 52 F0 02 4E 3D D0 04 C8 17 60 40 BD 00 00 80 00 04 1B 
[D] GSM C1/C2: arfcn=679 rxlev=-43 accmin=0 txpwr=0 -> C1=63 C2=63
[D] GSM SI-3: CID=4721 LAC=20029 MCC=250 MNC=20
[D] QCP: log code=0x5A75 len=19
[D] QCP: log code=0x5A75 len=19
[D] QCP: log code=0x5A75 len=19
[D] QCP: log code=0x5A75 len=19
[D] QCP: log code=0x5A75 len=19
[D] QCP: log code=0x5A75 len=19
[D] QCP: log code=0x5B2F len=39
[D] RR: chan=0x81 type=0x1B (SI-3) len=23
[D] RR-L3 [23 bytes]: 49 06 1B 60 3B 52 F0 10 00 EA C8 00 28 53 60 45 78 00 00 8F 00 B0 43 
[D] GSM C1/C2: arfcn=679 rxlev=-43 accmin=5 txpwr=0 -> C1=58 C2=88
[D] GSM SI-3: CID=24635 LAC=234 MCC=250 MNC=1
[D] QCP: log code=0x5A75 len=19
[D] QCP: log code=0x5A75 len=19
[D] QCP: log code=0x5A75 len=19
[D] QCP: log code=0x5A75 len=19
[D] QCP: log code=0x5A75 len=19
[D] QCP: log code=0x5A75 len=19
[D] QCP: log code=0x5A75 len=19
[D] QCP: log code=0x5A75 len=19
[D] QCP: log code=0x5A75 len=19
[D] QCP: log code=0x5A75 len=19
[D] QCP: log code=0x5A75 len=19
[D] QCP: log code=0x5A75 len=19
[I] DiagDciClient: stopping (client_id=1)...
[D] DiagDciClient: log mask disabled
[D] DiagDciClient: event mask disabled
[D] DiagDciClient: released client_id=0
[D] DiagDciClient: Diag_LSM_DeInit() done
[I] libdiag: unloaded
[I] DiagDciClient: stopped. Stats: logs=2957 events=2 parsed=2305 errors=652
[I] DAEMON: PAUSE (DCI released)
[I] DiagDciClient: starting...
[D] libdiag: resolved Diag_LSM_Init @ 0x72c68abd38
[D] libdiag: resolved Diag_LSM_DeInit @ 0x72c68abf38
[D] libdiag: resolved diag_register_dci_client @ 0x72c68abd68
[D] libdiag: resolved diag_release_dci_client @ 0x72c68abdc4
[D] libdiag: using Variant B (register_dci_client)
[D] libdiag: resolved diag_register_dci_stream_proc @ 0x72c68abd78
[D] libdiag: resolved diag_log_stream_config @ 0x72c68abd98
[D] libdiag: resolved diag_event_stream_config @ 0x72c68abda0
[D] libdiag: resolved diag_get_dci_support_list_proc @ 0x72c68abd90
[D] libdiag: resolved diag_send_dci_async_req @ 0x72c68abd80
[D] libdiag: resolved diag_get_health_stats_proc @ 0x72c68abdb0
[I] libdiag: loaded from libdiag.so (variant B (register_dci_client))
[I] DiagDciClient: libdiag loaded from libdiag.so
[D] DiagDciClient: Diag_LSM_Init() OK
[I] DiagDciClient: allocated client_id=1 (variant B)
[D] DiagDciClient: DCI stream callbacks registered
[I] DiagDciClient: log mask enabled (43 codes)
[I] DiagDciClient: mask contains B0C0=1 B0C1=1 B0C2=1 B0EC=1
[I] DiagDciClient: event mask enabled (23 ids)
[I] DiagDciClient: running (client_id=1, log_codes=43, event_ids=23)
[I] DAEMON: RESUME (DCI re-acquired)
[D] QCP: log code=0xB197 len=48
[I] ML1 0xB197 ServInfo: EARFCN=3048 PCI=2 (v2)
[D] QCP: log code=0xB197 len=48
[I] ML1 0xB197 ServInfo: EARFCN=3048 PCI=3 (v2)
[D] QCP: log code=0xB197 len=48
[I] ML1 0xB197 ServInfo: EARFCN=3750 PCI=134 (v2)
[D] QCP: log code=0xB0C1 len=23
[D] LTE 0xB0C1 MIB: ver=2 plen=11
[D] 0xB0C1 [11 bytes]: 02 3C 01 A6 0E 00 00 1B 00 02 32 
[D] LTE MIB v2: bandwidth=50 tx_antenna=2 sfn=27 earfcn=3750 pci=316
[D] QCP: log code=0xB0C0 len=59
[D] LTE 0xB0C0 RRC OTA: ver=27 plen=47
[D] 0xB0C0 [47 bytes]: 1B 10 10 10 90 00 3C 01 A6 0E 00 00 C5 01 03 02 00 00 00 1A 00 48 C9 40 05 92 80 46 3D 29 7D 1D FF 70 50 E4 20 21 02 08 98 46 C2 46 A5 20 00 
[D] v25 item: rrc=16.16 nr_rrc=16.144 rbid=0 pci=316 earfcn=3750 sfn_subfn=453 pdu_num=3 sib_mask=2 len=26
[I] [SIB1] EARFCN=3750 PCI=316 MCC=250 MNC=2 CID=199815163 TAC=7828 barred=0 csg=0
[I] [SIB1] EARFCN=3750 PCI=316 MCC=250 MNC=11 CID=199815163 TAC=7828 barred=0 csg=0
[D] QCP: log code=0xB17F len=52
[I] ML1 0xB17F PCI 30 → 134 (corrected from 0xB197)
[I] ML1 0xB17F SCell: EARFCN=3750 PCI=134 RSRP=-84 RSRQ=-26(raw,dropped) RSSI=-82 (v5)
[D] QCP: log code=0xB197 len=48
[I] ML1 0xB197 ServInfo: EARFCN=3750 PCI=134 (v2)
[D] QCP: log code=0xB0C1 len=23
[D] LTE 0xB0C1 MIB: ver=2 plen=11
[D] 0xB0C1 [11 bytes]: 02 67 01 A6 0E 00 00 24 00 02 32 
[D] LTE MIB v2: bandwidth=50 tx_antenna=2 sfn=36 earfcn=3750 pci=359
[D] QCP: log code=0xB0C0 len=59
[D] LTE 0xB0C0 RRC OTA: ver=27 plen=47
[D] 0xB0C0 [47 bytes]: 1B 10 10 10 90 00 67 01 A6 0E 00 00 65 82 03 02 00 00 00 1A 00 48 C9 40 05 92 80 46 3D 29 7D 1D FF 90 50 E4 20 21 02 08 98 46 C2 46 E5 20 00 
[D] v25 item: rrc=16.16 nr_rrc=16.144 rbid=0 pci=359 earfcn=3750 sfn_subfn=33381 pdu_num=3 sib_mask=2 len=26
[I] [SIB1] EARFCN=3750 PCI=359 MCC=250 MNC=2 CID=199815164 TAC=7828 barred=0 csg=0
[I] [SIB1] EARFCN=3750 PCI=359 MCC=250 MNC=11 CID=199815164 TAC=7828 barred=0 csg=0
[D] QCP: log code=0xB17F len=52
[I] ML1 0xB17F PCI 30 → 134 (corrected from 0xB197)
[I] ML1 0xB17F SCell: EARFCN=3750 PCI=134 RSRP=-87 RSRQ=-27(raw,dropped) RSSI=-82 (v5)
[D] QCP: log code=0xB197 len=48
[I] ML1 0xB197 ServInfo: EARFCN=3750 PCI=132 (v2)
[D] QCP: log code=0xB0C1 len=23
[D] LTE 0xB0C1 MIB: ver=2 plen=11
[D] 0xB0C1 [11 bytes]: 02 3F 00 A6 0E 00 00 7C 01 01 32 
[D] LTE MIB v2: bandwidth=50 tx_antenna=1 sfn=380 earfcn=3750 pci=63
[D] QCP: log code=0xB0C0 len=59
[D] LTE 0xB0C0 RRC OTA: ver=27 plen=47
[D] 0xB0C0 [47 bytes]: 1B 10 10 10 90 00 3F 00 A6 0E 00 00 05 18 03 02 00 00 00 1A 00 48 C9 40 05 92 80 47 76 1B 81 73 1F 50 50 E4 20 21 02 08 98 46 C2 47 65 20 00 
[D] v25 item: rrc=16.16 nr_rrc=16.144 rbid=0 pci=63 earfcn=3750 sfn_subfn=6149 pdu_num=3 sib_mask=2 len=26
[I] [SIB1] EARFCN=3750 PCI=63 MCC=250 MNC=2 CID=202086650 TAC=47885 barred=0 csg=0
[I] [SIB1] EARFCN=3750 PCI=63 MCC=250 MNC=11 CID=202086650 TAC=47885 barred=0 csg=0
[D] QCP: log code=0xB197 len=48
[I] ML1 0xB197 ServInfo: EARFCN=3750 PCI=3 (v2)
[D] QCP: log code=0xB197 len=48
[I] ML1 0xB197 ServInfo: EARFCN=1596 PCI=133 (v2)
[D] QCP: log code=0xB0C1 len=23
[D] LTE 0xB0C1 MIB: ver=2 plen=11
[D] 0xB0C1 [11 bytes]: 02 9D 00 3C 06 00 00 47 00 02 32 
[D] LTE MIB v2: bandwidth=50 tx_antenna=2 sfn=71 earfcn=1596 pci=157
[D] QCP: log code=0xB0C0 len=59
[D] LTE 0xB0C0 RRC OTA: ver=27 plen=47
[D] 0xB0C0 [47 bytes]: 1B 10 10 10 90 00 9D 00 3C 06 00 00 85 04 03 02 00 00 00 1A 00 48 C9 40 05 92 80 46 3D 29 7D 1D F9 30 50 44 20 21 02 08 98 46 C2 46 45 20 00 
[D] v25 item: rrc=16.16 nr_rrc=16.144 rbid=0 pci=157 earfcn=1596 sfn_subfn=1157 pdu_num=3 sib_mask=2 len=26
[I] [SIB1] EARFCN=1596 PCI=157 MCC=250 MNC=2 CID=199815113 TAC=7828 barred=0 csg=0
[I] [SIB1] EARFCN=1596 PCI=157 MCC=250 MNC=11 CID=199815113 TAC=7828 barred=0 csg=0
[D] QCP: log code=0xB17F len=52
[I] ML1 0xB17F PCI 29 → 133 (corrected from 0xB197)
[I] ML1 0xB17F SCell: EARFCN=1596 PCI=133 RSRP=-80 RSRQ=-25(raw,dropped) RSSI=-82 (v5)
[D] QCP: log code=0xB197 len=48
[I] ML1 0xB197 ServInfo: EARFCN=1596 PCI=134 (v2)
[D] QCP: log code=0xB0C1 len=23
[D] LTE 0xB0C1 MIB: ver=2 plen=11
[D] 0xB0C1 [11 bytes]: 02 13 01 3C 06 00 00 51 00 02 32 
[D] LTE MIB v2: bandwidth=50 tx_antenna=2 sfn=81 earfcn=1596 pci=275
[D] QCP: log code=0xB0C0 len=59
[D] LTE 0xB0C0 RRC OTA: ver=27 plen=47
[D] 0xB0C0 [47 bytes]: 1B 10 10 10 90 00 13 01 3C 06 00 00 25 45 03 00 00 00 00 1A 00 48 C9 40 05 92 80 46 3D 29 7D 1D F9 50 50 44 20 21 02 08 98 46 C2 47 F5 20 00 
[D] v25 item: rrc=16.16 nr_rrc=16.144 rbid=0 pci=275 earfcn=1596 sfn_subfn=17701 pdu_num=3 sib_mask=0 len=26
[I] [SIB1] EARFCN=1596 PCI=275 MCC=250 MNC=2 CID=199815114 TAC=7828 barred=0 csg=0
[I] [SIB1] EARFCN=1596 PCI=275 MCC=250 MNC=11 CID=199815114 TAC=7828 barred=0 csg=0
[D] QCP: log code=0xB197 len=48
[I] ML1 0xB197 ServInfo: EARFCN=1596 PCI=135 (v2)
[D] QCP: log code=0xB0C1 len=23
[D] LTE 0xB0C1 MIB: ver=2 plen=11
[D] 0xB0C1 [11 bytes]: 02 BF 01 3C 06 00 00 B7 00 02 32 
[D] LTE MIB v2: bandwidth=50 tx_antenna=2 sfn=183 earfcn=1596 pci=447
[D] QCP: log code=0xB0C0 len=59
[D] LTE 0xB0C0 RRC OTA: ver=27 plen=47
[D] 0xB0C0 [47 bytes]: 1B 10 10 10 90 00 BF 01 3C 06 00 00 85 CB 03 02 00 00 00 1A 00 48 C9 40 05 92 80 46 3D 29 80 14 99 70 50 44 20 21 02 08 98 46 C2 46 75 20 00 
[D] v25 item: rrc=16.16 nr_rrc=16.144 rbid=0 pci=447 earfcn=1596 sfn_subfn=52101 pdu_num=3 sib_mask=2 len=26
[I] [SIB1] EARFCN=1596 PCI=447 MCC=250 MNC=2 CID=201368779 TAC=7828 barred=0 csg=0
[I] [SIB1] EARFCN=1596 PCI=447 MCC=250 MNC=11 CID=201368779 TAC=7828 barred=0 csg=0
[D] QCP: log code=0xB17F len=52
[I] ML1 0xB17F PCI 31 → 135 (corrected from 0xB197)
[I] ML1 0xB17F SCell: EARFCN=1596 PCI=135 RSRP=-87 RSRQ=-26(raw,dropped) RSSI=-83 (v5)
[D] QCP: log code=0xB197 len=48
[I] ML1 0xB197 ServInfo: EARFCN=1596 PCI=134 (v2)
[D] QCP: log code=0xB0C1 len=23
[D] LTE 0xB0C1 MIB: ver=2 plen=11
[D] 0xB0C1 [11 bytes]: 02 13 01 3C 06 00 00 65 00 02 32 
[D] LTE MIB v2: bandwidth=50 tx_antenna=2 sfn=101 earfcn=1596 pci=275
[D] QCP: log code=0xB0C0 len=59
[D] LTE 0xB0C0 RRC OTA: ver=27 plen=47
[D] 0xB0C0 [47 bytes]: 1B 10 10 10 90 00 13 01 3C 06 00 00 65 46 03 02 00 00 00 1A 00 48 C9 40 05 92 80 46 3D 29 7D 1D F9 50 50 44 20 21 02 08 98 46 C2 47 F5 20 00 
[D] v25 item: rrc=16.16 nr_rrc=16.144 rbid=0 pci=275 earfcn=1596 sfn_subfn=18021 pdu_num=3 sib_mask=2 len=26
[I] [SIB1] EARFCN=1596 PCI=275 MCC=250 MNC=2 CID=199815114 TAC=7828 barred=0 csg=0
[I] [SIB1] EARFCN=1596 PCI=275 MCC=250 MNC=11 CID=199815114 TAC=7828 barred=0 csg=0
[D] QCP: log code=0xB17F len=52
[I] ML1 0xB17F PCI 30 → 134 (corrected from 0xB197)
[I] ML1 0xB17F SCell: EARFCN=1596 PCI=134 RSRP=-89 RSRQ=-27(raw,dropped) RSSI=-81 (v5)
[D] QCP: log code=0xB197 len=48
[I] ML1 0xB197 ServInfo: EARFCN=1596 PCI=1 (v2)
[D] QCP: log code=0xB197 len=48
[I] ML1 0xB197 ServInfo: EARFCN=6275 PCI=134 (v2)
[D] QCP: log code=0xB0C1 len=23
[D] LTE 0xB0C1 MIB: ver=2 plen=11
[D] 0xB0C1 [11 bytes]: 02 16 01 83 18 00 00 40 01 02 19 
[D] LTE MIB v2: bandwidth=25 tx_antenna=2 sfn=320 earfcn=6275 pci=278
[D] QCP: log code=0xB0C0 len=51
[D] LTE 0xB0C0 RRC OTA: ver=27 plen=39
[D] 0xB0C0 [39 bytes]: 1B 10 10 10 90 00 16 01 83 18 00 00 25 D4 03 02 00 00 00 12 00 40 49 40 03 45 8E 31 6D F0 88 21 31 10 81 04 4C 24 D7 
[D] v25 item: rrc=16.16 nr_rrc=16.144 rbid=0 pci=278 earfcn=6275 sfn_subfn=54309 pdu_num=3 sib_mask=2 len=18
[I] [SIB1] EARFCN=6275 PCI=278 MCC=250 MNC=1 CID=51830536 TAC=17806 barred=0 csg=0
[D] QCP: log code=0xB17F len=52
[I] ML1 0xB17F PCI 30 → 134 (corrected from 0xB197)
[I] ML1 0xB17F SCell: EARFCN=6275 PCI=134 RSRP=-79 RSRQ=-25(raw,dropped) RSSI=-83 (v5)
[D] QCP: log code=0xB197 len=48
[I] ML1 0xB197 ServInfo: EARFCN=6275 PCI=133 (v2)
[D] QCP: log code=0xB0C1 len=23
[D] LTE 0xB0C1 MIB: ver=2 plen=11
[D] 0xB0C1 [11 bytes]: 02 85 00 83 18 00 00 4B 01 02 19 
[D] LTE MIB v2: bandwidth=25 tx_antenna=2 sfn=331 earfcn=6275 pci=133
[D] QCP: log code=0xB0C0 len=51
[D] LTE 0xB0C0 RRC OTA: ver=27 plen=39
[D] 0xB0C0 [39 bytes]: 1B 10 10 10 90 00 85 00 83 18 00 00 E5 D4 03 02 00 00 00 12 00 40 49 40 03 45 8E 31 6D F0 78 21 31 10 81 04 4C 24 DB 
[D] v25 item: rrc=16.16 nr_rrc=16.144 rbid=0 pci=133 earfcn=6275 sfn_subfn=54501 pdu_num=3 sib_mask=2 len=18
[I] [SIB1] EARFCN=6275 PCI=133 MCC=250 MNC=1 CID=51830535 TAC=17806 barred=0 csg=0
[D] QCP: log code=0xB17F len=52
[I] ML1 0xB17F PCI 29 → 133 (corrected from 0xB197)
[I] ML1 0xB17F SCell: EARFCN=6275 PCI=133 RSRP=-94 RSRQ=-28(raw,dropped) RSSI=-83 (v5)
[D] QCP: log code=0xB197 len=48
[I] ML1 0xB197 ServInfo: EARFCN=1820 PCI=7 (v2)
[D] QCP: log code=0xB0C1 len=23
[D] LTE 0xB0C1 MIB: ver=2 plen=11
[D] 0xB0C1 [11 bytes]: 02 BF 01 1C 07 00 00 F2 00 02 19 
[D] LTE MIB v2: bandwidth=25 tx_antenna=2 sfn=242 earfcn=1820 pci=447
[D] QCP: log code=0xB197 len=48
[I] ML1 0xB197 ServInfo: EARFCN=1820 PCI=133 (v2)
[D] QCP: log code=0xB0C1 len=23
[D] LTE 0xB0C1 MIB: ver=2 plen=11
[D] 0xB0C1 [11 bytes]: 02 9D 00 1C 07 00 00 9F 00 02 19 
[D] LTE MIB v2: bandwidth=25 tx_antenna=2 sfn=159 earfcn=1820 pci=157
[D] QCP: log code=0xB0C0 len=59
[D] LTE 0xB0C0 RRC OTA: ver=27 plen=47
[D] 0xB0C0 [47 bytes]: 1B 10 10 10 90 00 9D 00 1C 07 00 00 05 CA 03 02 00 00 00 1A 00 48 C9 40 05 92 80 46 3D 29 7D 1D F9 90 50 44 20 21 02 08 98 46 C2 46 B5 20 00 
[D] v25 item: rrc=16.16 nr_rrc=16.144 rbid=0 pci=157 earfcn=1820 sfn_subfn=51717 pdu_num=3 sib_mask=2 len=26
[I] [SIB1] EARFCN=1820 PCI=157 MCC=250 MNC=2 CID=199815116 TAC=7828 barred=0 csg=0
[I] [SIB1] EARFCN=1820 PCI=157 MCC=250 MNC=11 CID=199815116 TAC=7828 barred=0 csg=0
[D] QCP: log code=0xB17F len=52
[I] ML1 0xB17F PCI 29 → 133 (corrected from 0xB197)
[I] ML1 0xB17F SCell: EARFCN=1820 PCI=133 RSRP=-84 RSRQ=-25(raw,dropped) RSSI=-84 (v5)
[D] QCP: log code=0xB197 len=48
[I] ML1 0xB197 ServInfo: EARFCN=1820 PCI=7 (v2)
[D] QCP: log code=0xB0C1 len=23
[D] LTE 0xB0C1 MIB: ver=2 plen=11
[D] 0xB0C1 [11 bytes]: 02 BF 01 1C 07 00 00 05 01 02 19 
[D] LTE MIB v2: bandwidth=25 tx_antenna=2 sfn=261 earfcn=1820 pci=447
[D] QCP: log code=0xB0C0 len=59
[D] LTE 0xB0C0 RRC OTA: ver=27 plen=47
[D] 0xB0C0 [47 bytes]: 1B 10 10 10 90 00 BF 01 1C 07 00 00 65 50 03 02 00 00 00 1A 00 48 C9 40 05 92 80 46 3D 29 80 14 99 F0 50 44 20 21 02 08 98 46 C2 46 15 20 00 
[D] v25 item: rrc=16.16 nr_rrc=16.144 rbid=0 pci=447 earfcn=1820 sfn_subfn=20581 pdu_num=3 sib_mask=2 len=26
[I] [SIB1] EARFCN=1820 PCI=447 MCC=250 MNC=2 CID=201368783 TAC=7828 barred=0 csg=0
[I] [SIB1] EARFCN=1820 PCI=447 MCC=250 MNC=11 CID=201368783 TAC=7828 barred=0 csg=0
[D] QCP: log code=0xB17F len=52
[I] ML1 0xB17F PCI 31 → 7 (corrected from 0xB197)
[I] ML1 0xB17F SCell: EARFCN=1820 PCI=7 RSRP=-88 RSRQ=-25(raw,dropped) RSSI=-87 (v5)
[D] QCP: log code=0xB197 len=48
[I] ML1 0xB197 ServInfo: EARFCN=1820 PCI=134 (v2)
[D] QCP: log code=0xB0C1 len=23
[D] LTE 0xB0C1 MIB: ver=2 plen=11
[D] 0xB0C1 [11 bytes]: 02 13 01 1C 07 00 00 B3 00 02 19 
[D] LTE MIB v2: bandwidth=25 tx_antenna=2 sfn=179 earfcn=1820 pci=275
[D] QCP: log code=0xB0C0 len=59
[D] LTE 0xB0C0 RRC OTA: ver=27 plen=47
[D] 0xB0C0 [47 bytes]: 1B 10 10 10 90 00 13 01 1C 07 00 00 45 4B 03 02 00 00 00 1A 00 48 C9 40 05 92 80 46 3D 29 7D 1D F9 B0 50 44 20 21 02 08 98 46 C2 46 15 20 00 
[D] v25 item: rrc=16.16 nr_rrc=16.144 rbid=0 pci=275 earfcn=1820 sfn_subfn=19269 pdu_num=3 sib_mask=2 len=26
[I] [SIB1] EARFCN=1820 PCI=275 MCC=250 MNC=2 CID=199815117 TAC=7828 barred=0 csg=0
[I] [SIB1] EARFCN=1820 PCI=275 MCC=250 MNC=11 CID=199815117 TAC=7828 barred=0 csg=0
[D] QCP: log code=0xB17F len=52
[I] ML1 0xB17F PCI 30 → 134 (corrected from 0xB197)
[I] ML1 0xB17F SCell: EARFCN=1820 PCI=134 RSRP=-91 RSRQ=-26(raw,dropped) RSSI=-86 (v5)
[D] QCP: log code=0xB197 len=48
[I] ML1 0xB197 ServInfo: EARFCN=6413 PCI=134 (v2)
[D] QCP: log code=0xB0C1 len=23
[D] LTE 0xB0C1 MIB: ver=2 plen=11
[D] 0xB0C1 [11 bytes]: 02 02 01 0D 19 00 00 15 01 01 19 
[D] LTE MIB v2: bandwidth=25 tx_antenna=1 sfn=277 earfcn=6413 pci=258
[D] QCP: log code=0xB0C0 len=55
[D] LTE 0xB0C0 RRC OTA: ver=27 plen=43
[D] 0xB0C0 [43 bytes]: 1B 10 10 10 90 00 02 01 0D 19 00 00 65 11 03 02 00 00 00 16 00 60 49 41 33 0D F3 BE B5 2D D9 10 6C 98 48 40 84 11 64 00 00 00 00 
[D] v25 item: rrc=16.16 nr_rrc=16.144 rbid=0 pci=258 earfcn=6413 sfn_subfn=4453 pdu_num=3 sib_mask=2 len=22
[I] [SIB1] EARFCN=6413 PCI=258 MCC=250 MNC=99 CID=199971549 TAC=3571 barred=0 csg=0
[D] QCP: log code=0xB17F len=52
[I] ML1 0xB17F PCI 30 → 134 (corrected from 0xB197)
[I] ML1 0xB17F SCell: EARFCN=6413 PCI=134 RSRP=-100 RSRQ=-24(raw,dropped) RSSI=-95 (v5)
[D] QCP: log code=0xB197 len=48
[I] ML1 0xB197 ServInfo: EARFCN=6413 PCI=133 (v2)
[D] QCP: log code=0xB0C1 len=23
[D] LTE 0xB0C1 MIB: ver=2 plen=11
[D] 0xB0C1 [11 bytes]: 02 DE 00 0D 19 00 00 83 00 02 19 
[D] LTE MIB v2: bandwidth=25 tx_antenna=2 sfn=131 earfcn=6413 pci=222
[D] QCP: log code=0xB197 len=48
[I] ML1 0xB197 ServInfo: EARFCN=6413 PCI=134 (v2)
[D] QCP: log code=0xB0C1 len=23
[D] LTE 0xB0C1 MIB: ver=2 plen=11
[D] 0xB0C1 [11 bytes]: 02 59 01 0D 19 00 00 5E 02 02 19 
[D] LTE MIB v2: bandwidth=25 tx_antenna=2 sfn=606 earfcn=6413 pci=345
[D] QCP: log code=0xB0C0 len=55
[D] LTE 0xB0C0 RRC OTA: ver=27 plen=43
[D] 0xB0C0 [43 bytes]: 1B 10 10 10 90 00 59 01 0D 19 00 00 65 66 03 02 00 00 00 16 00 48 49 41 33 0D 96 BE B5 30 18 21 31 90 21 00 2C 22 81 26 CA 80 00 
[D] v25 item: rrc=16.16 nr_rrc=16.144 rbid=0 pci=345 earfcn=6413 sfn_subfn=26213 pdu_num=3 sib_mask=2 len=22
[I] [SIB1] EARFCN=6413 PCI=345 MCC=250 MNC=99 CID=199971585 TAC=3478 barred=0 csg=0
[D] QCP: log code=0xB17F len=52
[I] ML1 0xB17F PCI 30 → 134 (corrected from 0xB197)
[I] ML1 0xB17F SCell: EARFCN=6413 PCI=134 RSRP=-116 RSRQ=-27(raw,dropped) RSSI=-96 (v5)
[D] QCP: log code=0xB197 len=48
[I] ML1 0xB197 ServInfo: EARFCN=39146 PCI=132 (v2)
[D] QCP: log code=0xB0C1 len=23
[D] LTE 0xB0C1 MIB: ver=2 plen=11
[D] 0xB0C1 [11 bytes]: 02 71 00 EA 98 00 00 CD 01 04 64 
[D] LTE MIB v2: bandwidth=100 tx_antenna=4 sfn=461 earfcn=39146 pci=113
[D] QCP: log code=0xB0C0 len=55
[D] LTE 0xB0C0 RRC OTA: ver=27 plen=43
[D] 0xB0C0 [43 bytes]: 1B 10 10 10 90 00 71 00 EA 98 00 00 E5 DC 03 02 00 00 00 16 00 58 49 40 41 4E 3D BF 7B 02 68 2A 71 80 81 84 4C 23 61 22 76 55 1C 
[D] v25 item: rrc=16.16 nr_rrc=16.144 rbid=0 pci=113 earfcn=39146 sfn_subfn=56549 pdu_num=3 sib_mask=2 len=22
[I] [SIB1] EARFCN=39146 PCI=113 MCC=250 MNC=20 CID=200781862 TAC=20029 barred=0 csg=0
[D] QCP: log code=0xB17F len=52
[I] ML1 0xB17F PCI 28 → 132 (corrected from 0xB197)
[I] ML1 0xB17F SCell: EARFCN=39146 PCI=132 RSRP=-116 RSRQ=-28(raw,dropped) RSSI=-93 (v5)
[D] QCP: log code=0xB197 len=48
[I] ML1 0xB197 ServInfo: EARFCN=39146 PCI=135 (v2)
[D] QCP: log code=0xB0C1 len=23
[D] LTE 0xB0C1 MIB: ver=2 plen=11
[D] 0xB0C1 [11 bytes]: 02 EB 01 EA 98 00 00 D7 01 04 64 
[D] LTE MIB v2: bandwidth=100 tx_antenna=4 sfn=471 earfcn=39146 pci=491
[D] QCP: log code=0xB0C0 len=55
[D] LTE 0xB0C0 RRC OTA: ver=27 plen=43
[D] 0xB0C0 [43 bytes]: 1B 10 10 10 90 00 EB 01 EA 98 00 00 E5 DD 03 02 00 00 00 16 00 58 49 40 41 4C F7 BF 79 22 58 2A 71 80 81 84 4C 23 61 22 76 35 1C 
[D] v25 item: rrc=16.16 nr_rrc=16.144 rbid=0 pci=491 earfcn=39146 sfn_subfn=56805 pdu_num=3 sib_mask=2 len=22
[I] [SIB1] EARFCN=39146 PCI=491 MCC=250 MNC=20 CID=200774181 TAC=19703 barred=0 csg=0
[D] QCP: log code=0xB17F len=52
[I] ML1 0xB17F PCI 31 → 135 (corrected from 0xB197)
[I] ML1 0xB17F SCell: EARFCN=39146 PCI=135 RSRP=-120 RSRQ=-29(raw,dropped) RSSI=-92 (v5)
[D] QCP: log code=0xB197 len=48
[I] ML1 0xB197 ServInfo: EARFCN=39146 PCI=0 (v2)
[D] QCP: log code=0xB197 len=48
[I] ML1 0xB197 ServInfo: EARFCN=6200 PCI=132 (v2)
[D] QCP: log code=0xB0C1 len=23
[D] LTE 0xB0C1 MIB: ver=2 plen=11
[D] 0xB0C1 [11 bytes]: 02 03 00 38 18 00 00 C3 03 02 32 
[D] LTE MIB v2: bandwidth=50 tx_antenna=2 sfn=963 earfcn=6200 pci=3
[D] QCP: log code=0xB0C0 len=55
[D] LTE 0xB0C0 RRC OTA: ver=27 plen=43
[D] 0xB0C0 [43 bytes]: 1B 10 10 10 90 00 03 00 38 18 00 00 45 7C 03 02 00 00 00 16 00 48 49 40 41 4D 07 BF 2E 95 38 25 31 80 81 84 4C 23 61 23 4A 8E 00 
[D] v25 item: rrc=16.16 nr_rrc=16.144 rbid=0 pci=3 earfcn=6200 sfn_subfn=31813 pdu_num=3 sib_mask=2 len=22
[I] [SIB1] EARFCN=6200 PCI=3 MCC=250 MNC=20 CID=200468819 TAC=19719 barred=0 csg=0
[D] QCP: log code=0xB17F len=52
[I] ML1 0xB17F PCI 28 → 132 (corrected from 0xB197)
[I] ML1 0xB17F SCell: EARFCN=6200 PCI=132 RSRP=-72 RSRQ=-25(raw,dropped) RSSI=-78 (v5)
[D] QCP: log code=0xB197 len=48
[I] ML1 0xB197 ServInfo: EARFCN=6200 PCI=1 (v2)
[D] QCP: log code=0xB197 len=48
[I] ML1 0xB197 ServInfo: EARFCN=1275 PCI=133 (v2)
[D] QCP: log code=0xB0C1 len=23
[D] LTE 0xB0C1 MIB: ver=2 plen=11
[D] 0xB0C1 [11 bytes]: 02 AE 00 FB 04 00 00 D8 03 02 4B 
[D] LTE MIB v2: bandwidth=75 tx_antenna=2 sfn=984 earfcn=1275 pci=174
[D] QCP: log code=0xB0C0 len=55
[D] LTE 0xB0C0 RRC OTA: ver=27 plen=43
[D] 0xB0C0 [43 bytes]: 1B 10 10 10 90 00 AE 00 FB 04 00 00 A5 FD 03 02 00 00 00 16 00 48 49 40 41 4D 07 BF 2E 90 D8 1C 21 80 81 84 4C 23 61 23 12 8E 00 
[D] v25 item: rrc=16.16 nr_rrc=16.144 rbid=0 pci=174 earfcn=1275 sfn_subfn=64933 pdu_num=3 sib_mask=2 len=22
[I] [SIB1] EARFCN=1275 PCI=174 MCC=250 MNC=20 CID=200468749 TAC=19719 barred=0 csg=0
[D] QCP: log code=0xB17F len=52
[I] ML1 0xB17F PCI 29 → 133 (corrected from 0xB197)
[I] ML1 0xB17F SCell: EARFCN=1275 PCI=133 RSRP=-74 RSRQ=-26(raw,dropped) RSSI=-76 (v5)
[D] QCP: log code=0xB197 len=48
[I] ML1 0xB197 ServInfo: EARFCN=1275 PCI=133 (v2)
[D] QCP: log code=0xB0C1 len=23
[D] LTE 0xB0C1 MIB: ver=2 plen=11
[D] 0xB0C1 [11 bytes]: 02 D8 00 FB 04 00 00 11 00 04 4B 
[D] LTE MIB v2: bandwidth=75 tx_antenna=4 sfn=17 earfcn=1275 pci=216
[D] QCP: log code=0xB197 len=48
[I] ML1 0xB197 ServInfo: EARFCN=1275 PCI=0 (v2)
[D] QCP: log code=0xB197 len=48
[I] ML1 0xB197 ServInfo: EARFCN=38100 PCI=135 (v2)
[D] QCP: log code=0xB0C1 len=23
[D] LTE 0xB0C1 MIB: ver=2 plen=11
[D] 0xB0C1 [11 bytes]: 02 C7 01 D4 94 00 00 76 02 04 64 
[D] LTE MIB v2: bandwidth=100 tx_antenna=4 sfn=630 earfcn=38100 pci=455
[D] QCP: log code=0xB0C0 len=59
[D] LTE 0xB0C0 RRC OTA: ver=27 plen=47
[D] 0xB0C0 [47 bytes]: 1B 10 10 10 90 00 C7 01 D4 94 00 00 85 27 03 02 00 00 00 1A 00 58 49 40 03 45 8E 31 6D F1 68 22 51 10 81 04 4C 24 4F 9F 01 42 80 00 00 00 00 
[D] v25 item: rrc=16.16 nr_rrc=16.144 rbid=0 pci=455 earfcn=38100 sfn_subfn=10117 pdu_num=3 sib_mask=2 len=26
[I] [SIB1] EARFCN=38100 PCI=455 MCC=250 MNC=1 CID=51830550 TAC=17806 barred=0 csg=0
[D] QCP: log code=0xB17F len=52
[I] ML1 0xB17F PCI 31 → 135 (corrected from 0xB197)
[I] ML1 0xB17F SCell: EARFCN=38100 PCI=135 RSRP=-85 RSRQ=-25(raw,dropped) RSSI=-82 (v5)
[D] QCP: log code=0xB197 len=48
[I] ML1 0xB197 ServInfo: EARFCN=38100 PCI=135 (v2)
[D] QCP: log code=0xB0C1 len=23
[D] LTE 0xB0C1 MIB: ver=2 plen=11
[D] 0xB0C1 [11 bytes]: 02 87 01 D4 94 00 00 81 02 04 64 
[D] LTE MIB v2: bandwidth=100 tx_antenna=4 sfn=641 earfcn=38100 pci=391
[D] QCP: log code=0xB0C0 len=59
[D] LTE 0xB0C0 RRC OTA: ver=27 plen=47
[D] 0xB0C0 [47 bytes]: 1B 10 10 10 90 00 87 01 D4 94 00 00 25 68 03 02 00 00 00 1A 00 58 49 40 03 45 8E 31 6D F1 58 22 51 10 81 04 4C 24 4F 9B 01 42 80 00 00 00 00 
[D] v25 item: rrc=16.16 nr_rrc=16.144 rbid=0 pci=391 earfcn=38100 sfn_subfn=26661 pdu_num=3 sib_mask=2 len=26
[I] [SIB1] EARFCN=38100 PCI=391 MCC=250 MNC=1 CID=51830549 TAC=17806 barred=0 csg=0
[D] QCP: log code=0xB17F len=52
[I] ML1 0xB17F PCI 31 → 135 (corrected from 0xB197)
[I] ML1 0xB17F SCell: EARFCN=38100 PCI=135 RSRP=-98 RSRQ=-28(raw,dropped) RSSI=-81 (v5)
[D] QCP: log code=0xB197 len=48
[I] ML1 0xB197 ServInfo: EARFCN=38100 PCI=3 (v2)
[D] QCP: log code=0xB197 len=48
[I] ML1 0xB197 ServInfo: EARFCN=38100 PCI=1 (v2)
[D] QCP: log code=0xB197 len=48
[I] ML1 0xB197 ServInfo: EARFCN=3300 PCI=133 (v2)
[D] QCP: log code=0xB0C1 len=23
[D] LTE 0xB0C1 MIB: ver=2 plen=11
[D] 0xB0C1 [11 bytes]: 02 90 00 E4 0C 00 00 46 01 04 32 
[D] LTE MIB v2: bandwidth=50 tx_antenna=4 sfn=326 earfcn=3300 pci=144
[D] QCP: log code=0xB0C0 len=55
[D] LTE 0xB0C0 RRC OTA: ver=27 plen=43
[D] 0xB0C0 [43 bytes]: 1B 10 10 10 90 00 90 00 E4 0C 00 00 85 14 03 02 00 00 00 16 00 48 49 41 33 02 A6 BE BA 60 58 20 61 90 20 81 84 50 24 DF 50 00 00 
[D] v25 item: rrc=16.16 nr_rrc=16.144 rbid=0 pci=144 earfcn=3300 sfn_subfn=5253 pdu_num=3 sib_mask=2 len=22
[I] [SIB1] EARFCN=3300 PCI=144 MCC=250 MNC=99 CID=199992837 TAC=678 barred=0 csg=0
[D] QCP: log code=0xB17F len=52
[I] ML1 0xB17F PCI 29 → 133 (corrected from 0xB197)
[I] ML1 0xB17F SCell: EARFCN=3300 PCI=133 RSRP=-84 RSRQ=-27(raw,dropped) RSSI=-80 (v5)
[D] QCP: log code=0xB197 len=48
[I] ML1 0xB197 ServInfo: EARFCN=3300 PCI=134 (v2)
[D] QCP: log code=0xB0C1 len=23
[D] LTE 0xB0C1 MIB: ver=2 plen=11
[D] 0xB0C1 [11 bytes]: 02 4D 01 E4 0C 00 00 F4 03 04 32 
[D] LTE MIB v2: bandwidth=50 tx_antenna=4 sfn=1012 earfcn=3300 pci=333
[D] QCP: log code=0xB0C0 len=55
[D] LTE 0xB0C0 RRC OTA: ver=27 plen=43
[D] 0xB0C0 [43 bytes]: 1B 10 10 10 90 00 4D 01 E4 0C 00 00 A5 FF 03 02 00 00 00 16 00 48 49 41 33 02 A6 BE B9 D0 58 20 61 90 20 81 84 50 24 D0 50 00 00 
[D] v25 item: rrc=16.16 nr_rrc=16.144 rbid=0 pci=333 earfcn=3300 sfn_subfn=65445 pdu_num=3 sib_mask=2 len=22
[I] [SIB1] EARFCN=3300 PCI=333 MCC=250 MNC=99 CID=199990533 TAC=678 barred=0 csg=0
[D] QCP: log code=0xB17F len=52
[I] ML1 0xB17F PCI 30 → 134 (corrected from 0xB197)
[I] ML1 0xB17F SCell: EARFCN=3300 PCI=134 RSRP=-98 RSRQ=-30(raw,dropped) RSSI=-80 (v5)
[D] QCP: log code=0xB197 len=48
[I] ML1 0xB197 ServInfo: EARFCN=3300 PCI=1 (v2)
[D] QCP: log code=0xB197 len=48
[I] ML1 0xB197 ServInfo: EARFCN=3300 PCI=1 (v2)
[D] QCP: log code=0xB197 len=48
[I] ML1 0xB197 ServInfo: EARFCN=3300 PCI=132 (v2)
[D] QCP: log code=0xB0C1 len=23
[D] LTE 0xB0C1 MIB: ver=2 plen=11
[D] 0xB0C1 [11 bytes]: 02 4D 00 E4 0C 00 00 74 01 04 32 
[D] LTE MIB v2: bandwidth=50 tx_antenna=4 sfn=372 earfcn=3300 pci=77
[D] QCP: log code=0xB0C0 len=55
[D] LTE 0xB0C0 RRC OTA: ver=27 plen=43
[D] 0xB0C0 [43 bytes]: 1B 10 10 10 90 00 4D 00 E4 0C 00 00 05 18 03 02 00 00 00 16 00 48 49 41 33 02 A6 BE BA 60 68 20 61 90 20 81 84 50 24 D0 50 00 00 
[D] v25 item: rrc=16.16 nr_rrc=16.144 rbid=0 pci=77 earfcn=3300 sfn_subfn=6149 pdu_num=3 sib_mask=2 len=22
[I] [SIB1] EARFCN=3300 PCI=77 MCC=250 MNC=99 CID=199992838 TAC=678 barred=0 csg=0
[D] QCP: log code=0xB17F len=52
[I] ML1 0xB17F PCI 28 → 132 (corrected from 0xB197)
[I] ML1 0xB17F SCell: EARFCN=3300 PCI=132 RSRP=-99 RSRQ=-28(raw,dropped) RSSI=-86 (v5)
[D] QCP: log code=0xB197 len=48
[I] ML1 0xB197 ServInfo: EARFCN=3300 PCI=133 (v2)
[D] QCP: log code=0xB0C1 len=23
[D] LTE 0xB0C1 MIB: ver=2 plen=11
[D] 0xB0C1 [11 bytes]: 02 8D 00 E4 0C 00 00 C8 02 04 32 
[D] LTE MIB v2: bandwidth=50 tx_antenna=4 sfn=712 earfcn=3300 pci=141
[D] QCP: log code=0xB197 len=48
[I] ML1 0xB197 ServInfo: EARFCN=3300 PCI=0 (v2)
[D] QCP: log code=0xB197 len=48
[I] ML1 0xB197 ServInfo: EARFCN=3400 PCI=135 (v2)
[D] QCP: log code=0xB0C1 len=23
[D] LTE 0xB0C1 MIB: ver=2 plen=11
[D] 0xB0C1 [11 bytes]: 02 D4 01 48 0D 00 00 C1 00 02 32 
[D] LTE MIB v2: bandwidth=50 tx_antenna=2 sfn=193 earfcn=3400 pci=468
[D] QCP: log code=0xB0C0 len=55
[D] LTE 0xB0C0 RRC OTA: ver=27 plen=43
[D] 0xB0C0 [43 bytes]: 1B 10 10 10 90 00 D4 01 48 0D 00 00 25 8C 03 02 00 00 00 16 00 48 49 40 41 4D 07 BF 2E 91 78 20 61 80 81 84 4C 23 61 23 3A 8E 00 
[D] v25 item: rrc=16.16 nr_rrc=16.144 rbid=0 pci=468 earfcn=3400 sfn_subfn=35877 pdu_num=3 sib_mask=2 len=22
[I] [SIB1] EARFCN=3400 PCI=468 MCC=250 MNC=20 CID=200468759 TAC=19719 barred=0 csg=0
[D] QCP: log code=0xB17F len=52
[I] ML1 0xB17F PCI 31 → 135 (corrected from 0xB197)
[I] ML1 0xB17F SCell: EARFCN=3400 PCI=135 RSRP=-81 RSRQ=-25(raw,dropped) RSSI=-82 (v5)
[D] QCP: log code=0xB197 len=48
[I] ML1 0xB197 ServInfo: EARFCN=3400 PCI=2 (v2)
[D] QCP: log code=0xB197 len=48
[I] ML1 0xB197 ServInfo: EARFCN=3400 PCI=0 (v2)
[D] QCP: log code=0xB197 len=48
[I] ML1 0xB197 ServInfo: EARFCN=200 PCI=7 (v2)
[D] QCP: log code=0xB0C1 len=23
[D] LTE 0xB0C1 MIB: ver=2 plen=11
[D] 0xB0C1 [11 bytes]: 02 D2 01 C8 00 00 00 71 02 01 32 
[D] LTE MIB v2: bandwidth=50 tx_antenna=1 sfn=625 earfcn=200 pci=466
[D] QCP: log code=0xB0C0 len=59
[D] LTE 0xB0C0 RRC OTA: ver=27 plen=47
[D] 0xB0C0 [47 bytes]: 1B 10 10 10 90 00 D2 01 C8 00 00 00 25 27 03 02 00 00 00 1A 00 48 C9 40 05 92 80 46 3D 29 7D 1D EC B0 50 04 20 21 02 08 98 46 C2 47 F5 20 00 
[D] v25 item: rrc=16.16 nr_rrc=16.144 rbid=0 pci=466 earfcn=200 sfn_subfn=10021 pdu_num=3 sib_mask=2 len=26
[I] [SIB1] EARFCN=200 PCI=466 MCC=250 MNC=2 CID=199815013 TAC=7828 barred=0 csg=0
[I] [SIB1] EARFCN=200 PCI=466 MCC=250 MNC=11 CID=199815013 TAC=7828 barred=0 csg=0
[D] QCP: log code=0xB17F len=52
[I] ML1 0xB17F PCI 31 → 7 (corrected from 0xB197)
[I] ML1 0xB17F SCell: EARFCN=200 PCI=7 RSRP=-89 RSRQ=-26(raw,dropped) RSSI=-85 (v5)
[D] QCP: log code=0xB197 len=48
[I] ML1 0xB197 ServInfo: EARFCN=200 PCI=5 (v2)
[D] QCP: log code=0xB0C1 len=23
[D] LTE 0xB0C1 MIB: ver=2 plen=11
[D] 0xB0C1 [11 bytes]: 02 E0 00 C8 00 00 00 7B 02 01 32 
[D] LTE MIB v2: bandwidth=50 tx_antenna=1 sfn=635 earfcn=200 pci=224
[D] QCP: log code=0xB0C0 len=59
[D] LTE 0xB0C0 RRC OTA: ver=27 plen=47
[D] 0xB0C0 [47 bytes]: 1B 10 10 10 90 00 E0 00 C8 00 00 00 C5 67 03 02 00 00 00 1A 00 48 C9 40 05 92 80 46 3D 29 7D 1D EC D0 50 04 20 21 02 08 98 46 C2 47 F5 20 00 
[D] v25 item: rrc=16.16 nr_rrc=16.144 rbid=0 pci=224 earfcn=200 sfn_subfn=26565 pdu_num=3 sib_mask=2 len=26
[I] [SIB1] EARFCN=200 PCI=224 MCC=250 MNC=2 CID=199815014 TAC=7828 barred=0 csg=0
[I] [SIB1] EARFCN=200 PCI=224 MCC=250 MNC=11 CID=199815014 TAC=7828 barred=0 csg=0
[D] QCP: log code=0xB17F len=52
[I] ML1 0xB17F PCI 29 → 5 (corrected from 0xB197)
[I] ML1 0xB17F SCell: EARFCN=200 PCI=5 RSRP=-97 RSRQ=-27(raw,dropped) RSSI=-85 (v5)
[D] QCP: log code=0xB197 len=48
[I] ML1 0xB197 ServInfo: EARFCN=100 PCI=133 (v2)
[D] QCP: log code=0xB0C1 len=23
[D] LTE 0xB0C1 MIB: ver=2 plen=11
[D] 0xB0C1 [11 bytes]: 02 AE 00 64 00 00 00 F7 00 02 32 
[D] LTE MIB v2: bandwidth=50 tx_antenna=2 sfn=247 earfcn=100 pci=174
[D] QCP: log code=0xB0C0 len=55
[D] LTE 0xB0C0 RRC OTA: ver=27 plen=43
[D] 0xB0C0 [43 bytes]: 1B 10 10 10 90 00 AE 00 64 00 00 00 85 CF 03 02 00 00 00 16 00 48 49 40 41 4D 07 BF 2E 93 58 20 01 80 81 84 4C 23 61 23 3A 8E 00 
[D] v25 item: rrc=16.16 nr_rrc=16.144 rbid=0 pci=174 earfcn=100 sfn_subfn=53125 pdu_num=3 sib_mask=2 len=22
[I] [SIB1] EARFCN=100 PCI=174 MCC=250 MNC=20 CID=200468789 TAC=19719 barred=0 csg=0
[D] QCP: log code=0xB17F len=52
[I] ML1 0xB17F PCI 29 → 133 (corrected from 0xB197)
[I] ML1 0xB17F SCell: EARFCN=100 PCI=133 RSRP=-92 RSRQ=-25(raw,dropped) RSSI=-88 (v5)
[D] QCP: log code=0xB197 len=48
[I] ML1 0xB197 ServInfo: EARFCN=6350 PCI=132 (v2)
[D] QCP: log code=0xB0C1 len=23
[D] LTE 0xB0C1 MIB: ver=2 plen=11
[D] 0xB0C1 [11 bytes]: 02 53 00 CE 18 00 00 65 03 02 19 
[D] LTE MIB v2: bandwidth=25 tx_antenna=2 sfn=869 earfcn=6350 pci=83
[D] QCP: log code=0xB0C0 len=59
[D] LTE 0xB0C0 RRC OTA: ver=27 plen=47
[D] 0xB0C0 [47 bytes]: 1B 10 10 10 90 00 53 00 CE 18 00 00 65 36 03 02 00 00 00 1A 00 48 C9 40 05 92 80 46 3D 29 81 4B 21 B0 52 64 20 21 02 08 98 46 C2 46 55 20 00 
[D] v25 item: rrc=16.16 nr_rrc=16.144 rbid=0 pci=83 earfcn=6350 sfn_subfn=13925 pdu_num=3 sib_mask=2 len=26
[I] [SIB1] EARFCN=6350 PCI=83 MCC=250 MNC=2 CID=202004749 TAC=7828 barred=0 csg=0
[I] [SIB1] EARFCN=6350 PCI=83 MCC=250 MNC=11 CID=202004749 TAC=7828 barred=0 csg=0
[D] QCP: log code=0xB17F len=52
[I] ML1 0xB17F PCI 28 → 132 (corrected from 0xB197)
[I] ML1 0xB17F SCell: EARFCN=6350 PCI=132 RSRP=-102 RSRQ=-25(raw,dropped) RSSI=-94 (v5)
[D] QCP: log code=0xB197 len=48
[I] ML1 0xB197 ServInfo: EARFCN=6350 PCI=132 (v2)
[D] QCP: log code=0xB0C1 len=23
[D] LTE 0xB0C1 MIB: ver=2 plen=11
[D] 0xB0C1 [11 bytes]: 02 52 00 CE 18 00 00 6E 03 02 19 
[D] LTE MIB v2: bandwidth=25 tx_antenna=2 sfn=878 earfcn=6350 pci=82
[D] QCP: log code=0xB0C0 len=59
[D] LTE 0xB0C0 RRC OTA: ver=27 plen=47
[D] 0xB0C0 [47 bytes]: 1B 10 10 10 90 00 52 00 CE 18 00 00 05 77 03 02 00 00 00 1A 00 48 C9 40 05 92 80 46 3D 29 81 4B 21 70 52 64 20 21 02 08 98 46 C2 47 45 20 00 
[D] v25 item: rrc=16.16 nr_rrc=16.144 rbid=0 pci=82 earfcn=6350 sfn_subfn=30469 pdu_num=3 sib_mask=2 len=26
[I] [SIB1] EARFCN=6350 PCI=82 MCC=250 MNC=2 CID=202004747 TAC=7828 barred=0 csg=0
[I] [SIB1] EARFCN=6350 PCI=82 MCC=250 MNC=11 CID=202004747 TAC=7828 barred=0 csg=0
[D] QCP: log code=0xB17F len=52
[I] ML1 0xB17F PCI 28 → 132 (corrected from 0xB197)
[I] ML1 0xB17F SCell: EARFCN=6350 PCI=132 RSRP=-106 RSRQ=-26(raw,dropped) RSSI=-95 (v5)
[D] QCP: log code=0xB197 len=48
[I] ML1 0xB197 ServInfo: EARFCN=38750 PCI=132 (v2)
[D] QCP: log code=0xB0C1 len=23
[D] LTE 0xB0C1 MIB: ver=2 plen=11
[D] 0xB0C1 [11 bytes]: 02 71 00 5E 97 00 00 76 03 04 64 
[D] LTE MIB v2: bandwidth=100 tx_antenna=4 sfn=886 earfcn=38750 pci=113
[D] QCP: log code=0xB0C0 len=55
[D] LTE 0xB0C0 RRC OTA: ver=27 plen=43
[D] 0xB0C0 [43 bytes]: 1B 10 10 10 90 00 71 00 5E 97 00 00 85 37 03 02 00 00 00 16 00 58 49 40 41 4E 3D BF 7B 02 08 2A 71 80 81 84 4C 23 61 22 76 35 1C 
[D] v25 item: rrc=16.16 nr_rrc=16.144 rbid=0 pci=113 earfcn=38750 sfn_subfn=14213 pdu_num=3 sib_mask=2 len=22
[I] [SIB1] EARFCN=38750 PCI=113 MCC=250 MNC=20 CID=200781856 TAC=20029 barred=0 csg=0
[D] QCP: log code=0xB17F len=52
[I] ML1 0xB17F PCI 28 → 132 (corrected from 0xB197)
[I] ML1 0xB17F SCell: EARFCN=38750 PCI=132 RSRP=-116 RSRQ=-28(raw,dropped) RSSI=-92 (v5)
[D] QCP: log code=0xB197 len=48
[I] ML1 0xB197 ServInfo: EARFCN=38750 PCI=132 (v2)
[D] QCP: log code=0xB0C1 len=23
[D] LTE 0xB0C1 MIB: ver=2 plen=11
[D] 0xB0C1 [11 bytes]: 02 78 00 5E 97 00 00 81 03 04 64 
[D] LTE MIB v2: bandwidth=100 tx_antenna=4 sfn=897 earfcn=38750 pci=120
[D] QCP: log code=0xB197 len=48
[I] ML1 0xB197 ServInfo: EARFCN=38750 PCI=132 (v2)
[D] QCP: log code=0xB0C1 len=23
[D] LTE 0xB0C1 MIB: ver=2 plen=11
[D] 0xB0C1 [11 bytes]: 02 11 00 5E 97 00 00 8F 03 04 64 
[D] LTE MIB v2: bandwidth=100 tx_antenna=4 sfn=911 earfcn=38750 pci=17
[D] QCP: log code=0xB0C0 len=55
[D] LTE 0xB0C0 RRC OTA: ver=27 plen=43
[D] 0xB0C0 [43 bytes]: 1B 10 10 10 90 00 11 00 5E 97 00 00 65 F9 03 02 00 00 00 16 00 58 49 40 41 4E 3D BF A8 82 08 2A 71 80 81 84 4C 23 61 22 76 E5 1C 
[D] v25 item: rrc=16.16 nr_rrc=16.144 rbid=0 pci=17 earfcn=38750 sfn_subfn=63845 pdu_num=3 sib_mask=2 len=22
[I] [SIB1] EARFCN=38750 PCI=17 MCC=250 MNC=20 CID=200968224 TAC=20029 barred=0 csg=0
[D] QCP: log code=0xB17F len=52
[I] ML1 0xB17F PCI 28 → 132 (corrected from 0xB197)
[I] ML1 0xB17F SCell: EARFCN=38750 PCI=132 RSRP=-118 RSRQ=-28(raw,dropped) RSSI=-93 (v5)
[D] QCP: log code=0xB197 len=48
[I] ML1 0xB197 ServInfo: EARFCN=38750 PCI=132 (v2)
[D] QCP: log code=0xB0C1 len=23
[D] LTE 0xB0C1 MIB: ver=2 plen=11
[D] 0xB0C1 [11 bytes]: 02 78 00 5E 97 00 00 A0 03 04 64 
[D] LTE MIB v2: bandwidth=100 tx_antenna=4 sfn=928 earfcn=38750 pci=120
[D] QCP: log code=0xB0C0 len=55
[D] LTE 0xB0C0 RRC OTA: ver=27 plen=43
[D] 0xB0C0 [43 bytes]: 1B 10 10 10 90 00 78 00 5E 97 00 00 E5 3A 03 02 00 00 00 16 00 58 49 40 41 4E 3D BF 7B 02 18 2A 71 80 81 84 4C 23 61 22 76 35 1C 
[D] v25 item: rrc=16.16 nr_rrc=16.144 rbid=0 pci=120 earfcn=38750 sfn_subfn=15077 pdu_num=3 sib_mask=2 len=22
[I] [SIB1] EARFCN=38750 PCI=120 MCC=250 MNC=20 CID=200781857 TAC=20029 barred=0 csg=0
[D] QCP: log code=0xB17F len=52
[I] ML1 0xB17F PCI 28 → 132 (corrected from 0xB197)
[I] ML1 0xB17F SCell: EARFCN=38750 PCI=132 RSRP=-117 RSRQ=-28(raw,dropped) RSSI=-93 (v5)
[D] QCP: log code=0xB197 len=48
[I] ML1 0xB197 ServInfo: EARFCN=38750 PCI=135 (v2)
[D] QCP: log code=0xB0C1 len=23
[D] LTE 0xB0C1 MIB: ver=2 plen=11
[D] 0xB0C1 [11 bytes]: 02 EB 01 5E 97 00 00 B8 03 04 64 
[D] LTE MIB v2: bandwidth=100 tx_antenna=4 sfn=952 earfcn=38750 pci=491
[D] QCP: log code=0xB197 len=48
[I] ML1 0xB197 ServInfo: EARFCN=38948 PCI=134 (v2)
[D] QCP: log code=0xB0C1 len=23
[D] LTE 0xB0C1 MIB: ver=2 plen=11
[D] 0xB0C1 [11 bytes]: 02 0C 01 24 98 00 00 E5 03 04 64 
[D] LTE MIB v2: bandwidth=100 tx_antenna=4 sfn=997 earfcn=38948 pci=268
[D] QCP: log code=0xB0C0 len=55
[D] LTE 0xB0C0 RRC OTA: ver=27 plen=43
[D] 0xB0C0 [43 bytes]: 1B 10 10 10 90 00 0C 01 24 98 00 00 65 7E 03 02 00 00 00 16 00 58 49 40 41 4E 3D BF 7B 02 38 2A 71 80 81 84 4C 23 61 22 76 35 1C 
[D] v25 item: rrc=16.16 nr_rrc=16.144 rbid=0 pci=268 earfcn=38948 sfn_subfn=32357 pdu_num=3 sib_mask=2 len=22
[I] [SIB1] EARFCN=38948 PCI=268 MCC=250 MNC=20 CID=200781859 TAC=20029 barred=0 csg=0
[D] QCP: log code=0xB17F len=52
[I] ML1 0xB17F PCI 30 → 134 (corrected from 0xB197)
[I] ML1 0xB17F SCell: EARFCN=38948 PCI=134 RSRP=-116 RSRQ=-28(raw,dropped) RSSI=-93 (v5)
[D] QCP: log code=0xB197 len=48
[I] ML1 0xB197 ServInfo: EARFCN=38948 PCI=135 (v2)
[D] QCP: log code=0xB0C1 len=23
[D] LTE 0xB0C1 MIB: ver=2 plen=11
[D] 0xB0C1 [11 bytes]: 02 85 01 24 98 00 00 EF 03 04 64 
[D] LTE MIB v2: bandwidth=100 tx_antenna=4 sfn=1007 earfcn=38948 pci=389
[D] QCP: log code=0xB0C0 len=55
[D] LTE 0xB0C0 RRC OTA: ver=27 plen=43
[D] 0xB0C0 [43 bytes]: 1B 10 10 10 90 00 85 01 24 98 00 00 65 3F 03 02 00 00 00 16 00 58 49 40 41 4C F7 BF 79 22 28 2A 71 80 81 84 4C 23 61 22 76 05 1C 
[D] v25 item: rrc=16.16 nr_rrc=16.144 rbid=0 pci=389 earfcn=38948 sfn_subfn=16229 pdu_num=3 sib_mask=2 len=22
[I] [SIB1] EARFCN=38948 PCI=389 MCC=250 MNC=20 CID=200774178 TAC=19703 barred=0 csg=0
[D] QCP: log code=0xB17F len=52
[I] ML1 0xB17F PCI 31 → 135 (corrected from 0xB197)
[I] ML1 0xB17F SCell: EARFCN=38948 PCI=135 RSRP=-119 RSRQ=-28(raw,dropped) RSSI=-93 (v5)
[D] QCP: log code=0xB197 len=48
[I] ML1 0xB197 ServInfo: EARFCN=38948 PCI=132 (v2)
[D] QCP: log code=0xB0C1 len=23
[D] LTE 0xB0C1 MIB: ver=2 plen=11
[D] 0xB0C1 [11 bytes]: 02 4D 00 24 98 00 00 03 00 04 64 
[D] LTE MIB v2: bandwidth=100 tx_antenna=4 sfn=3 earfcn=38948 pci=77
[D] QCP: log code=0xB0C0 len=55
[D] LTE 0xB0C0 RRC OTA: ver=27 plen=43
[D] 0xB0C0 [43 bytes]: 1B 10 10 10 90 00 4D 00 24 98 00 00 65 C1 03 02 00 00 00 16 00 58 49 40 41 4E 3D BF 7B 02 48 2A 71 80 81 84 4C 23 61 22 76 35 1C 
[D] v25 item: rrc=16.16 nr_rrc=16.144 rbid=0 pci=77 earfcn=38948 sfn_subfn=49509 pdu_num=3 sib_mask=2 len=22
[I] [SIB1] EARFCN=38948 PCI=77 MCC=250 MNC=20 CID=200781860 TAC=20029 barred=0 csg=0
[D] QCP: log code=0xB17F len=52
[I] ML1 0xB17F PCI 28 → 132 (corrected from 0xB197)
[I] ML1 0xB17F SCell: EARFCN=38948 PCI=132 RSRP=-120 RSRQ=-29(raw,dropped) RSSI=-93 (v5)
[D] QCP: log code=0xB197 len=48
[I] ML1 0xB197 ServInfo: EARFCN=38948 PCI=2 (v2)
[D] QCP: log code=0xB197 len=48
[I] ML1 0xB197 ServInfo: EARFCN=1721 PCI=132 (v2)
[D] QCP: log code=0xB0C1 len=23
[D] LTE 0xB0C1 MIB: ver=2 plen=11
[D] 0xB0C1 [11 bytes]: 02 37 00 B9 06 00 00 38 00 04 32 
[D] LTE MIB v2: bandwidth=50 tx_antenna=4 sfn=56 earfcn=1721 pci=55
[D] QCP: log code=0xB0C0 len=51
[D] LTE 0xB0C0 RRC OTA: ver=27 plen=39
[D] 0xB0C0 [39 bytes]: 1B 10 10 10 90 00 37 00 B9 06 00 00 A5 43 03 02 00 00 00 12 00 40 49 40 03 45 8E 31 6D F0 58 20 21 10 81 04 4C 24 D8 
[D] v25 item: rrc=16.16 nr_rrc=16.144 rbid=0 pci=55 earfcn=1721 sfn_subfn=17317 pdu_num=3 sib_mask=2 len=18
[I] [SIB1] EARFCN=1721 PCI=55 MCC=250 MNC=1 CID=51830533 TAC=17806 barred=0 csg=0
[D] QCP: log code=0xB17F len=52
[I] ML1 0xB17F PCI 28 → 132 (corrected from 0xB197)
[I] ML1 0xB17F SCell: EARFCN=1721 PCI=132 RSRP=-65 RSRQ=-24(raw,dropped) RSSI=-76 (v5)
[D] QCP: log code=0xB197 len=48
[I] ML1 0xB197 ServInfo: EARFCN=1721 PCI=135 (v2)
[D] QCP: log code=0xB0C1 len=23
[D] LTE 0xB0C1 MIB: ver=2 plen=11
[D] 0xB0C1 [11 bytes]: 02 A7 01 B9 06 00 00 47 00 04 32 
[D] LTE MIB v2: bandwidth=50 tx_antenna=4 sfn=71 earfcn=1721 pci=423
[D] QCP: log code=0xB0C0 len=51
[D] LTE 0xB0C0 RRC OTA: ver=27 plen=39
[D] 0xB0C0 [39 bytes]: 1B 10 10 10 90 00 A7 01 B9 06 00 00 A5 44 03 02 00 00 00 12 00 40 49 40 03 45 8E 31 6D F0 48 20 21 10 81 04 4C 24 D9 
[D] v25 item: rrc=16.16 nr_rrc=16.144 rbid=0 pci=423 earfcn=1721 sfn_subfn=17573 pdu_num=3 sib_mask=2 len=18
[I] [SIB1] EARFCN=1721 PCI=423 MCC=250 MNC=1 CID=51830532 TAC=17806 barred=0 csg=0
[D] QCP: log code=0xB17F len=52
[I] ML1 0xB17F PCI 31 → 135 (corrected from 0xB197)
[I] ML1 0xB17F SCell: EARFCN=1721 PCI=135 RSRP=-85 RSRQ=-29(raw,dropped) RSSI=-76 (v5)
[D] QCP: log code=0xB197 len=48
[I] ML1 0xB197 ServInfo: EARFCN=1721 PCI=1 (v2)
[D] QCP: log code=0xB197 len=48
[I] ML1 0xB197 ServInfo: EARFCN=1414 PCI=134 (v2)
[D] QCP: log code=0xB0C1 len=23
[D] LTE 0xB0C1 MIB: ver=2 plen=11
[D] 0xB0C1 [11 bytes]: 02 03 01 86 05 00 00 07 03 04 4B 
[D] LTE MIB v2: bandwidth=75 tx_antenna=4 sfn=775 earfcn=1414 pci=259
[D] QCP: log code=0xB0C0 len=55
[D] LTE 0xB0C0 RRC OTA: ver=27 plen=43
[D] 0xB0C0 [43 bytes]: 1B 10 10 10 90 00 03 01 86 05 00 00 85 B0 03 02 00 00 00 16 00 48 49 41 33 02 A6 BE BA 60 88 20 21 90 20 81 84 50 24 D6 50 00 00 
[D] v25 item: rrc=16.16 nr_rrc=16.144 rbid=0 pci=259 earfcn=1414 sfn_subfn=45189 pdu_num=3 sib_mask=2 len=22
[I] [SIB1] EARFCN=1414 PCI=259 MCC=250 MNC=99 CID=199992840 TAC=678 barred=0 csg=0
[D] QCP: log code=0xB17F len=52
[I] ML1 0xB17F PCI 30 → 134 (corrected from 0xB197)
[I] ML1 0xB17F SCell: EARFCN=1414 PCI=134 RSRP=-76 RSRQ=-25(raw,dropped) RSSI=-79 (v5)
[D] QCP: log code=0xB197 len=48
[I] ML1 0xB197 ServInfo: EARFCN=1414 PCI=134 (v2)
[D] QCP: log code=0xB0C1 len=23
[D] LTE 0xB0C1 MIB: ver=2 plen=11
[D] 0xB0C1 [11 bytes]: 02 4C 01 86 05 00 00 13 03 04 4B 
[D] LTE MIB v2: bandwidth=75 tx_antenna=4 sfn=787 earfcn=1414 pci=332
[D] QCP: log code=0xB197 len=48
[I] ML1 0xB197 ServInfo: EARFCN=1414 PCI=1 (v2)
[D] QCP: log code=0xB197 len=48
[I] ML1 0xB197 ServInfo: EARFCN=3200 PCI=133 (v2)
[D] QCP: log code=0xB0C1 len=23
[D] LTE 0xB0C1 MIB: ver=2 plen=11
[D] 0xB0C1 [11 bytes]: 02 82 00 80 0C 00 00 A0 00 04 32 
[D] LTE MIB v2: bandwidth=50 tx_antenna=4 sfn=160 earfcn=3200 pci=130
[D] QCP: log code=0xB0C0 len=51
[D] LTE 0xB0C0 RRC OTA: ver=27 plen=39
[D] 0xB0C0 [39 bytes]: 1B 10 10 10 90 00 82 00 80 0C 00 00 25 0A 03 02 00 00 00 12 00 40 49 40 03 45 8E 31 6D F0 28 20 61 10 81 04 4C 24 C5 
[D] v25 item: rrc=16.16 nr_rrc=16.144 rbid=0 pci=130 earfcn=3200 sfn_subfn=2597 pdu_num=3 sib_mask=2 len=18
[I] [SIB1] EARFCN=3200 PCI=130 MCC=250 MNC=1 CID=51830530 TAC=17806 barred=0 csg=0
[D] QCP: log code=0xB17F len=52
[I] ML1 0xB17F PCI 29 → 133 (corrected from 0xB197)
[I] ML1 0xB17F SCell: EARFCN=3200 PCI=133 RSRP=-73 RSRQ=-27(raw,dropped) RSSI=-74 (v5)
[D] QCP: log code=0xB197 len=48
[I] ML1 0xB197 ServInfo: EARFCN=3638 PCI=133 (v2)
[D] QCP: log code=0xB0C1 len=23
[D] LTE 0xB0C1 MIB: ver=2 plen=11
[D] 0xB0C1 [11 bytes]: 02 AD 00 36 0E 00 00 AF 00 02 19 
[D] LTE MIB v2: bandwidth=25 tx_antenna=2 sfn=175 earfcn=3638 pci=173
[D] QCP: log code=0xB0C0 len=51
[D] LTE 0xB0C0 RRC OTA: ver=27 plen=39
[D] 0xB0C0 [39 bytes]: 1B 10 10 10 90 00 AD 00 36 0E 00 00 05 0B 03 02 00 00 00 12 00 40 49 40 03 45 8E 31 6D F1 C8 20 71 10 81 04 4C 24 CF 
[D] v25 item: rrc=16.16 nr_rrc=16.144 rbid=0 pci=173 earfcn=3638 sfn_subfn=2821 pdu_num=3 sib_mask=2 len=18
[I] [SIB1] EARFCN=3638 PCI=173 MCC=250 MNC=1 CID=51830556 TAC=17806 barred=0 csg=0
[D] QCP: log code=0xB17F len=52
[I] ML1 0xB17F PCI 29 → 133 (corrected from 0xB197)
[I] ML1 0xB17F SCell: EARFCN=3638 PCI=133 RSRP=-75 RSRQ=-24(raw,dropped) RSSI=-83 (v5)
[D] QCP: log code=0xB197 len=48
[I] ML1 0xB197 ServInfo: EARFCN=3638 PCI=2 (v2)
[D] QCP: log code=0xB197 len=48
[I] ML1 0xB197 ServInfo: EARFCN=41340 PCI=2 (v2)
[D] QCP: log code=0xB197 len=48
[I] ML1 0xB197 ServInfo: EARFCN=41441 PCI=3 (v2)
[D] QCP: log code=0xB197 len=48
[I] ML1 0xB197 ServInfo: EARFCN=41190 PCI=0 (v2)
[D] QCP: log code=0xB197 len=48
[I] ML1 0xB197 ServInfo: EARFCN=40740 PCI=135 (v2)
[D] QCP: log code=0xB0C1 len=23
[D] LTE 0xB0C1 MIB: ver=2 plen=11
[D] 0xB0C1 [11 bytes]: 02 C7 01 24 9F 00 00 B9 02 04 64 
[D] LTE MIB v2: bandwidth=100 tx_antenna=4 sfn=697 earfcn=40740 pci=455
[D] QCP: log code=0xB0C0 len=59
[D] LTE 0xB0C0 RRC OTA: ver=27 plen=47
[D] 0xB0C0 [47 bytes]: 1B 10 10 10 90 00 C7 01 24 9F 00 00 A5 6B 03 02 00 00 00 1A 00 58 49 40 03 45 8E 31 6D F1 68 22 51 10 81 04 4C 24 4F 9F 01 42 80 00 00 00 00 
[D] v25 item: rrc=16.16 nr_rrc=16.144 rbid=0 pci=455 earfcn=40740 sfn_subfn=27557 pdu_num=3 sib_mask=2 len=26
[I] [SIB1] EARFCN=40740 PCI=455 MCC=250 MNC=1 CID=51830550 TAC=17806 barred=0 csg=0
[D] QCP: log code=0xB17F len=52
[I] ML1 0xB17F PCI 31 → 135 (corrected from 0xB197)
[I] ML1 0xB17F SCell: EARFCN=40740 PCI=135 RSRP=-86 RSRQ=-25(raw,dropped) RSSI=-82 (v5)
[D] QCP: log code=0xB197 len=48
[I] ML1 0xB197 ServInfo: EARFCN=40740 PCI=135 (v2)
[D] QCP: log code=0xB0C1 len=23
[D] LTE 0xB0C1 MIB: ver=2 plen=11
[D] 0xB0C1 [11 bytes]: 02 87 01 24 9F 00 00 C6 02 04 64 
[D] LTE MIB v2: bandwidth=100 tx_antenna=4 sfn=710 earfcn=40740 pci=391
[D] QCP: log code=0xB0C0 len=59
[D] LTE 0xB0C0 RRC OTA: ver=27 plen=47
[D] 0xB0C0 [47 bytes]: 1B 10 10 10 90 00 87 01 24 9F 00 00 85 6C 03 02 00 00 00 1A 00 58 49 40 03 45 8E 31 6D F1 58 22 51 10 81 04 4C 24 4F 9B 01 42 80 00 00 00 00 
[D] v25 item: rrc=16.16 nr_rrc=16.144 rbid=0 pci=391 earfcn=40740 sfn_subfn=27781 pdu_num=3 sib_mask=2 len=26
[I] [SIB1] EARFCN=40740 PCI=391 MCC=250 MNC=1 CID=51830549 TAC=17806 barred=0 csg=0
[D] QCP: log code=0xB17F len=52
[I] ML1 0xB17F PCI 31 → 135 (corrected from 0xB197)
[I] ML1 0xB17F SCell: EARFCN=40740 PCI=135 RSRP=-97 RSRQ=-26(raw,dropped) RSSI=-83 (v5)
[D] QCP: log code=0xB197 len=48
[I] ML1 0xB197 ServInfo: EARFCN=40740 PCI=2 (v2)
[D] QCP: log code=0xB197 len=48
[I] ML1 0xB197 ServInfo: EARFCN=40740 PCI=3 (v2)
[D] QCP: log code=0xB197 len=48
[I] ML1 0xB197 ServInfo: EARFCN=40740 PCI=3 (v2)
[D] QCP: log code=0x7130 len=15
[W] UMTS NAS OTA: payload too short (3)
[D] QCP: log code=0x7130 len=15
[W] UMTS NAS OTA: payload too short (3)
[D] QCP: log code=0x7130 len=15
[W] UMTS NAS OTA: payload too short (3)
[D] QCP: log code=0x7130 len=15
[W] UMTS NAS OTA: payload too short (3)
[D] QCP: log code=0xB197 len=48
[I] ML1 0xB197 ServInfo: EARFCN=1414 PCI=134 (v2)
[D] QCP: log code=0xB0C1 len=23
[D] LTE 0xB0C1 MIB: ver=2 plen=11
[D] 0xB0C1 [11 bytes]: 02 03 01 86 05 00 00 BD 01 04 4B 
[D] LTE MIB v2: bandwidth=75 tx_antenna=4 sfn=445 earfcn=1414 pci=259
[D] QCP: log code=0xB0C0 len=55
[D] LTE 0xB0C0 RRC OTA: ver=27 plen=43
[D] 0xB0C0 [43 bytes]: 1B 10 10 10 90 00 03 01 86 05 00 00 E5 DB 03 02 00 00 00 16 00 48 49 41 33 02 A6 BE BA 60 88 20 21 90 20 81 84 50 24 D6 50 00 00 
[D] v25 item: rrc=16.16 nr_rrc=16.144 rbid=0 pci=259 earfcn=1414 sfn_subfn=56293 pdu_num=3 sib_mask=2 len=22
[I] [SIB1] EARFCN=1414 PCI=259 MCC=250 MNC=99 CID=199992840 TAC=678 barred=0 csg=0
[D] QCP: log code=0xB197 len=48
[I] ML1 0xB197 ServInfo: EARFCN=1414 PCI=134 (v2)
[D] QCP: log code=0xB0C1 len=23
[D] LTE 0xB0C1 MIB: ver=2 plen=11
[D] 0xB0C1 [11 bytes]: 02 4C 01 86 05 00 00 CD 01 04 4B 
[D] LTE MIB v2: bandwidth=75 tx_antenna=4 sfn=461 earfcn=1414 pci=332
[D] QCP: log code=0xB197 len=48
[I] ML1 0xB197 ServInfo: EARFCN=1414 PCI=1 (v2)
[D] QCP: log code=0xB197 len=48
[I] ML1 0xB197 ServInfo: EARFCN=1721 PCI=132 (v2)
[D] QCP: log code=0xB0C1 len=23
[D] LTE 0xB0C1 MIB: ver=2 plen=11
[D] 0xB0C1 [11 bytes]: 02 37 00 B9 06 00 00 5A 03 04 32 
[D] LTE MIB v2: bandwidth=50 tx_antenna=4 sfn=858 earfcn=1721 pci=55
[D] QCP: log code=0xB0C0 len=51
[D] LTE 0xB0C0 RRC OTA: ver=27 plen=39
[D] 0xB0C0 [39 bytes]: 1B 10 10 10 90 00 37 00 B9 06 00 00 C5 F5 03 02 00 00 00 12 00 40 49 40 03 45 8E 31 6D F0 58 20 21 10 81 04 4C 24 D8 
[D] v25 item: rrc=16.16 nr_rrc=16.144 rbid=0 pci=55 earfcn=1721 sfn_subfn=62917 pdu_num=3 sib_mask=2 len=18
[I] [SIB1] EARFCN=1721 PCI=55 MCC=250 MNC=1 CID=51830533 TAC=17806 barred=0 csg=0
[D] QCP: log code=0xB0C0 len=82
[D] LTE 0xB0C0 RRC OTA: ver=27 plen=70
[D] 0xB0C0 [70 bytes]: 1B 10 10 10 90 00 37 00 B9 06 00 00 00 36 03 0C 00 00 00 31 00 00 82 5C 31 18 6F F9 2C AC 36 07 A1 60 10 00 0C 04 10 EE 31 6A A0 54 06 90 06 01 25 C8 2C 18 48 40 03 00 19 A5 15 72 3E C9 E0 28 ...(+6)
[D] v25 item: rrc=16.16 nr_rrc=16.144 rbid=0 pci=55 earfcn=1721 sfn_subfn=13824 pdu_num=3 sib_mask=12 len=49
[D] [B0C0/SIB1] decode failed (plen=49, earfcn=1721, pci=55): ASN.1 decode failed
[D] QCP: log code=0xB17F len=52
[I] ML1 0xB17F PCI 28 → 132 (corrected from 0xB197)
[I] ML1 0xB17F SCell: EARFCN=1721 PCI=132 RSRP=-66 RSRQ=-24(raw,dropped) RSSI=-76 (v5)
[D] QCP: log code=0xB0C2 len=41
[I] [B0C2] count=4 (ver=3 plen=29)
[D] LTE 0xB0C2 ver=3 plen=29
[D] 0xB0C2 [29 bytes]: 03 37 00 B9 06 00 00 09 4D 00 00 32 32 05 DF 16 03 8E 45 03 00 00 00 FA 00 02 01 00 01 
[B0C2-v3] decoded pci=55 dl_earfcn=1721 ul_earfcn=19721 cell_id=0x316DF05 tac=0x458E band=3 mcc=250 mnc=1  [OK]
[I] LTE RRC SCell v3: EARFCN=1721/19721 Band=3 BW=50/50 PCI=55 CID=0x316DF05 TAC=0x458E MCC=250 MNC=01
[D] QCP: log code=0xB0C0 len=74
[D] LTE 0xB0C0 RRC OTA: ver=27 plen=62
[D] 0xB0C0 [62 bytes]: 1B 10 10 10 90 00 37 00 B9 06 00 00 40 76 03 20 00 00 00 29 00 00 0F 04 00 BB 90 4A 58 A8 80 C8 02 09 4A D5 11 29 A8 41 52 AA A2 03 8D 88 25 32 34 40 C4 19 04 A6 46 80 82 01 D0 8A 00 00 
[D] v25 item: rrc=16.16 nr_rrc=16.144 rbid=0 pci=55 earfcn=1721 sfn_subfn=30272 pdu_num=3 sib_mask=32 len=41
[D] QCP: log code=0x7130 len=15
[W] UMTS NAS OTA: payload too short (3)
[D] QCP: log code=0x7130 len=15
[W] UMTS NAS OTA: payload too short (3)
[D] QCP: log code=0x7131 len=15
[D] UMTS MM state=0 substate=0 update_status=0
[D] QCP: log code=0x7131 len=15
[D] UMTS MM state=0 substate=1 update_status=1
[D] QCP: log code=0x7131 len=15
[D] UMTS MM state=0 substate=1 update_status=1
[D] QCP: log code=0x7131 len=15
[D] UMTS MM state=0 substate=0 update_status=0
[D] QCP: log code=0x7131 len=15
[D] UMTS MM state=0 substate=0 update_status=0
[D] QCP: log code=0x7130 len=15
[W] UMTS NAS OTA: payload too short (3)
[D] QCP: log code=0x7130 len=15
[W] UMTS NAS OTA: payload too short (3)
[D] QCP: log code=0x7131 len=15
[D] UMTS MM state=0 substate=0 update_status=1
[D] QCP: log code=0x7131 len=15
[D] UMTS MM state=0 substate=1 update_status=1
[D] QCP: log code=0x7130 len=15
[W] UMTS NAS OTA: payload too short (3)
[D] QCP: log code=0x7131 len=15
[D] UMTS MM state=0 substate=1 update_status=0
[D] QCP: log code=0x7131 len=15
[D] UMTS MM state=0 substate=1 update_status=0
[D] QCP: log code=0x7131 len=15
[D] UMTS MM state=18 substate=1 update_status=0
[D] QCP: log code=0x7131 len=15
[D] UMTS MM state=19 substate=1 update_status=0
[D] QCP: log code=0x7131 len=15
[D] UMTS MM state=19 substate=6 update_status=0
[D] QCP: log code=0x7130 len=15
[W] UMTS NAS OTA: payload too short (3)
[D] QCP: log code=0x7130 len=15
[W] UMTS NAS OTA: payload too short (3)
[D] QCP: log code=0x7130 len=15
[W] UMTS NAS OTA: payload too short (3)
[D] QCP: log code=0x7130 len=15
[W] UMTS NAS OTA: payload too short (3)
[D] QCP: log code=0xB197 len=48
[I] ML1 0xB197 ServInfo: EARFCN=1721 PCI=132 (v2)
[D] QCP: log code=0xB0C1 len=23
[D] LTE 0xB0C1 MIB: ver=2 plen=11
[D] 0xB0C1 [11 bytes]: 02 37 00 B9 06 00 00 50 02 04 32 
[D] LTE MIB v2: bandwidth=50 tx_antenna=4 sfn=592 earfcn=1721 pci=55
[D] QCP: log code=0xB0C0 len=51
[D] LTE 0xB0C0 RRC OTA: ver=27 plen=39
[D] 0xB0C0 [39 bytes]: 1B 10 10 10 90 00 37 00 B9 06 00 00 25 A5 03 02 00 00 00 12 00 40 49 40 03 45 8E 31 6D F0 58 20 21 10 81 04 4C 24 D8 
[D] v25 item: rrc=16.16 nr_rrc=16.144 rbid=0 pci=55 earfcn=1721 sfn_subfn=42277 pdu_num=3 sib_mask=2 len=18
[I] [SIB1] EARFCN=1721 PCI=55 MCC=250 MNC=1 CID=51830533 TAC=17806 barred=0 csg=0
[D] QCP: log code=0xB17F len=52
[I] ML1 0xB17F PCI 28 → 132 (corrected from 0xB197)
[I] ML1 0xB17F SCell: EARFCN=1721 PCI=132 RSRP=-64 RSRQ=-25(raw,dropped) RSSI=-74 (v5)
[D] QCP: log code=0xB0C0 len=82
[D] LTE 0xB0C0 RRC OTA: ver=27 plen=70
[D] 0xB0C0 [70 bytes]: 1B 10 10 10 90 00 37 00 B9 06 00 00 00 26 03 0C 00 00 00 31 00 00 82 5C 31 18 6F F9 2C AC 36 07 A1 60 10 00 0C 04 10 EE 31 6A A0 54 06 90 06 01 25 C8 2C 18 48 40 03 00 19 A5 15 72 3E C9 E0 28 ...(+6)
[D] v25 item: rrc=16.16 nr_rrc=16.144 rbid=0 pci=55 earfcn=1721 sfn_subfn=9728 pdu_num=3 sib_mask=12 len=49
[D] [B0C0/SIB1] decode failed (plen=49, earfcn=1721, pci=55): ASN.1 decode failed
[D] QCP: log code=0xB0C2 len=41
[I] [B0C2] count=5 (ver=3 plen=29)
[D] LTE 0xB0C2 ver=3 plen=29
[D] 0xB0C2 [29 bytes]: 03 37 00 B9 06 00 00 09 4D 00 00 32 32 05 DF 16 03 8E 45 03 00 00 00 FA 00 02 01 00 00 
[B0C2-v3] decoded pci=55 dl_earfcn=1721 ul_earfcn=19721 cell_id=0x316DF05 tac=0x458E band=3 mcc=250 mnc=1  [OK]
[I] LTE RRC SCell v3: EARFCN=1721/19721 Band=3 BW=50/50 PCI=55 CID=0x316DF05 TAC=0x458E MCC=250 MNC=01
[D] QCP: log code=0x7130 len=15
[W] UMTS NAS OTA: payload too short (3)
[D] QCP: log code=0x7130 len=15
[W] UMTS NAS OTA: payload too short (3)
[D] QCP: log code=0xB0ED len=126
[D] LTE NAS EMM: nas_len=106
[D] NAS_PDU [106 bytes]: F6 52 F0 10 81 36 D0 D9 1D 70 A9 07 F0 70 00 00 18 00 80 00 37 02 04 D0 31 D1 27 30 80 80 21 10 01 00 00 10 81 06 00 00 00 00 83 06 00 00 00 00 ...(+58)
[D] QCP: log code=0xB0C0 len=39
[D] LTE 0xB0C0 RRC OTA: ver=27 plen=27
[D] 0xB0C0 [27 bytes]: 1B 10 10 10 90 00 37 00 B9 06 00 00 00 00 0A 00 00 00 00 06 00 5F 54 A1 C2 37 C6 
[D] v25 item: rrc=16.16 nr_rrc=16.144 rbid=0 pci=55 earfcn=1721 sfn_subfn=0 pdu_num=10 sib_mask=0 len=6
[D] QCP: log code=0xB0C0 len=74
[D] LTE 0xB0C0 RRC OTA: ver=27 plen=62
[D] 0xB0C0 [62 bytes]: 1B 10 10 10 90 00 37 00 B9 06 00 00 40 E6 03 20 00 00 00 29 00 00 0F 04 00 BB 90 4A 58 A8 80 C8 02 09 4A D5 11 29 A8 41 52 AA A2 03 8D 88 25 32 34 40 C4 19 04 A6 46 80 82 01 D0 8A 00 00 
[D] v25 item: rrc=16.16 nr_rrc=16.144 rbid=0 pci=55 earfcn=1721 sfn_subfn=58944 pdu_num=3 sib_mask=32 len=41
[D] QCP: log code=0xB0C0 len=70
[D] LTE 0xB0C0 RRC OTA: ver=27 plen=58
[D] 0xB0C0 [58 bytes]: 1B 10 10 10 90 00 37 00 B9 06 00 00 76 26 08 00 00 00 00 25 00 68 12 98 08 FD CE 01 83 B0 BA 08 6B 83 FF 24 AE 61 85 31 C3 83 00 B8 50 8B 7F FF FF FF FF FF FF FF E8 00 06 80 
[D] v25 item: rrc=16.16 nr_rrc=16.144 rbid=0 pci=55 earfcn=1721 sfn_subfn=9846 pdu_num=8 sib_mask=0 len=37
[D] QCP: log code=0xB0C0 len=151
[D] LTE 0xB0C0 RRC OTA: ver=27 plen=139
[D] 0xB0C0 [139 bytes]: 1B 10 10 10 90 01 37 00 B9 06 00 00 00 00 0B 00 00 00 00 76 00 22 30 81 36 D0 6E 07 41 72 0B F6 52 F0 10 81 36 D0 D9 1D 70 A9 07 F0 70 00 00 18 00 80 00 37 02 04 D0 31 D1 27 30 80 80 21 10 01 ...(+75)
[D] v25 item: rrc=16.16 nr_rrc=16.144 rbid=1 pci=55 earfcn=1721 sfn_subfn=0 pdu_num=11 sib_mask=0 len=118
[D] QCP: log code=0xB193 len=176
[D] QCP: log code=0xB193 len=176
[D] QCP: log code=0xB193 len=176
[D] QCP: log code=0xB193 len=176
[D] QCP: log code=0xB193 len=176
[D] QCP: log code=0xB193 len=176
[D] QCP: log code=0xB193 len=176
[D] QCP: log code=0xB193 len=176
[D] QCP: log code=0xB193 len=176
[D] QCP: log code=0xB193 len=176
[D] QCP: log code=0xB193 len=176
[D] QCP: log code=0xB193 len=176
[D] QCP: log code=0xB193 len=176
[D] QCP: log code=0xB193 len=176
[D] QCP: log code=0xB193 len=176
[D] QCP: log code=0xB193 len=176
[D] QCP: log code=0xB193 len=176
[D] QCP: log code=0xB193 len=176
[D] QCP: log code=0xB193 len=176
[D] QCP: log code=0xB193 len=176
[D] QCP: log code=0xB193 len=176
[D] QCP: log code=0xB193 len=176
[D] QCP: log code=0xB193 len=176
[D] QCP: log code=0xB193 len=176
[D] QCP: log code=0xB193 len=176
[D] QCP: log code=0xB193 len=176
[D] QCP: log code=0xB193 len=176
[D] QCP: log code=0xB193 len=176
[D] QCP: log code=0xB193 len=176
[D] QCP: log code=0xB193 len=176
[D] QCP: log code=0xB0C0 len=72
[D] LTE 0xB0C0 RRC OTA: ver=27 plen=60
[D] 0xB0C0 [60 bytes]: 1B 10 10 10 90 01 37 00 B9 06 00 00 68 28 09 00 00 00 00 27 00 0A 01 20 3A 90 35 DE F5 60 70 BF A5 CB C7 6C B9 57 2D 66 14 4D 58 87 4A 1B A2 1C B9 64 00 02 78 AD D5 EA E4 DB E3 F8 
[D] v25 item: rrc=16.16 nr_rrc=16.144 rbid=1 pci=55 earfcn=1721 sfn_subfn=10344 pdu_num=9 sib_mask=0 len=39
[D] QCP: log code=0xB0EC len=52
[D] LTE NAS EMM: nas_len=32
[D] NAS_PDU [32 bytes]: DE AC 0E 17 F4 B9 78 ED 97 2A E5 AC C2 89 AB 10 E9 43 74 43 97 2C 80 00 4F 15 BA BD 5C 9B 7C 7F 
[D] QCP: log code=0xB193 len=176
[D] QCP: log code=0xB193 len=176
[D] QCP: log code=0xB193 len=176
[D] QCP: log code=0xB193 len=176
[D] QCP: log code=0xB0ED len=27
[D] LTE NAS EMM: nas_len=7
[D] NAS_PDU [7 bytes]: 2F F3 97 3F 6A C3 0C 
[D] QCP: log code=0xB0C0 len=47
[D] LTE 0xB0C0 RRC OTA: ver=27 plen=35
[D] 0xB0C0 [35 bytes]: 1B 10 10 10 90 01 37 00 B9 06 00 00 00 00 0B 00 00 00 00 0E 00 48 01 60 EA 61 10 05 FE 72 E7 ED 58 61 80 
[D] v25 item: rrc=16.16 nr_rrc=16.144 rbid=1 pci=55 earfcn=1721 sfn_subfn=0 pdu_num=11 sib_mask=0 len=14
[D] QCP: log code=0xB193 len=176
[D] QCP: log code=0xB193 len=176
[D] QCP: log code=0xB193 len=176
[D] QCP: log code=0xB0C0 len=50
[D] LTE 0xB0C0 RRC OTA: ver=27 plen=38
[D] 0xB0C0 [38 bytes]: 1B 10 10 10 90 01 37 00 B9 06 00 00 E1 28 09 00 00 00 00 11 00 0A 00 71 BD BD 37 65 88 00 3A E8 08 30 17 83 86 08 
[D] v25 item: rrc=16.16 nr_rrc=16.144 rbid=1 pci=55 earfcn=1721 sfn_subfn=10465 pdu_num=9 sib_mask=0 len=17
[D] QCP: log code=0xB0EA len=30
[D] LTE NAS EMM: nas_len=10
[D] NAS_PDU [10 bytes]: B1 00 07 5D 01 06 02 F0 70 C1 
[D] QCP: log code=0xB0EC len=24
[D] LTE NAS EMM: nas_len=4
[D] NAS_PDU [4 bytes]: 02 F0 70 C1 
[D] QCP: log code=0xB0ED len=29
[D] LTE NAS EMM: nas_len=9
[D] NAS_PDU [9 bytes]: 83 16 59 05 67 09 24 06 F0 
[D] QCP: log code=0xB0C0 len=55
[D] LTE 0xB0C0 RRC OTA: ver=27 plen=43
[D] 0xB0C0 [43 bytes]: 1B 10 10 10 90 01 37 00 B9 06 00 00 00 00 0B 00 00 00 00 16 00 48 02 68 EB 86 BC 1C E0 00 EB C4 61 30 62 CB 20 AC E1 24 80 DE 00 
[D] v25 item: rrc=16.16 nr_rrc=16.144 rbid=1 pci=55 earfcn=1721 sfn_subfn=0 pdu_num=11 sib_mask=0 len=22
[D] QCP: log code=0xB193 len=176
[D] QCP: log code=0xB193 len=176
[D] QCP: log code=0xB193 len=176
[D] QCP: log code=0xB193 len=176
[D] QCP: log code=0xB193 len=176
[D] QCP: log code=0xB193 len=176
[D] QCP: log code=0xB193 len=176
[D] QCP: log code=0xB193 len=176
[D] QCP: log code=0xB193 len=176
[D] QCP: log code=0xB193 len=176
[D] QCP: log code=0xB193 len=176
[D] QCP: log code=0xB193 len=176
[D] QCP: log code=0xB193 len=176
[D] QCP: log code=0xB193 len=176
[D] QCP: log code=0xB193 len=176
[D] QCP: log code=0xB193 len=176
[D] QCP: log code=0xB193 len=176
[D] QCP: log code=0xB193 len=176
[D] QCP: log code=0xB0C0 len=45
[D] LTE 0xB0C0 RRC OTA: ver=27 plen=33
[D] 0xB0C0 [33 bytes]: 1B 10 10 10 90 01 37 00 B9 06 00 00 00 2A 09 00 00 00 00 0C 00 0A 00 49 39 45 8B B5 C8 08 10 26 C8 
[D] v25 item: rrc=16.16 nr_rrc=16.144 rbid=1 pci=55 earfcn=1721 sfn_subfn=10752 pdu_num=9 sib_mask=0 len=12
[D] QCP: log code=0xB0EA len=25
[D] LTE NAS EMM: nas_len=5
[D] NAS_PDU [5 bytes]: B9 01 02 04 D9 
[D] QCP: log code=0xB0C0 len=63
[D] LTE 0xB0C0 RRC OTA: ver=27 plen=51
[D] 0xB0C0 [51 bytes]: 1B 10 10 10 90 01 37 00 B9 06 00 00 00 00 0B 00 00 00 00 1E 00 48 03 64 EC 08 75 41 20 20 40 9B 45 02 01 0D 2D CE 8C AE 4D CC AE 80 6D AE 8E 60 4E 4E A0 
[D] v25 item: rrc=16.16 nr_rrc=16.144 rbid=1 pci=55 earfcn=1721 sfn_subfn=0 pdu_num=11 sib_mask=0 len=30
[D] QCP: log code=0xB193 len=176
[D] QCP: log code=0xB193 len=176
[D] QCP: log code=0xB0C0 len=72
[D] LTE 0xB0C0 RRC OTA: ver=27 plen=60
[D] 0xB0C0 [60 bytes]: 1B 10 10 10 90 01 37 00 B9 06 00 00 22 2A 09 00 00 00 00 27 00 0A 01 21 38 1F B1 E7 48 10 3B 0A 18 40 3A 6F 50 A1 25 6A 70 0A 28 40 3A 6F 50 A1 25 6A 70 0A 3B 13 80 08 88 1A A1 08 
[D] v25 item: rrc=16.16 nr_rrc=16.144 rbid=1 pci=55 earfcn=1721 sfn_subfn=10786 pdu_num=9 sib_mask=0 len=39
[D] QCP: log code=0xB0EA len=52
[D] LTE NAS EMM: nas_len=32
[D] NAS_PDU [32 bytes]: E9 02 07 61 43 08 07 4D EA 14 24 AD 4E 01 45 08 07 4D EA 14 24 AD 4E 01 47 62 70 01 11 03 54 21 
[D] QCP: log code=0xB0EC len=46
[D] LTE NAS EMM: nas_len=26
[D] NAS_PDU [26 bytes]: 07 4D EA 14 24 AD 4E 01 45 08 07 4D EA 14 24 AD 4E 01 47 62 70 01 11 03 54 21 
[D] NAS EMM: PD=0x7 sec=0 msg_type=0x4D body_len=24
[D] QCP: log code=0xB193 len=176
[D] QCP: log code=0xB193 len=176
[D] QCP: log code=0xB193 len=176
[D] QCP: log code=0xB193 len=176
[D] QCP: log code=0xB193 len=176
[D] QCP: log code=0xB193 len=176
[D] QCP: log code=0xB193 len=176
[D] QCP: log code=0xB193 len=176
[D] QCP: log code=0xB193 len=176
[D] QCP: log code=0xB193 len=176
[D] QCP: log code=0xB193 len=176
[D] QCP: log code=0xB193 len=176
[D] QCP: log code=0xB193 len=176
[D] QCP: log code=0xB193 len=176
[D] QCP: log code=0xB193 len=176
[D] QCP: log code=0xB193 len=176
[D] QCP: log code=0xB193 len=176
[D] QCP: log code=0xB193 len=176
[D] QCP: log code=0xB193 len=176
[D] QCP: log code=0xB193 len=176
[D] QCP: log code=0xB193 len=176
[D] QCP: log code=0xB0C0 len=38
[D] LTE 0xB0C0 RRC OTA: ver=27 plen=26
[D] 0xB0C0 [26 bytes]: 1B 10 10 10 90 01 37 00 B9 06 00 00 73 2B 09 00 00 00 00 05 00 3A 10 04 8D 00 
[D] v25 item: rrc=16.16 nr_rrc=16.144 rbid=1 pci=55 earfcn=1721 sfn_subfn=11123 pdu_num=9 sib_mask=0 len=5
[D] QCP: log code=0xB0C0 len=1948
[D] LTE 0xB0C0 RRC OTA: ver=27 plen=1936
[D] 0xB0C0 [1936 bytes]: 1B 10 10 10 90 01 37 00 B9 06 00 00 00 00 0B 00 00 00 00 7B 07 3A 01 08 77 6D DB 80 50 90 83 86 3E 4C 02 54 E6 D4 09 13 FF 89 FF C4 FF E2 7F F1 3F F8 9F FC 4F FE 27 FF 13 FF 89 FF DF 83 76 27 ...(+1872)
[D] v25 item: rrc=16.16 nr_rrc=16.144 rbid=1 pci=55 earfcn=1721 sfn_subfn=0 pdu_num=11 sib_mask=0 len=1915
[D] QCP: log code=0xB193 len=176
[D] QCP: log code=0xB193 len=176
[D] QCP: log code=0xB193 len=176
[D] QCP: log code=0xB193 len=176
[D] QCP: log code=0xB0C0 len=46
[D] LTE 0xB0C0 RRC OTA: ver=27 plen=34
[D] 0xB0C0 [34 bytes]: 1B 10 10 10 90 01 37 00 B9 06 00 00 A9 2B 09 00 00 00 00 0D 00 3C 20 1D 80 89 4A 01 80 04 C1 FC 18 00 
[D] v25 item: rrc=16.16 nr_rrc=16.144 rbid=1 pci=55 earfcn=1721 sfn_subfn=11177 pdu_num=9 sib_mask=0 len=13
[D] QCP: log code=0xB0C0 len=2017
[D] LTE 0xB0C0 RRC OTA: ver=27 plen=2005
[D] 0xB0C0 [2005 bytes]: 1B 10 10 10 90 01 37 00 B9 06 00 00 00 00 0B 00 00 00 00 C0 07 3C 01 08 7B BD DB 80 50 90 92 A8 0C 00 98 74 E6 CF 89 13 FF 89 FF C4 FF E2 7F F1 3F F8 9F FC 4F FE 27 FF 13 FF 89 FF DF 83 76 27 ...(+1941)
[D] v25 item: rrc=16.16 nr_rrc=16.144 rbid=1 pci=55 earfcn=1721 sfn_subfn=0 pdu_num=11 sib_mask=0 len=1984
[D] QCP: log code=0xB193 len=176
[D] QCP: log code=0xB193 len=176
[D] QCP: log code=0xB193 len=176
[D] QCP: log code=0xB0C0 len=36
[D] LTE 0xB0C0 RRC OTA: ver=27 plen=24
[D] 0xB0C0 [24 bytes]: 1B 10 10 10 90 01 37 00 B9 06 00 00 F1 2B 09 00 00 00 00 03 00 32 02 20 
[D] v25 item: rrc=16.16 nr_rrc=16.144 rbid=1 pci=55 earfcn=1721 sfn_subfn=11249 pdu_num=9 sib_mask=0 len=3
[D] QCP: log code=0xB0C0 len=35
[D] LTE 0xB0C0 RRC OTA: ver=27 plen=23
[D] 0xB0C0 [23 bytes]: 1B 10 10 10 90 01 37 00 B9 06 00 00 00 00 0B 00 00 00 00 02 00 2A 00 
[D] v25 item: rrc=16.16 nr_rrc=16.144 rbid=1 pci=55 earfcn=1721 sfn_subfn=0 pdu_num=11 sib_mask=0 len=2
[D] QCP: log code=0xB0C0 len=294
[D] LTE 0xB0C0 RRC OTA: ver=27 plen=282
[D] 0xB0C0 [282 bytes]: 1B 10 10 10 90 01 37 00 B9 06 00 00 F1 2B 09 00 00 00 00 05 01 22 06 84 07 19 39 65 A4 18 10 18 3A 10 12 48 31 02 97 80 82 2C 70 05 12 90 26 08 08 41 18 43 4B 73 A3 2B 93 73 2B A0 1B 6B A3 98 ...(+218)
[D] v25 item: rrc=16.16 nr_rrc=16.144 rbid=1 pci=55 earfcn=1721 sfn_subfn=11249 pdu_num=9 sib_mask=0 len=261
[D] QCP: log code=0xB193 len=176
[D] QCP: log code=0xB0C0 len=35
[D] LTE 0xB0C0 RRC OTA: ver=27 plen=23
[D] 0xB0C0 [23 bytes]: 1B 10 10 10 90 01 37 00 B9 06 00 00 00 00 0B 00 00 00 00 02 00 12 00 
[D] v25 item: rrc=16.16 nr_rrc=16.144 rbid=1 pci=55 earfcn=1721 sfn_subfn=0 pdu_num=11 sib_mask=0 len=2
[D] QCP: log code=0xB0EA len=243
[D] LTE NAS EMM: nas_len=223
[D] NAS_PDU [223 bytes]: 02 03 07 42 02 49 06 20 52 F0 10 45 8E 00 A2 52 04 C1 01 08 23 08 69 6E 74 65 72 6E 65 74 03 6D 74 73 02 72 75 06 6D 6E 63 30 30 31 06 6D 63 63 ...(+175)
[D] QCP: log code=0xB0EC len=237
[D] LTE NAS EMM: nas_len=217
[D] NAS_PDU [217 bytes]: 06 20 52 F0 10 45 8E 00 A2 52 04 C1 01 08 23 08 69 6E 74 65 72 6E 65 74 03 6D 74 73 02 72 75 06 6D 6E 63 30 30 31 06 6D 63 63 32 35 30 04 67 70 ...(+169)
[D] QCP: log code=0x7131 len=15
[D] UMTS MM state=19 substate=6 update_status=0
[D] QCP: log code=0x7130 len=15
[W] UMTS NAS OTA: payload too short (3)
[D] QCP: log code=0x7130 len=15
[W] UMTS NAS OTA: payload too short (3)
[D] QCP: log code=0xB0ED len=30
[D] LTE NAS EMM: nas_len=10
[D] NAS_PDU [10 bytes]: 52 00 C2 27 05 80 00 22 01 53 
[D] QCP: log code=0xB0C0 len=56
[D] LTE 0xB0C0 RRC OTA: ver=27 plen=44
[D] 0xB0C0 [44 bytes]: 1B 10 10 10 90 02 37 00 B9 06 00 00 00 00 0B 00 00 00 00 17 00 48 02 84 F8 98 53 12 60 40 E8 60 01 4A 40 18 44 E0 B0 00 04 40 2A 60 
[D] v25 item: rrc=16.16 nr_rrc=16.144 rbid=2 pci=55 earfcn=1721 sfn_subfn=0 pdu_num=11 sib_mask=0 len=23
[D] QCP: log code=0xB193 len=176
[D] QCP: log code=0xB0C0 len=103
[D] LTE 0xB0C0 RRC OTA: ver=27 plen=91
[D] 0xB0C0 [91 bytes]: 1B 10 10 10 90 01 37 00 B9 06 00 00 13 2C 09 00 00 00 00 46 00 24 10 15 A8 00 14 03 5C B2 F0 00 6E F3 01 15 01 48 CB 81 40 50 02 88 A9 2D ED C0 A0 28 02 02 30 0B 41 01 81 94 0B C1 02 13 5B 94 ...(+27)
[D] v25 item: rrc=16.16 nr_rrc=16.144 rbid=1 pci=55 earfcn=1721 sfn_subfn=11283 pdu_num=9 sib_mask=0 len=70
[D] QCP: log code=0xB0C0 len=35
[D] LTE 0xB0C0 RRC OTA: ver=27 plen=23
[D] 0xB0C0 [23 bytes]: 1B 10 10 10 90 01 37 00 B9 06 00 00 00 00 0B 00 00 00 00 02 00 14 00 
[D] v25 item: rrc=16.16 nr_rrc=16.144 rbid=1 pci=55 earfcn=1721 sfn_subfn=0 pdu_num=11 sib_mask=0 len=2
[D] QCP: log code=0xB193 len=176
[D] QCP: log code=0xB193 len=176
[D] QCP: log code=0xB0C0 len=37
[D] LTE 0xB0C0 RRC OTA: ver=27 plen=25
[D] 0xB0C0 [25 bytes]: 1B 10 10 10 90 01 37 00 B9 06 00 00 00 00 0B 00 00 00 00 04 00 08 02 4B 58 
[D] v25 item: rrc=16.16 nr_rrc=16.144 rbid=1 pci=55 earfcn=1721 sfn_subfn=0 pdu_num=11 sib_mask=0 len=4
[I] [MEAS] PCell EARFCN=1721 PCI=55 RSRP=-65 RSRQ=-8
[D] QCP: log code=0xB193 len=176
[D] QCP: log code=0xB193 len=176
[D] QCP: log code=0xB193 len=176
[D] QCP: log code=0xB0C0 len=42
[D] LTE 0xB0C0 RRC OTA: ver=27 plen=30
[D] 0xB0C0 [30 bytes]: 1B 10 10 10 90 01 37 00 B9 06 00 00 71 6C 09 00 00 00 00 09 00 26 02 01 80 01 02 04 10 20 
[D] v25 item: rrc=16.16 nr_rrc=16.144 rbid=1 pci=55 earfcn=1721 sfn_subfn=27761 pdu_num=9 sib_mask=0 len=9
[D] QCP: log code=0xB0C0 len=35
[D] LTE 0xB0C0 RRC OTA: ver=27 plen=23
[D] 0xB0C0 [23 bytes]: 1B 10 10 10 90 01 37 00 B9 06 00 00 00 00 0B 00 00 00 00 02 00 16 00 
[D] v25 item: rrc=16.16 nr_rrc=16.144 rbid=1 pci=55 earfcn=1721 sfn_subfn=0 pdu_num=11 sib_mask=0 len=2
[D] QCP: log code=0xB193 len=176
[D] QCP: log code=0xB193 len=176
[D] QCP: log code=0xB193 len=176
[D] QCP: log code=0xB193 len=176
[D] QCP: log code=0xB0C0 len=45
[D] LTE 0xB0C0 RRC OTA: ver=27 plen=33
[D] 0xB0C0 [33 bytes]: 1B 10 10 10 90 01 37 00 B9 06 00 00 B6 EC 09 00 00 00 00 0C 00 20 02 01 80 02 00 20 80 20 02 F0 00 
[D] v25 item: rrc=16.16 nr_rrc=16.144 rbid=1 pci=55 earfcn=1721 sfn_subfn=60598 pdu_num=9 sib_mask=0 len=12
[D] QCP: log code=0xB0C0 len=35
[D] LTE 0xB0C0 RRC OTA: ver=27 plen=23
[D] 0xB0C0 [23 bytes]: 1B 10 10 10 90 01 37 00 B9 06 00 00 00 00 0B 00 00 00 00 02 00 10 00 
[D] v25 item: rrc=16.16 nr_rrc=16.144 rbid=1 pci=55 earfcn=1721 sfn_subfn=0 pdu_num=11 sib_mask=0 len=2
[D] QCP: log code=0xB193 len=176
[D] QCP: log code=0xB193 len=176
[D] QCP: log code=0xB193 len=176
[D] QCP: log code=0xB193 len=176
[D] QCP: log code=0xB193 len=176
[D] QCP: log code=0xB193 len=176
[D] QCP: log code=0xB193 len=176
[D] QCP: log code=0xB0C0 len=37
[D] LTE 0xB0C0 RRC OTA: ver=27 plen=25
[D] 0xB0C0 [25 bytes]: 1B 10 10 10 90 01 37 00 B9 06 00 00 00 00 0B 00 00 00 00 04 00 08 02 CB 54 
[D] v25 item: rrc=16.16 nr_rrc=16.144 rbid=1 pci=55 earfcn=1721 sfn_subfn=0 pdu_num=11 sib_mask=0 len=4
[I] [MEAS] PCell EARFCN=1721 PCI=55 RSRP=-65 RSRQ=-9
[D] QCP: log code=0xB193 len=176
[D] QCP: log code=0xB193 len=176
[D] QCP: log code=0xB0C0 len=120
[D] LTE 0xB0C0 RRC OTA: ver=27 plen=108
[D] 0xB0C0 [108 bytes]: 1B 10 10 10 90 01 37 00 B9 06 00 00 76 2D 09 00 00 00 00 57 00 22 12 1F 41 00 14 03 5C B2 F0 00 6E F0 8C 13 E4 94 BC 04 06 40 43 00 0B BC 2F 01 01 90 18 C0 19 00 CB C0 40 64 08 30 07 1B 22 F0 ...(+44)
[D] v25 item: rrc=16.16 nr_rrc=16.144 rbid=1 pci=55 earfcn=1721 sfn_subfn=11638 pdu_num=9 sib_mask=0 len=87
[D] QCP: log code=0xB0C0 len=35
[D] LTE 0xB0C0 RRC OTA: ver=27 plen=23
[D] 0xB0C0 [23 bytes]: 1B 10 10 10 90 01 37 00 B9 06 00 00 00 00 0B 00 00 00 00 02 00 12 00 
[D] v25 item: rrc=16.16 nr_rrc=16.144 rbid=1 pci=55 earfcn=1721 sfn_subfn=0 pdu_num=11 sib_mask=0 len=2
[D] QCP: log code=0xB0C0 len=37
[D] LTE 0xB0C0 RRC OTA: ver=27 plen=25
[D] 0xB0C0 [25 bytes]: 1B 10 10 10 90 01 37 00 B9 06 00 00 00 00 0B 00 00 00 00 04 00 08 02 4B 54 
[D] v25 item: rrc=16.16 nr_rrc=16.144 rbid=1 pci=55 earfcn=1721 sfn_subfn=0 pdu_num=11 sib_mask=0 len=4
[I] [MEAS] PCell EARFCN=1721 PCI=55 RSRP=-65 RSRQ=-9
[D] QCP: log code=0xB193 len=176
[D] QCP: log code=0xB193 len=176
[D] QCP: log code=0xB193 len=176
[D] QCP: log code=0xB193 len=176
[D] QCP: log code=0xB193 len=176
[D] QCP: log code=0xB193 len=176
[D] QCP: log code=0xB193 len=176
[D] QCP: log code=0xB193 len=176
[D] QCP: log code=0xB193 len=176
[D] QCP: log code=0xB193 len=176
[D] QCP: log code=0xB193 len=176
[D] QCP: log code=0xB193 len=176
[D] QCP: log code=0xB193 len=176
[D] QCP: log code=0xB193 len=176
[D] QCP: log code=0xB193 len=176
[D] QCP: log code=0xB193 len=176
[D] QCP: log code=0xB193 len=176
[D] QCP: log code=0xB0C0 len=41
[D] LTE 0xB0C0 RRC OTA: ver=27 plen=29
[D] 0xB0C0 [29 bytes]: 1B 10 10 10 90 01 37 00 B9 06 00 00 00 00 0B 00 00 00 00 08 00 08 14 CB 5C 07 1D B7 54 
[D] v25 item: rrc=16.16 nr_rrc=16.144 rbid=1 pci=55 earfcn=1721 sfn_subfn=0 pdu_num=11 sib_mask=0 len=8
[I] [MEAS] PCell EARFCN=1721 PCI=55 RSRP=-65 RSRQ=-8
[I] [MEAS] neigh EARFCN=1721 PCI=455 RSRP=-85 RSRQ=-9
[D] QCP: log code=0xB193 len=176
[D] QCP: log code=0xB193 len=176
[D] QCP: log code=0xB193 len=176
[D] QCP: log code=0xB193 len=176
[D] QCP: log code=0xB193 len=176
[D] QCP: log code=0xB193 len=176
[D] QCP: log code=0xB193 len=176
[D] QCP: log code=0xB193 len=176
[D] QCP: log code=0xB193 len=176
[D] QCP: log code=0xB193 len=176
[D] QCP: log code=0xB193 len=176
[D] QCP: log code=0xB193 len=176
[D] QCP: log code=0xB193 len=176
[D] QCP: log code=0xB193 len=176
[D] QCP: log code=0xB193 len=176
[D] QCP: log code=0xB193 len=176
[D] QCP: log code=0xB193 len=176
[D] QCP: log code=0xB193 len=176
[D] QCP: log code=0xB193 len=176
[D] QCP: log code=0xB193 len=176
[D] QCP: log code=0xB193 len=176
[D] QCP: log code=0xB0C0 len=41
[D] LTE 0xB0C0 RRC OTA: ver=27 plen=29
[D] 0xB0C0 [29 bytes]: 1B 10 10 10 90 01 37 00 B9 06 00 00 00 00 0B 00 00 00 00 08 00 08 15 4B 58 02 71 B8 00 
[D] v25 item: rrc=16.16 nr_rrc=16.144 rbid=1 pci=55 earfcn=1721 sfn_subfn=0 pdu_num=11 sib_mask=0 len=8
[I] [MEAS] PCell EARFCN=1721 PCI=55 RSRP=-65 RSRQ=-8
[I] [MEAS] neigh EARFCN=1721 PCI=156 RSRP=-84 RSRQ=-19
[D] QCP: log code=0xB193 len=176
[D] QCP: log code=0xB0C0 len=59
[D] LTE 0xB0C0 RRC OTA: ver=27 plen=47
[D] 0xB0C0 [47 bytes]: 1B 10 10 10 90 01 37 00 B9 06 00 00 59 30 09 00 00 00 00 1A 00 24 10 37 00 42 20 14 60 18 83 45 E0 20 32 00 48 46 10 01 0B DC 05 2A 01 4A 90 
[D] v25 item: rrc=16.16 nr_rrc=16.144 rbid=1 pci=55 earfcn=1721 sfn_subfn=12377 pdu_num=9 sib_mask=0 len=26
[D] QCP: log code=0xB0C0 len=35
[D] LTE 0xB0C0 RRC OTA: ver=27 plen=23
[D] 0xB0C0 [23 bytes]: 1B 10 10 10 90 01 37 00 B9 06 00 00 00 00 0B 00 00 00 00 02 00 14 00 
[D] v25 item: rrc=16.16 nr_rrc=16.144 rbid=1 pci=55 earfcn=1721 sfn_subfn=0 pdu_num=11 sib_mask=0 len=2
[D] QCP: log code=0xB193 len=176
[D] QCP: log code=0xB193 len=176
[D] QCP: log code=0xB193 len=176
[D] QCP: log code=0xB193 len=176
[D] QCP: log code=0xB193 len=176
[D] QCP: log code=0xB193 len=176
[D] QCP: log code=0xB193 len=176
[D] QCP: log code=0xB193 len=176
[D] QCP: log code=0xB193 len=176
[D] QCP: log code=0xB193 len=176
[D] QCP: log code=0xB193 len=176
[D] QCP: log code=0xB193 len=176
[D] QCP: log code=0xB193 len=176
[D] QCP: log code=0xB0C0 len=41
[D] LTE 0xB0C0 RRC OTA: ver=27 plen=29
[D] 0xB0C0 [29 bytes]: 1B 10 10 10 90 01 37 00 B9 06 00 00 00 00 0B 00 00 00 00 08 00 08 15 CB 5C 02 09 C4 64 
[D] v25 item: rrc=16.16 nr_rrc=16.144 rbid=1 pci=55 earfcn=1721 sfn_subfn=0 pdu_num=11 sib_mask=0 len=8
[I] [MEAS] PCell EARFCN=1721 PCI=55 RSRP=-65 RSRQ=-8
[I] [MEAS] neigh EARFCN=1721 PCI=130 RSRP=-72 RSRQ=-7
[D] QCP: log code=0xB193 len=176
[D] QCP: log code=0xB193 len=176
[D] QCP: log code=0xB193 len=176
[D] QCP: log code=0xB193 len=176
[D] QCP: log code=0xB193 len=176
[D] QCP: log code=0xB193 len=176
[D] QCP: log code=0xB193 len=176
[D] QCP: log code=0xB193 len=176
[D] QCP: log code=0xB193 len=176
[D] QCP: log code=0xB0C0 len=70
[D] LTE 0xB0C0 RRC OTA: ver=27 plen=58
[D] 0xB0C0 [58 bytes]: 1B 10 10 10 90 01 37 00 B9 06 00 00 08 32 09 00 00 00 00 25 00 26 10 15 20 02 30 4A 6A 52 F0 10 19 00 95 23 00 E0 2C 63 C0 A0 28 0A 49 42 30 2E 63 C0 A0 28 01 48 4A A0 AB 00 
[D] v25 item: rrc=16.16 nr_rrc=16.144 rbid=1 pci=55 earfcn=1721 sfn_subfn=12808 pdu_num=9 sib_mask=0 len=37
[D] QCP: log code=0xB193 len=176
[D] QCP: log code=0xB0C0 len=35
[D] LTE 0xB0C0 RRC OTA: ver=27 plen=23
[D] 0xB0C0 [23 bytes]: 1B 10 10 10 90 01 37 00 B9 06 00 00 00 00 0B 00 00 00 00 02 00 16 00 
[D] v25 item: rrc=16.16 nr_rrc=16.144 rbid=1 pci=55 earfcn=1721 sfn_subfn=0 pdu_num=11 sib_mask=0 len=2
[D] QCP: log code=0xB193 len=176
[D] QCP: log code=0xB193 len=176
[D] QCP: log code=0xB193 len=176
[D] QCP: log code=0xB193 len=176
[D] QCP: log code=0xB193 len=176
[D] QCP: log code=0xB193 len=176
[D] QCP: log code=0xB193 len=176
[D] QCP: log code=0xB193 len=176
[D] QCP: log code=0xB193 len=176
[D] QCP: log code=0xB193 len=176
[D] QCP: log code=0xB193 len=176
[D] QCP: log code=0xB193 len=176
[D] QCP: log code=0xB193 len=176
[D] QCP: log code=0xB193 len=176
[D] QCP: log code=0xB193 len=176
[D] QCP: log code=0xB193 len=176
[D] QCP: log code=0xB193 len=176
[D] QCP: log code=0xB193 len=176
[D] QCP: log code=0xB193 len=176
[D] QCP: log code=0xB193 len=176
[D] QCP: log code=0xB193 len=176
[D] QCP: log code=0xB193 len=176
[D] QCP: log code=0xB193 len=176
[D] QCP: log code=0xB193 len=176
[D] QCP: log code=0xB193 len=176
[D] QCP: log code=0xB193 len=176
[D] QCP: log code=0xB193 len=176
[D] QCP: log code=0xB0C0 len=37
[D] LTE 0xB0C0 RRC OTA: ver=27 plen=25
[D] 0xB0C0 [25 bytes]: 1B 10 10 10 90 01 37 00 B9 06 00 00 00 00 0B 00 00 00 00 04 00 08 04 4B 60 
[D] v25 item: rrc=16.16 nr_rrc=16.144 rbid=1 pci=55 earfcn=1721 sfn_subfn=0 pdu_num=11 sib_mask=0 len=4
[I] [MEAS] PCell EARFCN=1721 PCI=55 RSRP=-65 RSRQ=-7
[D] QCP: log code=0xB193 len=176
[D] QCP: log code=0xB193 len=176
[D] QCP: log code=0xB193 len=176
[D] QCP: log code=0xB193 len=176
[D] QCP: log code=0xB193 len=176
[D] QCP: log code=0xB0C0 len=41
[D] LTE 0xB0C0 RRC OTA: ver=27 plen=29
[D] 0xB0C0 [29 bytes]: 1B 10 10 10 90 01 37 00 B9 06 00 00 00 00 0B 00 00 00 00 08 00 08 16 4B 60 02 B5 C3 68 
[D] v25 item: rrc=16.16 nr_rrc=16.144 rbid=1 pci=55 earfcn=1721 sfn_subfn=0 pdu_num=11 sib_mask=0 len=8
[I] [MEAS] PCell EARFCN=1721 PCI=55 RSRP=-65 RSRQ=-7
[I] [MEAS] neigh EARFCN=1721 PCI=173 RSRP=-73 RSRQ=-6
[D] QCP: log code=0xB193 len=176
[D] QCP: log code=0xB193 len=176
[D] QCP: log code=0xB193 len=176
[D] QCP: log code=0xB193 len=176
[D] QCP: log code=0xB193 len=176
[D] QCP: log code=0xB193 len=176
[D] QCP: log code=0xB0C0 len=40
[D] LTE 0xB0C0 RRC OTA: ver=27 plen=28
[D] 0xB0C0 [28 bytes]: 1B 10 10 10 90 00 37 00 B9 06 00 00 B9 74 07 00 00 00 00 07 00 40 0E 0E 05 F2 01 F0 
[D] v25 item: rrc=16.16 nr_rrc=16.144 rbid=0 pci=55 earfcn=1721 sfn_subfn=29881 pdu_num=7 sib_mask=0 len=7
[D] QCP: log code=0xB193 len=176
[D] QCP: log code=0xB193 len=176
[D] QCP: log code=0xB193 len=176
[D] QCP: log code=0xB193 len=176
[D] QCP: log code=0xB193 len=176
[D] QCP: log code=0xB193 len=176
[D] QCP: log code=0xB193 len=176
[D] QCP: log code=0xB193 len=176
[D] QCP: log code=0xB193 len=176
[D] QCP: log code=0xB193 len=176
[D] QCP: log code=0xB193 len=176
[D] QCP: log code=0xB193 len=176
[D] QCP: log code=0xB193 len=176
[D] QCP: log code=0xB193 len=176
[D] QCP: log code=0xB193 len=176
[D] QCP: log code=0xB193 len=176
[D] QCP: log code=0xB193 len=176
[D] QCP: log code=0xB193 len=176
[D] QCP: log code=0xB193 len=176
[D] QCP: log code=0xB193 len=176
[D] QCP: log code=0xB193 len=176
[D] QCP: log code=0xB193 len=176
[D] QCP: log code=0xB0C0 len=41
[D] LTE 0xB0C0 RRC OTA: ver=27 plen=29
[D] 0xB0C0 [29 bytes]: 1B 10 10 10 90 01 37 00 B9 06 00 00 00 00 0B 00 00 00 00 08 00 08 12 CB 58 04 59 BB 4C 
[D] v25 item: rrc=16.16 nr_rrc=16.144 rbid=1 pci=55 earfcn=1721 sfn_subfn=0 pdu_num=11 sib_mask=0 len=8
[I] [MEAS] PCell EARFCN=1721 PCI=55 RSRP=-65 RSRQ=-8
[I] [MEAS] neigh EARFCN=1721 PCI=278 RSRP=-81 RSRQ=-10
[D] QCP: log code=0xB193 len=176
[D] QCP: log code=0xB0C0 len=47
[D] LTE 0xB0C0 RRC OTA: ver=27 plen=35
[D] 0xB0C0 [35 bytes]: 1B 10 10 10 90 01 37 00 B9 06 00 00 63 36 09 00 00 00 00 0E 00 20 10 2A 00 86 42 8C E8 49 8A 74 2D 85 30 
[D] v25 item: rrc=16.16 nr_rrc=16.144 rbid=1 pci=55 earfcn=1721 sfn_subfn=13923 pdu_num=9 sib_mask=0 len=14
[D] QCP: log code=0xB0C0 len=35
[D] LTE 0xB0C0 RRC OTA: ver=27 plen=23
[D] 0xB0C0 [23 bytes]: 1B 10 10 10 90 01 37 00 B9 06 00 00 00 00 0B 00 00 00 00 02 00 10 00 
[D] v25 item: rrc=16.16 nr_rrc=16.144 rbid=1 pci=55 earfcn=1721 sfn_subfn=0 pdu_num=11 sib_mask=0 len=2
[D] QCP: log code=0xB193 len=176
[D] QCP: log code=0xB0C0 len=135
[D] LTE 0xB0C0 RRC OTA: ver=27 plen=123
[D] 0xB0C0 [123 bytes]: 1B 10 10 10 90 01 37 00 B9 06 00 00 77 36 09 00 00 00 00 66 00 22 0B BD 39 01 77 47 C7 A2 02 8F 06 F6 0E 98 8C 37 FC 76 CB 30 08 00 07 02 0A 63 02 20 30 1F 80 56 E8 21 AE 00 50 18 0E 0B 0C 02 ...(+59)
[D] v25 item: rrc=16.16 nr_rrc=16.144 rbid=1 pci=55 earfcn=1721 sfn_subfn=13943 pdu_num=9 sib_mask=0 len=102
[D] QCP: log code=0xB197 len=48
[I] ML1 0xB197 ServInfo: EARFCN=375 PCI=133 (v2)
[D] QCP: log code=0xB197 len=48
[I] ML1 0xB197 ServInfo: EARFCN=375 PCI=133 (v2)
[D] QCP: log code=0xB0C0 len=35
[D] LTE 0xB0C0 RRC OTA: ver=27 plen=23
[D] 0xB0C0 [23 bytes]: 1B 10 10 10 90 01 9C 00 77 01 00 00 00 00 0B 00 00 00 00 02 00 12 00 
[D] v25 item: rrc=16.16 nr_rrc=16.144 rbid=1 pci=156 earfcn=375 sfn_subfn=0 pdu_num=11 sib_mask=0 len=2
[D] QCP: log code=0xB193 len=176
[D] QCP: log code=0xB197 len=48
[I] ML1 0xB197 ServInfo: EARFCN=375 PCI=133 (v2)
[D] QCP: log code=0xB0C1 len=23
[D] LTE 0xB0C1 MIB: ver=2 plen=11
[D] 0xB0C1 [11 bytes]: 02 9C 00 77 01 00 00 6F 03 04 4B 
[D] LTE MIB v2: bandwidth=75 tx_antenna=4 sfn=879 earfcn=375 pci=156
[D] QCP: log code=0xB0C0 len=51
[D] LTE 0xB0C0 RRC OTA: ver=27 plen=39
[D] 0xB0C0 [39 bytes]: 1B 10 10 10 90 00 9C 00 77 01 00 00 05 B7 03 02 00 00 00 12 00 40 49 40 03 45 8E 31 6D F1 98 20 01 10 81 04 4C 24 D5 
[D] v25 item: rrc=16.16 nr_rrc=16.144 rbid=0 pci=156 earfcn=375 sfn_subfn=46853 pdu_num=3 sib_mask=2 len=18
[I] [SIB1] EARFCN=375 PCI=156 MCC=250 MNC=1 CID=51830553 TAC=17806 barred=0 csg=0
[D] QCP: log code=0xB0C0 len=55
[D] LTE 0xB0C0 RRC OTA: ver=27 plen=43
[D] 0xB0C0 [43 bytes]: 1B 10 10 10 90 01 9C 00 77 01 00 00 08 37 09 00 00 00 00 16 00 24 02 05 16 6D 87 32 86 80 00 50 A1 01 9C C0 40 35 07 80 29 42 00 
[D] v25 item: rrc=16.16 nr_rrc=16.144 rbid=1 pci=156 earfcn=375 sfn_subfn=14088 pdu_num=9 sib_mask=0 len=22
[D] QCP: log code=0xB0C0 len=35
[D] LTE 0xB0C0 RRC OTA: ver=27 plen=23
[D] 0xB0C0 [23 bytes]: 1B 10 10 10 90 01 9C 00 77 01 00 00 00 00 0B 00 00 00 00 02 00 14 00 
[D] v25 item: rrc=16.16 nr_rrc=16.144 rbid=1 pci=156 earfcn=375 sfn_subfn=0 pdu_num=11 sib_mask=0 len=2
[D] QCP: log code=0xB193 len=176
[D] QCP: log code=0xB0C0 len=65
[D] LTE 0xB0C0 RRC OTA: ver=27 plen=53
[D] 0xB0C0 [53 bytes]: 1B 10 10 10 90 01 9C 00 77 01 00 00 38 37 09 00 00 00 00 20 00 26 02 85 16 ED 86 02 86 80 00 50 A1 01 9C C0 40 35 06 41 68 50 84 A0 42 44 68 68 0D 83 30 A1 00 
[D] v25 item: rrc=16.16 nr_rrc=16.144 rbid=1 pci=156 earfcn=375 sfn_subfn=14136 pdu_num=9 sib_mask=0 len=32
[D] QCP: log code=0xB193 len=176
[D] QCP: log code=0xB0C0 len=35
[D] LTE 0xB0C0 RRC OTA: ver=27 plen=23
[D] 0xB0C0 [23 bytes]: 1B 10 10 10 90 01 9C 00 77 01 00 00 00 00 0B 00 00 00 00 02 00 16 00 
[D] v25 item: rrc=16.16 nr_rrc=16.144 rbid=1 pci=156 earfcn=375 sfn_subfn=0 pdu_num=11 sib_mask=0 len=2
[D] QCP: log code=0xB193 len=176
[D] QCP: log code=0xB0C0 len=127
[D] LTE 0xB0C0 RRC OTA: ver=27 plen=115
[D] 0xB0C0 [115 bytes]: 1B 10 10 10 90 01 9C 00 77 01 00 00 57 37 09 00 00 00 00 5E 00 20 10 3F A0 02 10 05 00 2E EC BC 00 4E 3C 43 04 A6 A5 2F 01 01 90 11 0A A3 81 15 01 48 CB 81 40 50 04 04 60 16 82 03 03 28 17 82 ...(+51)
[D] v25 item: rrc=16.16 nr_rrc=16.144 rbid=1 pci=156 earfcn=375 sfn_subfn=14167 pdu_num=9 sib_mask=0 len=94
[D] QCP: log code=0xB0C0 len=35
[D] LTE 0xB0C0 RRC OTA: ver=27 plen=23
[D] 0xB0C0 [23 bytes]: 1B 10 10 10 90 01 9C 00 77 01 00 00 00 00 0B 00 00 00 00 02 00 10 00 
[D] v25 item: rrc=16.16 nr_rrc=16.144 rbid=1 pci=156 earfcn=375 sfn_subfn=0 pdu_num=11 sib_mask=0 len=2
[D] QCP: log code=0xB193 len=176
[D] QCP: log code=0xB0C0 len=43
[D] LTE 0xB0C0 RRC OTA: ver=27 plen=31
[D] 0xB0C0 [31 bytes]: 1B 10 10 10 90 01 9C 00 77 01 00 00 00 00 0B 00 00 00 00 0A 00 08 24 41 48 42 00 0D 08 B5 44 
[D] v25 item: rrc=16.16 nr_rrc=16.144 rbid=1 pci=156 earfcn=375 sfn_subfn=0 pdu_num=11 sib_mask=0 len=10
[D] QCP: log code=0xB193 len=176
[D] QCP: log code=0xB193 len=176
[D] QCP: log code=0xB193 len=176
[D] QCP: log code=0xB193 len=176
[D] QCP: log code=0xB193 len=176
[D] QCP: log code=0xB193 len=176
[D] QCP: log code=0xB193 len=176
[D] QCP: log code=0xB193 len=176
[D] QCP: log code=0xB193 len=176
[D] QCP: log code=0xB0C0 len=82
[D] LTE 0xB0C0 RRC OTA: ver=27 plen=70
[D] 0xB0C0 [70 bytes]: 1B 10 10 10 90 00 9C 00 77 01 00 00 00 F8 03 0C 00 00 00 31 00 00 82 5D 31 18 6F F9 23 B4 36 07 96 60 10 00 0E 04 14 C6 77 18 B5 50 2A 03 48 03 00 92 E4 18 0C 24 20 01 80 0C D2 8A B9 1F 64 F0 ...(+6)
[D] v25 item: rrc=16.16 nr_rrc=16.144 rbid=0 pci=156 earfcn=375 sfn_subfn=63488 pdu_num=3 sib_mask=12 len=49
[D] [B0C0/SIB1] decode failed (plen=49, earfcn=375, pci=156): ASN.1 decode failed
[D] QCP: log code=0xB0C2 len=41
[I] [B0C2] count=6 (ver=3 plen=29)
[D] LTE 0xB0C2 ver=3 plen=29
[D] 0xB0C2 [29 bytes]: 03 9C 00 77 01 00 00 C7 47 00 00 4B 4B 19 DF 16 03 8E 45 01 00 00 00 FA 00 02 01 00 00 
[B0C2-v3] decoded pci=156 dl_earfcn=375 ul_earfcn=18375 cell_id=0x316DF19 tac=0x458E band=1 mcc=250 mnc=1  [OK]
[I] LTE RRC SCell v3: EARFCN=375/18375 Band=1 BW=75/75 PCI=156 CID=0x316DF19 TAC=0x458E MCC=250 MNC=01
[D] QCP: log code=0xB193 len=176
[D] QCP: log code=0xB193 len=176
[D] QCP: log code=0xB193 len=176
[D] QCP: log code=0xB193 len=176
[D] QCP: log code=0xB0C0 len=74
[D] LTE 0xB0C0 RRC OTA: ver=27 plen=62
[D] 0xB0C0 [62 bytes]: 1B 10 10 10 90 00 9C 00 77 01 00 00 40 B8 03 20 00 00 00 29 00 00 0F 04 03 5C 90 4A 56 A8 80 C8 02 09 4A D5 11 29 A8 41 52 AA A2 03 8D 88 25 32 34 40 C4 19 04 A6 46 80 82 01 D0 8A 00 00 
[D] v25 item: rrc=16.16 nr_rrc=16.144 rbid=0 pci=156 earfcn=375 sfn_subfn=47168 pdu_num=3 sib_mask=32 len=41
[D] QCP: log code=0xB193 len=176
[D] QCP: log code=0xB193 len=176
[D] QCP: log code=0xB193 len=176
[D] QCP: log code=0xB193 len=176
[D] QCP: log code=0xB193 len=176
[D] QCP: log code=0xB193 len=176
[D] QCP: log code=0xB193 len=176
[D] QCP: log code=0xB193 len=176
[D] QCP: log code=0xB193 len=176
[D] QCP: log code=0xB193 len=176
[D] QCP: log code=0xB193 len=176
[D] QCP: log code=0xB193 len=176
[D] QCP: log code=0xB193 len=176
[D] QCP: log code=0xB193 len=176
[D] QCP: log code=0xB193 len=176
[D] QCP: log code=0xB193 len=176
[D] QCP: log code=0xB193 len=176
[D] QCP: log code=0xB193 len=176
[D] QCP: log code=0xB0C0 len=45
[D] LTE 0xB0C0 RRC OTA: ver=27 plen=33
[D] 0xB0C0 [33 bytes]: 1B 10 10 10 90 01 9C 00 77 01 00 00 C0 3C 09 00 00 00 00 0C 00 22 02 01 80 02 00 20 80 20 02 F0 00 
[D] v25 item: rrc=16.16 nr_rrc=16.144 rbid=1 pci=156 earfcn=375 sfn_subfn=15552 pdu_num=9 sib_mask=0 len=12
[D] QCP: log code=0xB193 len=176
[D] QCP: log code=0xB0C0 len=35
[D] LTE 0xB0C0 RRC OTA: ver=27 plen=23
[D] 0xB0C0 [23 bytes]: 1B 10 10 10 90 01 9C 00 77 01 00 00 00 00 0B 00 00 00 00 02 00 12 00 
[D] v25 item: rrc=16.16 nr_rrc=16.144 rbid=1 pci=156 earfcn=375 sfn_subfn=0 pdu_num=11 sib_mask=0 len=2
[D] QCP: log code=0xB193 len=176
[D] QCP: log code=0xB193 len=176
[D] QCP: log code=0xB193 len=176
[D] QCP: log code=0xB193 len=176
[D] QCP: log code=0xB193 len=176
[D] QCP: log code=0xB193 len=176
[D] QCP: log code=0xB193 len=176
[D] QCP: log code=0xB193 len=176
[D] QCP: log code=0xB193 len=176
[D] QCP: log code=0xB193 len=176
[D] QCP: log code=0xB193 len=176
[D] QCP: log code=0xB193 len=176
[D] QCP: log code=0xB193 len=176
[D] QCP: log code=0xB193 len=176
[D] QCP: log code=0xB193 len=176
[D] QCP: log code=0xB193 len=176
[D] QCP: log code=0xB193 len=176
[D] QCP: log code=0xB193 len=176
[D] QCP: log code=0xB193 len=176
[D] QCP: log code=0xB0C0 len=40
[D] LTE 0xB0C0 RRC OTA: ver=27 plen=28
[D] 0xB0C0 [28 bytes]: 1B 10 10 10 90 00 9C 00 77 01 00 00 49 40 07 00 00 00 00 07 00 40 0D 0C 45 54 04 B0 
[D] v25 item: rrc=16.16 nr_rrc=16.144 rbid=0 pci=156 earfcn=375 sfn_subfn=16457 pdu_num=7 sib_mask=0 len=7
[D] QCP: log code=0xB193 len=176
[D] QCP: log code=0xB193 len=176
[D] QCP: log code=0xB193 len=176
[D] QCP: log code=0xB193 len=176
[D] QCP: log code=0xB193 len=176
[D] QCP: log code=0xB193 len=176
[D] QCP: log code=0xB193 len=176
[D] QCP: log code=0xB193 len=176
[D] QCP: log code=0xB193 len=176
[D] QCP: log code=0xB193 len=176
[D] QCP: log code=0xB193 len=176
[D] QCP: log code=0xB193 len=176
[D] QCP: log code=0xB193 len=176
[D] QCP: log code=0xB193 len=176
[D] QCP: log code=0xB193 len=176
[D] QCP: log code=0xB193 len=176
[D] QCP: log code=0xB193 len=176
[D] QCP: log code=0xB0C0 len=43
[D] LTE 0xB0C0 RRC OTA: ver=27 plen=31
[D] 0xB0C0 [31 bytes]: 1B 10 10 10 90 01 9C 00 77 01 00 00 00 00 0B 00 00 00 00 0A 00 08 21 C0 14 42 00 0D 08 B5 40 
[D] v25 item: rrc=16.16 nr_rrc=16.144 rbid=1 pci=156 earfcn=375 sfn_subfn=0 pdu_num=11 sib_mask=0 len=10
[D] QCP: log code=0xB193 len=176
[D] QCP: log code=0xB0C0 len=77
[D] LTE 0xB0C0 RRC OTA: ver=27 plen=65
[D] 0xB0C0 [65 bytes]: 1B 10 10 10 90 01 9C 00 77 01 00 00 03 05 09 00 00 00 00 2C 00 24 12 15 60 44 30 4A 6A 52 F0 10 19 00 05 00 2E EC BC 00 4E 3C 24 49 06 50 2F 63 C0 A0 28 05 01 28 17 82 01 20 88 90 16 8F C0 10 ...(+1)
[D] v25 item: rrc=16.16 nr_rrc=16.144 rbid=1 pci=156 earfcn=375 sfn_subfn=1283 pdu_num=9 sib_mask=0 len=44
[D] QCP: log code=0xB0C0 len=35
[D] LTE 0xB0C0 RRC OTA: ver=27 plen=23
[D] 0xB0C0 [23 bytes]: 1B 10 10 10 90 01 9C 00 77 01 00 00 00 00 0B 00 00 00 00 02 00 14 00 
[D] v25 item: rrc=16.16 nr_rrc=16.144 rbid=1 pci=156 earfcn=375 sfn_subfn=0 pdu_num=11 sib_mask=0 len=2
[D] QCP: log code=0xB0C0 len=47
[D] LTE 0xB0C0 RRC OTA: ver=27 plen=35
[D] 0xB0C0 [35 bytes]: 1B 10 10 10 90 01 9C 00 77 01 00 00 00 00 0B 00 00 00 00 0E 00 08 34 40 14 01 79 BE 1C 42 00 0D 08 B5 40 
[D] v25 item: rrc=16.16 nr_rrc=16.144 rbid=1 pci=156 earfcn=375 sfn_subfn=0 pdu_num=11 sib_mask=0 len=14
[D] QCP: log code=0xB193 len=176
[D] QCP: log code=0xB193 len=176
[D] QCP: log code=0xB193 len=176
[D] QCP: log code=0xB193 len=176
[D] QCP: log code=0xB193 len=176
[D] QCP: log code=0xB193 len=176
[D] QCP: log code=0xB193 len=176
[D] QCP: log code=0xB193 len=176
[D] QCP: log code=0xB193 len=176
[D] QCP: log code=0xB0C0 len=42
[D] LTE 0xB0C0 RRC OTA: ver=27 plen=30
[D] 0xB0C0 [30 bytes]: 1B 10 10 10 90 01 9C 00 77 01 00 00 D3 05 09 00 00 00 00 09 00 26 02 01 80 01 02 04 10 20 
[D] v25 item: rrc=16.16 nr_rrc=16.144 rbid=1 pci=156 earfcn=375 sfn_subfn=1491 pdu_num=9 sib_mask=0 len=9
[D] QCP: log code=0xB0C0 len=35
[D] LTE 0xB0C0 RRC OTA: ver=27 plen=23
[D] 0xB0C0 [23 bytes]: 1B 10 10 10 90 01 9C 00 77 01 00 00 00 00 0B 00 00 00 00 02 00 16 00 
[D] v25 item: rrc=16.16 nr_rrc=16.144 rbid=1 pci=156 earfcn=375 sfn_subfn=0 pdu_num=11 sib_mask=0 len=2
[D] QCP: log code=0xB193 len=176
[D] QCP: log code=0xB193 len=176
[D] QCP: log code=0xB193 len=176
[D] QCP: log code=0xB193 len=176
[D] QCP: log code=0xB193 len=176
[D] QCP: log code=0xB193 len=176
[D] QCP: log code=0xB193 len=176
[D] QCP: log code=0xB193 len=176
[D] QCP: log code=0xB193 len=176
[D] QCP: log code=0xB193 len=176
[D] QCP: log code=0xB193 len=176
[D] QCP: log code=0xB193 len=176
[D] QCP: log code=0xB193 len=176
[D] QCP: log code=0xB193 len=176
[D] QCP: log code=0xB193 len=176
[D] QCP: log code=0xB193 len=176
[D] QCP: log code=0xB193 len=176
[D] QCP: log code=0xB193 len=176
[D] QCP: log code=0xB193 len=176
[D] QCP: log code=0xB193 len=176
[D] QCP: log code=0xB193 len=176
[D] QCP: log code=0xB193 len=176
[D] QCP: log code=0xB193 len=176
[D] QCP: log code=0xB193 len=176
[D] QCP: log code=0xB193 len=176
[D] QCP: log code=0xB193 len=176
[D] QCP: log code=0xB193 len=176
[D] QCP: log code=0xB193 len=176
[D] QCP: log code=0xB193 len=176
[D] QCP: log code=0xB193 len=176
[D] QCP: log code=0xB193 len=176
[D] QCP: log code=0xB193 len=176
[D] QCP: log code=0xB193 len=176
[D] QCP: log code=0xB193 len=176
[D] QCP: log code=0xB193 len=176
[D] QCP: log code=0xB193 len=176
[D] QCP: log code=0xB193 len=176
[D] QCP: log code=0xB193 len=176
[D] QCP: log code=0xB193 len=176
[D] QCP: log code=0xB193 len=176
[D] QCP: log code=0xB193 len=176
[D] QCP: log code=0xB193 len=176
[D] QCP: log code=0xB193 len=176
[D] QCP: log code=0xB193 len=176
[D] QCP: log code=0xB193 len=176
[D] QCP: log code=0xB193 len=176
[D] QCP: log code=0xB193 len=176
[D] QCP: log code=0xB193 len=176
[D] QCP: log code=0xB193 len=176
[D] QCP: log code=0xB193 len=176
[D] QCP: log code=0xB193 len=176
[D] QCP: log code=0xB193 len=176
[D] QCP: log code=0xB193 len=176
[D] QCP: log code=0xB193 len=176
[D] QCP: log code=0xB193 len=176
[D] QCP: log code=0xB193 len=176
[D] QCP: log code=0xB193 len=176
[D] QCP: log code=0xB193 len=176
[D] QCP: log code=0xB193 len=176
[D] QCP: log code=0xB193 len=176
[D] QCP: log code=0xB193 len=176
[D] QCP: log code=0xB193 len=176
[D] QCP: log code=0xB193 len=176
[D] QCP: log code=0xB193 len=176
[D] QCP: log code=0xB193 len=176
[D] QCP: log code=0xB193 len=176
[D] QCP: log code=0xB193 len=176
[D] QCP: log code=0xB193 len=176
[D] QCP: log code=0xB193 len=176
[D] QCP: log code=0xB193 len=176
[D] QCP: log code=0xB193 len=176
[D] QCP: log code=0xB0C0 len=43
[D] LTE 0xB0C0 RRC OTA: ver=27 plen=31
[D] 0xB0C0 [31 bytes]: 1B 10 10 10 90 01 9C 00 77 01 00 00 00 00 0B 00 00 00 00 0A 00 08 24 BF 30 42 00 0D 08 B6 40 
[D] v25 item: rrc=16.16 nr_rrc=16.144 rbid=1 pci=156 earfcn=375 sfn_subfn=0 pdu_num=11 sib_mask=0 len=10
[D] QCP: log code=0xB193 len=176
[D] QCP: log code=0xB193 len=176
[D] QCP: log code=0xB193 len=176
[D] QCP: log code=0xB0C0 len=47
[D] LTE 0xB0C0 RRC OTA: ver=27 plen=35
[D] 0xB0C0 [35 bytes]: 1B 10 10 10 90 01 9C 00 77 01 00 00 43 0B 09 00 00 00 00 0E 00 20 12 0A 40 48 50 91 20 82 DD B0 C0 50 C0 
[D] v25 item: rrc=16.16 nr_rrc=16.144 rbid=1 pci=156 earfcn=375 sfn_subfn=2883 pdu_num=9 sib_mask=0 len=14
[D] QCP: log code=0xB0C0 len=35
[D] LTE 0xB0C0 RRC OTA: ver=27 plen=23
[D] 0xB0C0 [23 bytes]: 1B 10 10 10 90 01 9C 00 77 01 00 00 00 00 0B 00 00 00 00 02 00 10 00 
[D] v25 item: rrc=16.16 nr_rrc=16.144 rbid=1 pci=156 earfcn=375 sfn_subfn=0 pdu_num=11 sib_mask=0 len=2
[D] QCP: log code=0xB193 len=176
[D] QCP: log code=0xB193 len=176
[D] QCP: log code=0xB193 len=176
[D] QCP: log code=0xB193 len=176
[D] QCP: log code=0xB193 len=176
[D] QCP: log code=0xB193 len=176
[D] QCP: log code=0xB193 len=176
[D] QCP: log code=0xB193 len=176
[D] QCP: log code=0xB193 len=176
[D] QCP: log code=0xB193 len=176
[D] QCP: log code=0xB193 len=176
[D] QCP: log code=0xB193 len=176
[D] QCP: log code=0xB193 len=176
[D] QCP: log code=0xB193 len=176
[D] QCP: log code=0xB193 len=176
[D] QCP: log code=0xB193 len=176
[D] QCP: log code=0xB193 len=176
[D] QCP: log code=0xB193 len=176
[D] QCP: log code=0xB193 len=176
[D] QCP: log code=0xB193 len=176
[D] QCP: log code=0xB193 len=176
[D] QCP: log code=0xB193 len=176
[D] QCP: log code=0xB193 len=176
[D] QCP: log code=0xB193 len=176
[D] QCP: log code=0xB193 len=176
[D] QCP: log code=0xB193 len=176
[D] QCP: log code=0xB193 len=176
[D] QCP: log code=0xB193 len=176
[D] QCP: log code=0xB193 len=176
[D] QCP: log code=0xB193 len=176
[D] QCP: log code=0xB193 len=176
[D] QCP: log code=0xB193 len=176
[D] QCP: log code=0xB0C0 len=43
[D] LTE 0xB0C0 RRC OTA: ver=27 plen=31
[D] 0xB0C0 [31 bytes]: 1B 10 10 10 90 01 9C 00 77 01 00 00 00 00 0B 00 00 00 00 0A 00 08 21 BF 1C 42 00 0D 08 B5 40 
[D] v25 item: rrc=16.16 nr_rrc=16.144 rbid=1 pci=156 earfcn=375 sfn_subfn=0 pdu_num=11 sib_mask=0 len=10
[D] QCP: log code=0xB0C0 len=77
[D] LTE 0xB0C0 RRC OTA: ver=27 plen=65
[D] 0xB0C0 [65 bytes]: 1B 10 10 10 90 01 9C 00 77 01 00 00 59 11 09 00 00 00 00 2C 00 22 12 15 60 44 30 4A 6A 52 F0 10 19 00 05 00 2E EC BC 00 4E 3C 24 49 06 50 2F 63 C0 A0 28 05 01 28 17 82 01 20 88 90 16 8F C0 10 ...(+1)
[D] v25 item: rrc=16.16 nr_rrc=16.144 rbid=1 pci=156 earfcn=375 sfn_subfn=4441 pdu_num=9 sib_mask=0 len=44
[D] QCP: log code=0xB0C0 len=35
[D] LTE 0xB0C0 RRC OTA: ver=27 plen=23
[D] 0xB0C0 [23 bytes]: 1B 10 10 10 90 01 9C 00 77 01 00 00 00 00 0B 00 00 00 00 02 00 12 00 
[D] v25 item: rrc=16.16 nr_rrc=16.144 rbid=1 pci=156 earfcn=375 sfn_subfn=0 pdu_num=11 sib_mask=0 len=2
[D] QCP: log code=0xB0C0 len=43
[D] LTE 0xB0C0 RRC OTA: ver=27 plen=31
[D] 0xB0C0 [31 bytes]: 1B 10 10 10 90 01 9C 00 77 01 00 00 00 00 0B 00 00 00 00 0A 00 08 24 3F 1C 42 00 0D 08 B5 40 
[D] v25 item: rrc=16.16 nr_rrc=16.144 rbid=1 pci=156 earfcn=375 sfn_subfn=0 pdu_num=11 sib_mask=0 len=10
[D] QCP: log code=0xB193 len=176
[D] QCP: log code=0xB193 len=176
[D] QCP: log code=0xB193 len=176
[D] QCP: log code=0xB193 len=176
[D] QCP: log code=0xB193 len=176
[D] QCP: log code=0xB193 len=176
[D] QCP: log code=0xB193 len=176
[D] QCP: log code=0xB193 len=176
[D] QCP: log code=0xB193 len=176
[D] QCP: log code=0xB193 len=176
[D] QCP: log code=0xB193 len=176
[D] QCP: log code=0xB193 len=176
[D] QCP: log code=0xB193 len=176
[D] QCP: log code=0xB193 len=176
[D] QCP: log code=0xB193 len=176
[D] QCP: log code=0xB193 len=176
[D] QCP: log code=0xB193 len=176
[D] QCP: log code=0xB193 len=176
[D] QCP: log code=0xB193 len=176
[D] QCP: log code=0xB193 len=176
[D] QCP: log code=0xB193 len=176
[D] QCP: log code=0xB193 len=176
[D] QCP: log code=0xB193 len=176
[D] QCP: log code=0xB193 len=176
[D] QCP: log code=0xB193 len=176
[D] QCP: log code=0xB193 len=176
[D] QCP: log code=0xB193 len=176
[D] QCP: log code=0xB193 len=176
[D] QCP: log code=0xB193 len=176
[D] QCP: log code=0xB193 len=176
[D] QCP: log code=0xB193 len=176
[D] QCP: log code=0xB193 len=176
[D] QCP: log code=0xB193 len=176
[D] QCP: log code=0xB193 len=176
[D] QCP: log code=0xB193 len=176
[D] QCP: log code=0xB193 len=176
[D] QCP: log code=0xB193 len=176
[D] QCP: log code=0xB193 len=176
[D] QCP: log code=0xB193 len=176
[D] QCP: log code=0xB193 len=176
[D] QCP: log code=0xB193 len=176
[D] QCP: log code=0xB193 len=176
[D] QCP: log code=0xB193 len=176
[D] QCP: log code=0xB193 len=176
[D] QCP: log code=0xB193 len=176
[D] QCP: log code=0xB193 len=176
[D] QCP: log code=0xB193 len=176
[D] QCP: log code=0xB193 len=176
[D] QCP: log code=0xB193 len=176
[D] QCP: log code=0xB193 len=176
[D] QCP: log code=0xB193 len=176
[D] QCP: log code=0xB193 len=176
[D] QCP: log code=0xB193 len=176
[D] QCP: log code=0xB193 len=176
[D] QCP: log code=0xB193 len=176
[D] QCP: log code=0xB193 len=176
[D] QCP: log code=0xB193 len=176
[D] QCP: log code=0xB193 len=176
[D] QCP: log code=0xB193 len=176
[D] QCP: log code=0xB193 len=176
[D] QCP: log code=0xB193 len=176
[D] QCP: log code=0xB193 len=176
[D] QCP: log code=0xB193 len=176
[D] QCP: log code=0xB193 len=176
[D] QCP: log code=0xB193 len=176
[D] QCP: log code=0xB193 len=176
[D] QCP: log code=0xB193 len=176
[D] QCP: log code=0xB193 len=176
[D] QCP: log code=0xB193 len=176
[D] QCP: log code=0xB193 len=176
[D] QCP: log code=0xB193 len=176
[D] QCP: log code=0xB193 len=176
[D] QCP: log code=0xB193 len=176
[D] QCP: log code=0xB193 len=176
[D] QCP: log code=0xB193 len=176
[D] QCP: log code=0xB193 len=176
[D] QCP: log code=0xB193 len=176
[D] QCP: log code=0xB193 len=176
[D] QCP: log code=0xB193 len=176
[D] QCP: log code=0xB193 len=176
[D] QCP: log code=0xB193 len=176
[D] QCP: log code=0xB193 len=176
[D] QCP: log code=0xB193 len=176
[D] QCP: log code=0xB193 len=176
[D] QCP: log code=0xB193 len=176
[D] QCP: log code=0xB193 len=176
[D] QCP: log code=0xB193 len=176
[D] QCP: log code=0xB193 len=176
[D] QCP: log code=0xB193 len=176
[D] QCP: log code=0xB193 len=176
[D] QCP: log code=0xB193 len=176
[D] QCP: log code=0xB193 len=176
[D] QCP: log code=0xB193 len=176
[D] QCP: log code=0xB193 len=176
[D] QCP: log code=0xB193 len=176
[D] QCP: log code=0xB193 len=176
[D] QCP: log code=0xB193 len=176
[D] QCP: log code=0xB193 len=176
[D] QCP: log code=0xB193 len=176
[D] QCP: log code=0xB193 len=176
[D] QCP: log code=0xB193 len=176
[D] QCP: log code=0xB193 len=176
[D] QCP: log code=0xB193 len=176
[D] QCP: log code=0xB193 len=176
[D] QCP: log code=0xB193 len=176
[D] QCP: log code=0xB193 len=176
[D] QCP: log code=0xB193 len=176
[D] QCP: log code=0xB193 len=176
[D] QCP: log code=0xB193 len=176
[D] QCP: log code=0xB193 len=176
[D] QCP: log code=0xB193 len=176
[D] QCP: log code=0xB193 len=176
[D] QCP: log code=0xB193 len=176
[D] QCP: log code=0xB193 len=176
[D] QCP: log code=0xB193 len=176
[D] QCP: log code=0xB193 len=176
[D] QCP: log code=0xB193 len=176
[D] QCP: log code=0xB193 len=176
[D] QCP: log code=0xB193 len=176
[D] QCP: log code=0xB193 len=176
[D] QCP: log code=0xB193 len=176
[D] QCP: log code=0xB193 len=176
[D] QCP: log code=0xB193 len=176
[D] QCP: log code=0xB193 len=176
[D] QCP: log code=0xB193 len=176
[D] QCP: log code=0xB193 len=176
[D] QCP: log code=0xB193 len=176
[D] QCP: log code=0xB193 len=176
[D] QCP: log code=0xB193 len=176
[D] QCP: log code=0xB193 len=176
[D] QCP: log code=0xB193 len=176
[D] QCP: log code=0xB193 len=176
[D] QCP: log code=0xB193 len=176
[D] QCP: log code=0xB193 len=176
[D] QCP: log code=0xB193 len=176
[D] QCP: log code=0xB193 len=176
[D] QCP: log code=0xB193 len=176
[D] QCP: log code=0xB193 len=176
[D] QCP: log code=0xB193 len=176
[D] QCP: log code=0xB0C0 len=47
[D] LTE 0xB0C0 RRC OTA: ver=27 plen=35
[D] 0xB0C0 [35 bytes]: 1B 10 10 10 90 01 9C 00 77 01 00 00 00 00 0B 00 00 00 00 0E 00 08 33 42 34 06 1D B3 24 42 00 0D 08 B3 18 
[D] v25 item: rrc=16.16 nr_rrc=16.144 rbid=1 pci=156 earfcn=375 sfn_subfn=0 pdu_num=11 sib_mask=0 len=14
[D] QCP: log code=0xB193 len=176
[D] QCP: log code=0xB193 len=176
[D] QCP: log code=0xB193 len=176
[D] QCP: log code=0xB193 len=176
[D] QCP: log code=0xB193 len=176
[D] QCP: log code=0xB0C0 len=43
[D] LTE 0xB0C0 RRC OTA: ver=27 plen=31
[D] 0xB0C0 [31 bytes]: 1B 10 10 10 90 01 9C 00 77 01 00 00 00 00 0B 00 00 00 00 0A 00 08 24 C2 34 42 00 0D 08 B3 18 
[D] v25 item: rrc=16.16 nr_rrc=16.144 rbid=1 pci=156 earfcn=375 sfn_subfn=0 pdu_num=11 sib_mask=0 len=10
[D] QCP: log code=0xB193 len=176
[D] QCP: log code=0xB193 len=176
[D] QCP: log code=0xB0C0 len=47
[D] LTE 0xB0C0 RRC OTA: ver=27 plen=35
[D] 0xB0C0 [35 bytes]: 1B 10 10 10 90 01 9C 00 77 01 00 00 03 1C 09 00 00 00 00 0E 00 24 12 0A 40 48 50 91 20 82 DD B0 C0 50 C0 
[D] v25 item: rrc=16.16 nr_rrc=16.144 rbid=1 pci=156 earfcn=375 sfn_subfn=7171 pdu_num=9 sib_mask=0 len=14
[D] QCP: log code=0xB193 len=176
[D] QCP: log code=0xB0C0 len=35
[D] LTE 0xB0C0 RRC OTA: ver=27 plen=23
[D] 0xB0C0 [23 bytes]: 1B 10 10 10 90 01 9C 00 77 01 00 00 00 00 0B 00 00 00 00 02 00 14 00 
[D] v25 item: rrc=16.16 nr_rrc=16.144 rbid=1 pci=156 earfcn=375 sfn_subfn=0 pdu_num=11 sib_mask=0 len=2
[D] QCP: log code=0xB193 len=176
[D] QCP: log code=0xB193 len=176
[D] QCP: log code=0xB193 len=176
[D] QCP: log code=0xB193 len=176
[D] QCP: log code=0xB193 len=176
[D] QCP: log code=0xB193 len=176
[D] QCP: log code=0xB193 len=176
[D] QCP: log code=0xB193 len=176
[D] QCP: log code=0xB193 len=176
[D] QCP: log code=0xB193 len=176
[D] QCP: log code=0xB193 len=176
[D] QCP: log code=0xB193 len=176
[D] QCP: log code=0xB193 len=176
[D] QCP: log code=0xB193 len=176
[D] QCP: log code=0xB193 len=176
[D] QCP: log code=0xB193 len=176
[D] QCP: log code=0xB193 len=176
[D] QCP: log code=0xB193 len=176
[D] QCP: log code=0xB193 len=176
[D] QCP: log code=0xB193 len=176
[D] QCP: log code=0xB193 len=176
[D] QCP: log code=0xB193 len=176
[D] QCP: log code=0xB193 len=176
[D] QCP: log code=0xB193 len=176
[D] QCP: log code=0xB193 len=176
[D] QCP: log code=0xB193 len=176
[D] QCP: log code=0xB193 len=176
[D] QCP: log code=0xB193 len=176
[D] QCP: log code=0xB193 len=176
[D] QCP: log code=0xB193 len=176
[D] QCP: log code=0xB193 len=176
[D] QCP: log code=0xB193 len=176
[D] QCP: log code=0xB193 len=176
[D] QCP: log code=0xB193 len=176
[D] QCP: log code=0xB193 len=176
[D] QCP: log code=0xB193 len=176
[D] QCP: log code=0xB193 len=176
[D] QCP: log code=0xB193 len=176
[D] QCP: log code=0xB193 len=176
[D] QCP: log code=0xB193 len=176
[D] QCP: log code=0xB193 len=176
[D] QCP: log code=0xB193 len=176
[D] QCP: log code=0xB193 len=176
[D] QCP: log code=0xB193 len=176
[D] QCP: log code=0xB193 len=176
[D] QCP: log code=0xB193 len=176
[D] QCP: log code=0xB193 len=176
[D] QCP: log code=0xB193 len=176
[D] QCP: log code=0xB193 len=176
[D] QCP: log code=0xB193 len=176
[D] QCP: log code=0xB193 len=176
[D] QCP: log code=0xB193 len=176
[D] QCP: log code=0xB193 len=176
[D] QCP: log code=0xB193 len=176
[D] QCP: log code=0xB193 len=176
[D] QCP: log code=0xB193 len=176
[D] QCP: log code=0xB193 len=176
[D] QCP: log code=0xB193 len=176
[D] QCP: log code=0xB193 len=176
[D] QCP: log code=0xB193 len=176
[D] QCP: log code=0xB193 len=176
[D] QCP: log code=0xB193 len=176
[D] QCP: log code=0xB193 len=176
[D] QCP: log code=0xB193 len=176
[D] QCP: log code=0xB193 len=176
[D] QCP: log code=0xB193 len=176
[D] QCP: log code=0xB193 len=176
[D] QCP: log code=0xB193 len=176
[D] QCP: log code=0xB193 len=176
[D] QCP: log code=0xB193 len=176
[D] QCP: log code=0xB193 len=176
[D] QCP: log code=0xB193 len=176
[D] QCP: log code=0xB193 len=176
[D] QCP: log code=0xB193 len=176
[D] QCP: log code=0xB193 len=176
[D] QCP: log code=0xB193 len=176
[D] QCP: log code=0xB193 len=176
[D] QCP: log code=0xB193 len=176
[D] QCP: log code=0xB193 len=176
[D] QCP: log code=0xB193 len=176
[D] QCP: log code=0xB0C0 len=43
[D] LTE 0xB0C0 RRC OTA: ver=27 plen=31
[D] 0xB0C0 [31 bytes]: 1B 10 10 10 90 01 9C 00 77 01 00 00 00 00 0B 00 00 00 00 0A 00 08 23 40 38 42 00 0D 08 B5 00 
[D] v25 item: rrc=16.16 nr_rrc=16.144 rbid=1 pci=156 earfcn=375 sfn_subfn=0 pdu_num=11 sib_mask=0 len=10
[D] QCP: log code=0xB193 len=176
[D] QCP: log code=0xB193 len=176
[D] QCP: log code=0xB193 len=176
[D] QCP: log code=0xB193 len=176
[D] QCP: log code=0xB193 len=176
[D] QCP: log code=0xB193 len=176
[D] QCP: log code=0xB193 len=176
[D] QCP: log code=0xB193 len=176
[D] QCP: log code=0xB193 len=176
[D] QCP: log code=0xB193 len=176
[D] QCP: log code=0xB193 len=176
[D] QCP: log code=0xB193 len=176
[D] QCP: log code=0xB193 len=176
[D] QCP: log code=0xB193 len=176
[D] QCP: log code=0xB193 len=176
[D] QCP: log code=0xB193 len=176
[D] QCP: log code=0xB193 len=176
[D] QCP: log code=0xB193 len=176
[D] QCP: log code=0xB193 len=176
[D] QCP: log code=0xB193 len=176
[D] QCP: log code=0xB193 len=176
[D] QCP: log code=0xB0C0 len=43
[D] LTE 0xB0C0 RRC OTA: ver=27 plen=31
[D] 0xB0C0 [31 bytes]: 1B 10 10 10 90 01 9C 00 77 01 00 00 00 00 0B 00 00 00 00 0A 00 08 24 3E 1C 42 00 0D 08 B5 00 
[D] v25 item: rrc=16.16 nr_rrc=16.144 rbid=1 pci=156 earfcn=375 sfn_subfn=0 pdu_num=11 sib_mask=0 len=10
[D] QCP: log code=0xB193 len=176
[D] QCP: log code=0xB193 len=176
[D] QCP: log code=0xB193 len=176
[D] QCP: log code=0xB193 len=176
[D] QCP: log code=0xB193 len=176
[D] QCP: log code=0xB193 len=176
[D] QCP: log code=0xB193 len=176
[D] QCP: log code=0xB193 len=176
[D] QCP: log code=0xB193 len=176
[D] QCP: log code=0xB193 len=176
[D] QCP: log code=0xB193 len=176
[D] QCP: log code=0xB193 len=176
[D] QCP: log code=0xB193 len=176
[D] QCP: log code=0xB193 len=176
[D] QCP: log code=0xB193 len=176
[D] QCP: log code=0xB193 len=176
[D] QCP: log code=0xB193 len=176
[D] QCP: log code=0xB193 len=176
[D] QCP: log code=0xB193 len=176
[D] QCP: log code=0xB193 len=176
[D] QCP: log code=0xB193 len=176
[D] QCP: log code=0xB193 len=176
[D] QCP: log code=0xB193 len=176
[D] QCP: log code=0xB193 len=176
[D] QCP: log code=0xB0C0 len=41
[D] LTE 0xB0C0 RRC OTA: ver=27 plen=29
[D] 0xB0C0 [29 bytes]: 1B 10 10 10 90 01 9C 00 77 01 00 00 C0 35 09 00 00 00 00 08 00 26 02 04 14 EF 9A D2 30 
[D] v25 item: rrc=16.16 nr_rrc=16.144 rbid=1 pci=156 earfcn=375 sfn_subfn=13760 pdu_num=9 sib_mask=0 len=8
[D] QCP: log code=0xB0C0 len=35
[D] LTE 0xB0C0 RRC OTA: ver=27 plen=23
[D] 0xB0C0 [23 bytes]: 1B 10 10 10 90 01 9C 00 77 01 00 00 00 00 0B 00 00 00 00 02 00 16 00 
[D] v25 item: rrc=16.16 nr_rrc=16.144 rbid=1 pci=156 earfcn=375 sfn_subfn=0 pdu_num=11 sib_mask=0 len=2
[D] QCP: log code=0xB193 len=176
[D] QCP: log code=0xB193 len=176
[D] QCP: log code=0xB193 len=176
[D] QCP: log code=0xB193 len=176
[D] QCP: log code=0xB193 len=176
[D] QCP: log code=0xB193 len=176
[D] QCP: log code=0xB193 len=176
[D] QCP: log code=0xB193 len=176
[D] QCP: log code=0xB193 len=176
[D] QCP: log code=0xB193 len=176
[D] QCP: log code=0xB193 len=176
[D] QCP: log code=0xB193 len=176
[D] QCP: log code=0xB193 len=176
[D] QCP: log code=0xB193 len=176
[D] QCP: log code=0xB193 len=176
[D] QCP: log code=0xB193 len=176
[D] QCP: log code=0xB193 len=176
[D] QCP: log code=0xB193 len=176
[D] QCP: log code=0xB193 len=176
[D] QCP: log code=0xB193 len=176
[D] QCP: log code=0xB193 len=176
[D] QCP: log code=0xB193 len=176
[D] QCP: log code=0xB193 len=176
[D] QCP: log code=0xB193 len=176
[D] QCP: log code=0xB193 len=176
[D] QCP: log code=0xB193 len=176
[D] QCP: log code=0xB193 len=176
[D] QCP: log code=0xB193 len=176
[D] QCP: log code=0xB193 len=176
[D] QCP: log code=0xB193 len=176
[D] QCP: log code=0xB193 len=176
[D] QCP: log code=0xB193 len=176
[D] QCP: log code=0xB193 len=176
[D] QCP: log code=0xB193 len=176
[D] QCP: log code=0xB0C0 len=40
[D] LTE 0xB0C0 RRC OTA: ver=27 plen=28
[D] 0xB0C0 [28 bytes]: 1B 10 10 10 90 00 9C 00 77 01 00 00 49 78 07 00 00 00 00 07 00 40 0D 0C 1C 17 87 40 
[D] v25 item: rrc=16.16 nr_rrc=16.144 rbid=0 pci=156 earfcn=375 sfn_subfn=30793 pdu_num=7 sib_mask=0 len=7
[D] QCP: log code=0xB193 len=176
[D] QCP: log code=0xB0C0 len=43
[D] LTE 0xB0C0 RRC OTA: ver=27 plen=31
[D] 0xB0C0 [31 bytes]: 1B 10 10 10 90 01 9C 00 77 01 00 00 00 00 0B 00 00 00 00 0A 00 08 21 C4 10 42 00 0D 08 B2 3C 
[D] v25 item: rrc=16.16 nr_rrc=16.144 rbid=1 pci=156 earfcn=375 sfn_subfn=0 pdu_num=11 sib_mask=0 len=10
[D] QCP: log code=0xB193 len=176
[D] QCP: log code=0xB0C0 len=77
[D] LTE 0xB0C0 RRC OTA: ver=27 plen=65
[D] 0xB0C0 [65 bytes]: 1B 10 10 10 90 01 9C 00 77 01 00 00 59 0D 09 00 00 00 00 2C 00 20 12 15 60 44 30 4A 6A 52 F0 10 19 00 05 00 2E EC BC 00 4E 3C 24 49 06 50 2F 63 C0 A0 28 05 01 28 17 82 01 20 88 90 16 8F C0 10 ...(+1)
[D] v25 item: rrc=16.16 nr_rrc=16.144 rbid=1 pci=156 earfcn=375 sfn_subfn=3417 pdu_num=9 sib_mask=0 len=44
[D] QCP: log code=0xB0C0 len=35
[D] LTE 0xB0C0 RRC OTA: ver=27 plen=23
[D] 0xB0C0 [23 bytes]: 1B 10 10 10 90 01 9C 00 77 01 00 00 00 00 0B 00 00 00 00 02 00 10 00 
[D] v25 item: rrc=16.16 nr_rrc=16.144 rbid=1 pci=156 earfcn=375 sfn_subfn=0 pdu_num=11 sib_mask=0 len=2
[D] QCP: log code=0xB0C0 len=47
[D] LTE 0xB0C0 RRC OTA: ver=27 plen=35
[D] 0xB0C0 [35 bytes]: 1B 10 10 10 90 01 9C 00 77 01 00 00 00 00 0B 00 00 00 00 0E 00 08 34 41 0C 01 79 BB 00 42 00 0D 08 B2 3C 
[D] v25 item: rrc=16.16 nr_rrc=16.144 rbid=1 pci=156 earfcn=375 sfn_subfn=0 pdu_num=11 sib_mask=0 len=14
[D] QCP: log code=0xB193 len=176
[D] QCP: log code=0xB193 len=176
[D] QCP: log code=0xB193 len=176
[D] QCP: log code=0xB193 len=176
[D] QCP: log code=0xB193 len=176
[D] QCP: log code=0xB193 len=176
[D] QCP: log code=0xB193 len=176
[D] QCP: log code=0xB193 len=176
[D] QCP: log code=0xB193 len=176
[D] QCP: log code=0xB193 len=176
[D] QCP: log code=0xB193 len=176
[D] QCP: log code=0xB193 len=176
[D] QCP: log code=0xB193 len=176
[D] QCP: log code=0xB193 len=176
[D] QCP: log code=0xB193 len=176
[D] QCP: log code=0xB193 len=176
[D] QCP: log code=0xB193 len=176
[D] QCP: log code=0xB193 len=176
[D] QCP: log code=0xB193 len=176
[D] QCP: log code=0xB193 len=176
[D] QCP: log code=0xB193 len=176
[D] QCP: log code=0xB193 len=176
[D] QCP: log code=0xB193 len=176
[D] QCP: log code=0xB193 len=176
[D] QCP: log code=0xB193 len=176
[D] QCP: log code=0xB193 len=176
[D] QCP: log code=0xB193 len=176
[D] QCP: log code=0xB193 len=176
[D] QCP: log code=0xB193 len=176
[D] QCP: log code=0xB193 len=176
[D] QCP: log code=0xB193 len=176
[D] QCP: log code=0xB193 len=176
[D] QCP: log code=0xB193 len=176
[D] QCP: log code=0xB193 len=176
[D] QCP: log code=0xB193 len=176
[D] QCP: log code=0xB193 len=176
[D] QCP: log code=0xB193 len=176
[D] QCP: log code=0xB193 len=176
[D] QCP: log code=0xB193 len=176
[D] QCP: log code=0xB193 len=176
[D] QCP: log code=0xB193 len=176
[D] QCP: log code=0xB193 len=176
[D] QCP: log code=0xB193 len=176
[D] QCP: log code=0xB193 len=176
[D] QCP: log code=0xB193 len=176
[D] QCP: log code=0xB193 len=176
[D] QCP: log code=0xB193 len=176
[D] QCP: log code=0xB193 len=176
[D] QCP: log code=0xB193 len=176
[D] QCP: log code=0xB193 len=176
[D] QCP: log code=0xB193 len=176
[D] QCP: log code=0xB193 len=176
[D] QCP: log code=0xB193 len=176
[D] QCP: log code=0xB193 len=176
[D] QCP: log code=0xB193 len=176
[D] QCP: log code=0xB193 len=176
[D] QCP: log code=0xB193 len=176
[D] QCP: log code=0xB193 len=176
[D] QCP: log code=0xB193 len=176
[D] QCP: log code=0xB193 len=176
[D] QCP: log code=0xB193 len=176
[D] QCP: log code=0xB193 len=176
[D] QCP: log code=0xB193 len=176
[D] QCP: log code=0xB193 len=176
[D] QCP: log code=0xB193 len=176
[D] QCP: log code=0xB193 len=176
[D] QCP: log code=0xB193 len=176
[D] QCP: log code=0xB193 len=176
[D] QCP: log code=0xB193 len=176
[D] QCP: log code=0xB193 len=176
[D] QCP: log code=0xB193 len=176
[D] QCP: log code=0xB193 len=176
[D] QCP: log code=0xB193 len=176
[D] QCP: log code=0xB193 len=176
[D] QCP: log code=0xB0C0 len=43
[D] LTE 0xB0C0 RRC OTA: ver=27 plen=31
[D] 0xB0C0 [31 bytes]: 1B 10 10 10 90 01 9C 00 77 01 00 00 00 00 0B 00 00 00 00 0A 00 08 24 C2 38 42 00 0D 08 B5 30 
[D] v25 item: rrc=16.16 nr_rrc=16.144 rbid=1 pci=156 earfcn=375 sfn_subfn=0 pdu_num=11 sib_mask=0 len=10
[D] QCP: log code=0xB193 len=176
[D] QCP: log code=0xB193 len=176
[D] QCP: log code=0xB0C0 len=47
[D] LTE 0xB0C0 RRC OTA: ver=27 plen=35
[D] 0xB0C0 [35 bytes]: 1B 10 10 10 90 01 9C 00 77 01 00 00 03 13 09 00 00 00 00 0E 00 22 12 0A 40 48 50 91 20 82 DD B0 C0 50 C0 
[D] v25 item: rrc=16.16 nr_rrc=16.144 rbid=1 pci=156 earfcn=375 sfn_subfn=4867 pdu_num=9 sib_mask=0 len=14
[D] QCP: log code=0xB193 len=176
[D] QCP: log code=0xB0C0 len=35
[D] LTE 0xB0C0 RRC OTA: ver=27 plen=23
[D] 0xB0C0 [23 bytes]: 1B 10 10 10 90 01 9C 00 77 01 00 00 00 00 0B 00 00 00 00 02 00 12 00 
[D] v25 item: rrc=16.16 nr_rrc=16.144 rbid=1 pci=156 earfcn=375 sfn_subfn=0 pdu_num=11 sib_mask=0 len=2
[D] QCP: log code=0xB193 len=176
[D] QCP: log code=0xB193 len=176
[D] QCP: log code=0xB193 len=176
[D] QCP: log code=0xB193 len=176
[D] QCP: log code=0xB193 len=176
[D] QCP: log code=0xB193 len=176
[D] QCP: log code=0xB193 len=176
[D] QCP: log code=0xB193 len=176
[D] QCP: log code=0xB193 len=176
[D] QCP: log code=0xB193 len=176
[D] QCP: log code=0xB193 len=176
[D] QCP: log code=0xB193 len=176
[D] QCP: log code=0xB193 len=176
[D] QCP: log code=0xB193 len=176
[D] QCP: log code=0xB193 len=176
[D] QCP: log code=0xB193 len=176
[D] QCP: log code=0xB193 len=176
[D] QCP: log code=0xB193 len=176
[D] QCP: log code=0xB193 len=176
[D] QCP: log code=0xB193 len=176
[D] QCP: log code=0xB193 len=176
[D] QCP: log code=0xB193 len=176
[D] QCP: log code=0xB193 len=176
[D] QCP: log code=0xB193 len=176
[D] QCP: log code=0xB193 len=176
[D] QCP: log code=0xB193 len=176
[D] QCP: log code=0xB193 len=176
[D] QCP: log code=0xB193 len=176
[D] QCP: log code=0xB193 len=176
[D] QCP: log code=0xB193 len=176
[D] QCP: log code=0xB193 len=176
[D] QCP: log code=0xB193 len=176
[D] QCP: log code=0xB193 len=176
[D] QCP: log code=0xB193 len=176
[D] QCP: log code=0xB193 len=176
[D] QCP: log code=0xB193 len=176
[D] QCP: log code=0xB193 len=176
[D] QCP: log code=0xB193 len=176
[D] QCP: log code=0xB193 len=176
[D] QCP: log code=0xB193 len=176
[D] QCP: log code=0xB193 len=176
[D] QCP: log code=0xB193 len=176
[D] QCP: log code=0xB193 len=176
[D] QCP: log code=0xB193 len=176
[D] QCP: log code=0xB193 len=176
[D] QCP: log code=0xB193 len=176
[D] QCP: log code=0xB193 len=176
[D] QCP: log code=0xB193 len=176
[D] QCP: log code=0xB0C0 len=43
[D] LTE 0xB0C0 RRC OTA: ver=27 plen=31
[D] 0xB0C0 [31 bytes]: 1B 10 10 10 90 01 9C 00 77 01 00 00 00 00 0B 00 00 00 00 0A 00 08 21 C1 20 42 00 0D 08 B8 44 
[D] v25 item: rrc=16.16 nr_rrc=16.144 rbid=1 pci=156 earfcn=375 sfn_subfn=0 pdu_num=11 sib_mask=0 len=10
[D] QCP: log code=0xB193 len=176
[D] QCP: log code=0xB0C0 len=77
[D] LTE 0xB0C0 RRC OTA: ver=27 plen=65
[D] 0xB0C0 [65 bytes]: 1B 10 10 10 90 01 9C 00 77 01 00 00 59 1D 09 00 00 00 00 2C 00 24 12 15 60 44 30 4A 6A 52 F0 10 19 00 05 00 2E EC BC 00 4E 3C 24 49 06 50 2F 63 C0 A0 28 05 01 28 17 82 01 20 88 90 16 8F C0 10 ...(+1)
[D] v25 item: rrc=16.16 nr_rrc=16.144 rbid=1 pci=156 earfcn=375 sfn_subfn=7513 pdu_num=9 sib_mask=0 len=44
[D] QCP: log code=0xB0C0 len=35
[D] LTE 0xB0C0 RRC OTA: ver=27 plen=23
[D] 0xB0C0 [23 bytes]: 1B 10 10 10 90 01 9C 00 77 01 00 00 00 00 0B 00 00 00 00 02 00 14 00 
[D] v25 item: rrc=16.16 nr_rrc=16.144 rbid=1 pci=156 earfcn=375 sfn_subfn=0 pdu_num=11 sib_mask=0 len=2
[D] QCP: log code=0xB0C0 len=43
[D] LTE 0xB0C0 RRC OTA: ver=27 plen=31
[D] 0xB0C0 [31 bytes]: 1B 10 10 10 90 01 9C 00 77 01 00 00 00 00 0B 00 00 00 00 0A 00 08 24 41 1C 42 00 0D 08 B8 44 
[D] v25 item: rrc=16.16 nr_rrc=16.144 rbid=1 pci=156 earfcn=375 sfn_subfn=0 pdu_num=11 sib_mask=0 len=10
[D] QCP: log code=0xB193 len=176
[D] QCP: log code=0xB193 len=176
[D] QCP: log code=0xB193 len=176
[D] QCP: log code=0xB193 len=176
[D] QCP: log code=0xB193 len=176
[D] QCP: log code=0xB193 len=176
[D] QCP: log code=0xB193 len=176
[D] QCP: log code=0xB193 len=176
[D] QCP: log code=0xB193 len=176
[D] QCP: log code=0xB193 len=176
[D] QCP: log code=0xB193 len=176
[D] QCP: log code=0xB193 len=176
[D] QCP: log code=0xB193 len=176
[D] QCP: log code=0xB193 len=176
[D] QCP: log code=0xB193 len=176
[D] QCP: log code=0xB193 len=176
[D] QCP: log code=0xB193 len=176
[D] QCP: log code=0xB193 len=176
[D] QCP: log code=0xB193 len=176
[D] QCP: log code=0xB193 len=176
[D] QCP: log code=0xB193 len=176
[D] QCP: log code=0xB193 len=176
[D] QCP: log code=0xB193 len=176
[D] QCP: log code=0xB193 len=176
[D] QCP: log code=0xB193 len=176
[D] QCP: log code=0xB193 len=176
[D] QCP: log code=0xB193 len=176
[D] QCP: log code=0xB193 len=176
[D] QCP: log code=0xB193 len=176
[D] QCP: log code=0xB193 len=176
[D] QCP: log code=0xB193 len=176
[D] QCP: log code=0xB193 len=176
[D] QCP: log code=0xB193 len=176
[D] QCP: log code=0xB193 len=176
[D] QCP: log code=0xB193 len=176
[D] QCP: log code=0xB193 len=176
[D] QCP: log code=0xB193 len=176
[D] QCP: log code=0xB0ED len=31
[D] LTE NAS EMM: nas_len=11
[D] NAS_PDU [11 bytes]: F6 52 F0 10 81 36 D0 DB 1D 70 A9 
[D] QCP: log code=0xB0C0 len=57
[D] LTE 0xB0C0 RRC OTA: ver=27 plen=45
[D] 0xB0C0 [45 bytes]: 1B 10 10 10 90 02 9C 00 77 01 00 00 00 00 0B 00 00 00 00 18 00 48 02 A4 F3 CE E0 2D E0 60 E8 AD 61 7E CA 5E 02 10 26 DA 1B 63 AE 15 20 
[D] v25 item: rrc=16.16 nr_rrc=16.144 rbid=2 pci=156 earfcn=375 sfn_subfn=0 pdu_num=11 sib_mask=0 len=24
[D] QCP: log code=0xB193 len=176
[D] QCP: log code=0xB193 len=176
[D] QCP: log code=0xB193 len=176
[D] QCP: log code=0xB193 len=176
[D] QCP: log code=0x7130 len=15
[W] UMTS NAS OTA: payload too short (3)
[D] QCP: log code=0x7130 len=15
[W] UMTS NAS OTA: payload too short (3)
[D] QCP: log code=0x7130 len=15
[W] UMTS NAS OTA: payload too short (3)
[D] QCP: log code=0x7130 len=15
[W] UMTS NAS OTA: payload too short (3)
[D] QCP: log code=0x7131 len=15
[D] UMTS MM state=0 substate=0 update_status=0
[D] QCP: log code=0x7131 len=15
[D] UMTS MM state=0 substate=1 update_status=1
[D] QCP: log code=0x7131 len=15
[D] UMTS MM state=0 substate=1 update_status=1
[D] QCP: log code=0x7131 len=15
[D] UMTS MM state=0 substate=0 update_status=0
[D] QCP: log code=0x7131 len=15
[D] UMTS MM state=0 substate=0 update_status=0
[D] QCP: log code=0x7130 len=15
[W] UMTS NAS OTA: payload too short (3)
[D] QCP: log code=0x7130 len=15
[W] UMTS NAS OTA: payload too short (3)
[D] QCP: log code=0x7131 len=15
[D] UMTS MM state=0 substate=0 update_status=1
[D] QCP: log code=0x7131 len=15
[D] UMTS MM state=0 substate=1 update_status=1
[D] QCP: log code=0x7130 len=15
[W] UMTS NAS OTA: payload too short (3)
[D] QCP: log code=0x7131 len=15
[D] UMTS MM state=0 substate=1 update_status=0
[D] QCP: log code=0x7131 len=15
[D] UMTS MM state=0 substate=1 update_status=0
[D] QCP: log code=0x7131 len=15
[D] UMTS MM state=18 substate=1 update_status=0
[D] QCP: log code=0x7131 len=15
[D] UMTS MM state=19 substate=1 update_status=0
[D] QCP: log code=0x7131 len=15
[D] UMTS MM state=19 substate=6 update_status=0
[D] QCP: log code=0x7130 len=15
[W] UMTS NAS OTA: payload too short (3)
[D] QCP: log code=0x7130 len=15
[W] UMTS NAS OTA: payload too short (3)
[D] QCP: log code=0x7130 len=15
[W] UMTS NAS OTA: payload too short (3)
[D] QCP: log code=0x7130 len=15
[W] UMTS NAS OTA: payload too short (3)
[D] QCP: log code=0xB197 len=48
[I] ML1 0xB197 ServInfo: EARFCN=1721 PCI=132 (v2)
[D] QCP: log code=0xB0C1 len=23
[D] LTE 0xB0C1 MIB: ver=2 plen=11
[D] 0xB0C1 [11 bytes]: 02 37 00 B9 06 00 00 A7 00 04 32 
[D] LTE MIB v2: bandwidth=50 tx_antenna=4 sfn=167 earfcn=1721 pci=55
[D] QCP: log code=0xB0C0 len=51
[D] LTE 0xB0C0 RRC OTA: ver=27 plen=39
[D] 0xB0C0 [39 bytes]: 1B 10 10 10 90 00 37 00 B9 06 00 00 85 8A 03 02 00 00 00 12 00 40 49 40 03 45 8E 31 6D F0 58 20 21 10 81 04 4C 24 D8 
[D] v25 item: rrc=16.16 nr_rrc=16.144 rbid=0 pci=55 earfcn=1721 sfn_subfn=35461 pdu_num=3 sib_mask=2 len=18
[I] [SIB1] EARFCN=1721 PCI=55 MCC=250 MNC=1 CID=51830533 TAC=17806 barred=0 csg=0
[D] QCP: log code=0xB17F len=52
[I] ML1 0xB17F PCI 28 → 132 (corrected from 0xB197)
[I] ML1 0xB17F SCell: EARFCN=1721 PCI=132 RSRP=-66 RSRQ=-24(raw,dropped) RSSI=-76 (v5)
[D] QCP: log code=0xB0C0 len=82
[D] LTE 0xB0C0 RRC OTA: ver=27 plen=70
[D] 0xB0C0 [70 bytes]: 1B 10 10 10 90 00 37 00 B9 06 00 00 00 8B 03 0C 00 00 00 31 00 00 82 5C 31 18 6F F9 2C AC 36 07 A1 60 10 00 0C 04 10 EE 31 6A A0 54 06 90 06 01 25 C8 2C 18 48 40 03 00 19 A5 15 72 3E C9 E0 28 ...(+6)
[D] v25 item: rrc=16.16 nr_rrc=16.144 rbid=0 pci=55 earfcn=1721 sfn_subfn=35584 pdu_num=3 sib_mask=12 len=49
[D] [B0C0/SIB1] decode failed (plen=49, earfcn=1721, pci=55): ASN.1 decode failed
[D] QCP: log code=0xB0C2 len=41
[I] [B0C2] count=7 (ver=3 plen=29)
[D] LTE 0xB0C2 ver=3 plen=29
[D] 0xB0C2 [29 bytes]: 03 37 00 B9 06 00 00 09 4D 00 00 32 32 05 DF 16 03 8E 45 03 00 00 00 FA 00 02 01 00 00 
[B0C2-v3] decoded pci=55 dl_earfcn=1721 ul_earfcn=19721 cell_id=0x316DF05 tac=0x458E band=3 mcc=250 mnc=1  [OK]
[I] LTE RRC SCell v3: EARFCN=1721/19721 Band=3 BW=50/50 PCI=55 CID=0x316DF05 TAC=0x458E MCC=250 MNC=01
[D] QCP: log code=0x7130 len=15
[W] UMTS NAS OTA: payload too short (3)
[D] QCP: log code=0x7130 len=15
[W] UMTS NAS OTA: payload too short (3)
[D] QCP: log code=0xB0ED len=126
[D] LTE NAS EMM: nas_len=106
[D] NAS_PDU [106 bytes]: F6 52 F0 10 81 36 D0 DB 1D 70 A9 07 F0 70 00 00 18 00 80 00 37 02 05 D0 31 D1 27 30 80 80 21 10 01 00 00 10 81 06 00 00 00 00 83 06 00 00 00 00 ...(+58)
[D] QCP: log code=0xB0C0 len=39
[D] LTE 0xB0C0 RRC OTA: ver=27 plen=27
[D] 0xB0C0 [27 bytes]: 1B 10 10 10 90 00 37 00 B9 06 00 00 00 00 0A 00 00 00 00 06 00 5B C7 C8 CC A8 D6 
[D] v25 item: rrc=16.16 nr_rrc=16.144 rbid=0 pci=55 earfcn=1721 sfn_subfn=0 pdu_num=10 sib_mask=0 len=6
[D] QCP: log code=0xB0C0 len=70
[D] LTE 0xB0C0 RRC OTA: ver=27 plen=58
[D] 0xB0C0 [58 bytes]: 1B 10 10 10 90 00 37 00 B9 06 00 00 86 0B 08 00 00 00 00 25 00 68 12 98 08 FD CE 01 83 B0 BA 08 6B 83 FF 24 AE 61 85 31 C3 83 20 B4 50 8B 7F FF FF FF FF FF FF FF E8 04 0A 80 
[D] v25 item: rrc=16.16 nr_rrc=16.144 rbid=0 pci=55 earfcn=1721 sfn_subfn=2950 pdu_num=8 sib_mask=0 len=37
[D] QCP: log code=0xB0C0 len=157
[D] LTE 0xB0C0 RRC OTA: ver=27 plen=145
[D] 0xB0C0 [145 bytes]: 1B 10 10 10 90 01 37 00 B9 06 00 00 00 00 0B 00 00 00 00 7C 00 22 30 81 36 D0 74 17 FF E3 68 9A 04 07 41 62 0B F6 52 F0 10 81 36 D0 DB 1D 70 A9 07 F0 70 00 00 18 00 80 00 37 02 05 D0 31 D1 27 ...(+81)
[D] v25 item: rrc=16.16 nr_rrc=16.144 rbid=1 pci=55 earfcn=1721 sfn_subfn=0 pdu_num=11 sib_mask=0 len=124
[D] QCP: log code=0xB193 len=176
[D] QCP: log code=0xB193 len=176
[D] QCP: log code=0xB193 len=176
[D] QCP: log code=0xB193 len=176
[D] QCP: log code=0xB193 len=176
[D] QCP: log code=0xB193 len=176
[D] QCP: log code=0xB193 len=176
[D] QCP: log code=0xB193 len=176
[D] QCP: log code=0xB193 len=176
[D] QCP: log code=0xB193 len=176
[D] QCP: log code=0xB0C0 len=74
[D] LTE 0xB0C0 RRC OTA: ver=27 plen=62
[D] 0xB0C0 [62 bytes]: 1B 10 10 10 90 00 37 00 B9 06 00 00 40 0C 03 20 00 00 00 29 00 00 0F 04 00 BB 90 4A 58 A8 80 C8 02 09 4A D5 11 29 A8 41 52 AA A2 03 8D 88 25 32 34 40 C4 19 04 A6 46 80 82 01 D0 8A 00 00 
[D] v25 item: rrc=16.16 nr_rrc=16.144 rbid=0 pci=55 earfcn=1721 sfn_subfn=3136 pdu_num=3 sib_mask=32 len=41
[D] QCP: log code=0xB193 len=176
[D] QCP: log code=0xB0C0 len=45
[D] LTE 0xB0C0 RRC OTA: ver=27 plen=33
[D] 0xB0C0 [33 bytes]: 1B 10 10 10 90 01 37 00 B9 06 00 00 53 0C 09 00 00 00 00 0C 00 0A 00 49 3E C1 89 04 80 20 3A A8 18 
[D] v25 item: rrc=16.16 nr_rrc=16.144 rbid=1 pci=55 earfcn=1721 sfn_subfn=3155 pdu_num=9 sib_mask=0 len=12
[D] QCP: log code=0xB0EA len=25
[D] LTE NAS EMM: nas_len=5
[D] NAS_PDU [5 bytes]: 90 04 07 55 03 
[D] QCP: log code=0xB0EC len=19
[D] QCP: log code=0xB0ED len=28
[D] LTE NAS EMM: nas_len=8
[D] NAS_PDU [8 bytes]: 16 59 05 67 09 24 06 F0 
[D] QCP: log code=0xB0C0 len=54
[D] LTE 0xB0C0 RRC OTA: ver=27 plen=42
[D] 0xB0C0 [42 bytes]: 1B 10 10 10 90 01 37 00 B9 06 00 00 00 00 0B 00 00 00 00 15 00 48 02 44 FA E0 96 2E A0 A0 EA C1 30 62 CB 20 AC E1 24 80 DE 00 
[D] v25 item: rrc=16.16 nr_rrc=16.144 rbid=1 pci=55 earfcn=1721 sfn_subfn=0 pdu_num=11 sib_mask=0 len=21
[D] QCP: log code=0xB193 len=176
[D] QCP: log code=0xB193 len=176
[D] QCP: log code=0xB193 len=176
[D] QCP: log code=0xB193 len=176
[D] QCP: log code=0xB193 len=176
[D] QCP: log code=0xB0C0 len=45
[D] LTE 0xB0C0 RRC OTA: ver=27 plen=33
[D] 0xB0C0 [33 bytes]: 1B 10 10 10 90 01 37 00 B9 06 00 00 96 0C 09 00 00 00 00 0C 00 0A 00 49 3F C4 F0 F3 40 28 10 2E C8 
[D] v25 item: rrc=16.16 nr_rrc=16.144 rbid=1 pci=55 earfcn=1721 sfn_subfn=3222 pdu_num=9 sib_mask=0 len=12
[D] QCP: log code=0xB0EA len=25
[D] LTE NAS EMM: nas_len=5
[D] NAS_PDU [5 bytes]: 68 05 02 05 D9 
[D] QCP: log code=0xB0C0 len=63
[D] LTE 0xB0C0 RRC OTA: ver=27 plen=51
[D] 0xB0C0 [51 bytes]: 1B 10 10 10 90 01 37 00 B9 06 00 00 00 00 0B 00 00 00 00 1E 00 48 03 64 EC 28 06 D4 40 C0 40 BB 45 02 01 0D 2D CE 8C AE 4D CC AE 80 6D AE 8E 60 4E 4E A0 
[D] v25 item: rrc=16.16 nr_rrc=16.144 rbid=1 pci=55 earfcn=1721 sfn_subfn=0 pdu_num=11 sib_mask=0 len=30
[D] QCP: log code=0xB193 len=176
[D] QCP: log code=0xB193 len=176
[D] QCP: log code=0xB193 len=176
[D] QCP: log code=0xB0C0 len=72
[D] LTE 0xB0C0 RRC OTA: ver=27 plen=60
[D] 0xB0C0 [60 bytes]: 1B 10 10 10 90 01 37 00 B9 06 00 00 C7 0C 09 00 00 00 00 27 00 0A 01 21 3F 5F 6C E8 80 30 3B 0A 18 40 3A 6F 50 A1 25 6A 70 0A 28 40 3A 6F 50 A1 25 6A 70 0A 3B 13 80 08 88 98 89 08 
[D] v25 item: rrc=16.16 nr_rrc=16.144 rbid=1 pci=55 earfcn=1721 sfn_subfn=3271 pdu_num=9 sib_mask=0 len=39
[D] QCP: log code=0xB0EA len=52
[D] LTE NAS EMM: nas_len=32
[D] NAS_PDU [32 bytes]: 10 06 07 61 43 08 07 4D EA 14 24 AD 4E 01 45 08 07 4D EA 14 24 AD 4E 01 47 62 70 01 11 13 11 21 
[D] QCP: log code=0xB0EC len=46
[D] LTE NAS EMM: nas_len=26
[D] NAS_PDU [26 bytes]: 07 4D EA 14 24 AD 4E 01 45 08 07 4D EA 14 24 AD 4E 01 47 62 70 01 11 13 11 21 
[D] NAS EMM: PD=0x7 sec=0 msg_type=0x4D body_len=24
[D] QCP: log code=0xB193 len=176
[D] QCP: log code=0xB193 len=176
[D] QCP: log code=0xB193 len=176
[D] QCP: log code=0xB193 len=176
[D] QCP: log code=0xB193 len=176
[D] QCP: log code=0xB193 len=176
[D] QCP: log code=0xB193 len=176
[D] QCP: log code=0xB193 len=176
[D] QCP: log code=0xB193 len=176
[D] QCP: log code=0xB193 len=176
[D] QCP: log code=0xB193 len=176
[D] QCP: log code=0xB193 len=176
[D] QCP: log code=0xB193 len=176
[D] QCP: log code=0xB193 len=176
[D] QCP: log code=0xB193 len=176
[D] QCP: log code=0xB193 len=176
[D] QCP: log code=0xB193 len=176
[D] QCP: log code=0xB193 len=176
[D] QCP: log code=0xB193 len=176
[D] QCP: log code=0xB193 len=176
[D] QCP: log code=0xB193 len=176
[D] QCP: log code=0xB193 len=176
[D] QCP: log code=0xB0C0 len=38
[D] LTE 0xB0C0 RRC OTA: ver=27 plen=26
[D] 0xB0C0 [26 bytes]: 1B 10 10 10 90 01 37 00 B9 06 00 00 26 0E 09 00 00 00 00 05 00 3A 10 04 8D 00 
[D] v25 item: rrc=16.16 nr_rrc=16.144 rbid=1 pci=55 earfcn=1721 sfn_subfn=3622 pdu_num=9 sib_mask=0 len=5
[D] QCP: log code=0xB0C0 len=1950
[D] LTE 0xB0C0 RRC OTA: ver=27 plen=1938
[D] 0xB0C0 [1938 bytes]: 1B 10 10 10 90 01 37 00 B9 06 00 00 00 00 0B 00 00 00 00 7D 07 3A 01 08 77 8D DB 80 50 90 80 07 3E 18 9A 54 E6 D4 09 13 FF 89 FF C4 FF E2 7F F1 3F F8 9F FC 4F FE 27 FF 13 FF 89 FF DF 83 76 27 ...(+1874)
[D] v25 item: rrc=16.16 nr_rrc=16.144 rbid=1 pci=55 earfcn=1721 sfn_subfn=0 pdu_num=11 sib_mask=0 len=1917
[D] QCP: log code=0xB193 len=176
[D] QCP: log code=0xB193 len=176
[D] QCP: log code=0xB193 len=176
[D] QCP: log code=0xB193 len=176
[D] QCP: log code=0xB0C0 len=46
[D] LTE 0xB0C0 RRC OTA: ver=27 plen=34
[D] 0xB0C0 [34 bytes]: 1B 10 10 10 90 01 37 00 B9 06 00 00 71 0E 09 00 00 00 00 0D 00 3C 20 1D 80 89 4A 01 80 04 C1 FC 18 00 
[D] v25 item: rrc=16.16 nr_rrc=16.144 rbid=1 pci=55 earfcn=1721 sfn_subfn=3697 pdu_num=9 sib_mask=0 len=13
[D] QCP: log code=0xB0C0 len=2017
[D] LTE 0xB0C0 RRC OTA: ver=27 plen=2005
[D] 0xB0C0 [2005 bytes]: 1B 10 10 10 90 01 37 00 B9 06 00 00 00 00 0B 00 00 00 00 C0 07 3C 01 08 7B BD DB 80 50 90 92 A8 0C 00 98 74 E6 CF 89 13 FF 89 FF C4 FF E2 7F F1 3F F8 9F FC 4F FE 27 FF 13 FF 89 FF DF 83 76 27 ...(+1941)
[D] v25 item: rrc=16.16 nr_rrc=16.144 rbid=1 pci=55 earfcn=1721 sfn_subfn=0 pdu_num=11 sib_mask=0 len=1984
[D] QCP: log code=0xB193 len=176
[D] QCP: log code=0xB193 len=176
[D] QCP: log code=0xB193 len=176
[D] QCP: log code=0xB193 len=176
[D] QCP: log code=0xB0C0 len=36
[D] LTE 0xB0C0 RRC OTA: ver=27 plen=24
[D] 0xB0C0 [24 bytes]: 1B 10 10 10 90 01 37 00 B9 06 00 00 C3 0E 09 00 00 00 00 03 00 32 02 20 
[D] v25 item: rrc=16.16 nr_rrc=16.144 rbid=1 pci=55 earfcn=1721 sfn_subfn=3779 pdu_num=9 sib_mask=0 len=3
[D] QCP: log code=0xB193 len=176
[D] QCP: log code=0xB0C0 len=35
[D] LTE 0xB0C0 RRC OTA: ver=27 plen=23
[D] 0xB0C0 [23 bytes]: 1B 10 10 10 90 01 37 00 B9 06 00 00 00 00 0B 00 00 00 00 02 00 2A 00 
[D] v25 item: rrc=16.16 nr_rrc=16.144 rbid=1 pci=55 earfcn=1721 sfn_subfn=0 pdu_num=11 sib_mask=0 len=2
[D] QCP: log code=0xB0C0 len=281
[D] LTE 0xB0C0 RRC OTA: ver=27 plen=269
[D] 0xB0C0 [269 bytes]: 1B 10 10 10 90 01 37 00 B9 06 00 00 C3 0E 09 00 00 00 00 F8 00 22 06 84 06 B1 3D 9C 39 BF 98 38 3A 10 12 48 31 02 97 80 82 2C 70 05 12 90 2E 08 08 41 18 43 4B 73 A3 2B 93 73 2B A0 1B 6B A3 98 ...(+205)
[D] v25 item: rrc=16.16 nr_rrc=16.144 rbid=1 pci=55 earfcn=1721 sfn_subfn=3779 pdu_num=9 sib_mask=0 len=248
[D] QCP: log code=0xB0C0 len=35
[D] LTE 0xB0C0 RRC OTA: ver=27 plen=23
[D] 0xB0C0 [23 bytes]: 1B 10 10 10 90 01 37 00 B9 06 00 00 00 00 0B 00 00 00 00 02 00 12 00 
[D] v25 item: rrc=16.16 nr_rrc=16.144 rbid=1 pci=55 earfcn=1721 sfn_subfn=0 pdu_num=11 sib_mask=0 len=2
[D] QCP: log code=0xB0EA len=230
[D] LTE NAS EMM: nas_len=210
[D] NAS_PDU [210 bytes]: F3 07 07 42 02 49 06 20 52 F0 10 45 8E 00 A2 52 05 C1 01 08 23 08 69 6E 74 65 72 6E 65 74 03 6D 74 73 02 72 75 06 6D 6E 63 30 30 31 06 6D 63 63 ...(+162)
[D] QCP: log code=0xB0EC len=224
[D] LTE NAS EMM: nas_len=204
[D] NAS_PDU [204 bytes]: 06 20 52 F0 10 45 8E 00 A2 52 05 C1 01 08 23 08 69 6E 74 65 72 6E 65 74 03 6D 74 73 02 72 75 06 6D 6E 63 30 30 31 06 6D 63 63 32 35 30 04 67 70 ...(+156)
[D] QCP: log code=0x7131 len=15
[D] UMTS MM state=19 substate=6 update_status=0
[D] QCP: log code=0xB193 len=176
[D] QCP: log code=0x7130 len=15
[W] UMTS NAS OTA: payload too short (3)
[D] QCP: log code=0x7130 len=15
[W] UMTS NAS OTA: payload too short (3)
[D] QCP: log code=0xB0ED len=30
[D] LTE NAS EMM: nas_len=10
[D] NAS_PDU [10 bytes]: 52 00 C2 27 05 80 00 22 01 53 
[D] QCP: log code=0xB0C0 len=56
[D] LTE 0xB0C0 RRC OTA: ver=27 plen=44
[D] 0xB0C0 [44 bytes]: 1B 10 10 10 90 02 37 00 B9 06 00 00 00 00 0B 00 00 00 00 17 00 48 02 84 EC 04 23 80 E0 E0 E8 60 01 4A 40 18 44 E0 B0 00 04 40 2A 60 
[D] v25 item: rrc=16.16 nr_rrc=16.144 rbid=2 pci=55 earfcn=1721 sfn_subfn=0 pdu_num=11 sib_mask=0 len=23
[D] QCP: log code=0xB0C0 len=103
[D] LTE 0xB0C0 RRC OTA: ver=27 plen=91
[D] 0xB0C0 [91 bytes]: 1B 10 10 10 90 01 37 00 B9 06 00 00 F4 0E 09 00 00 00 00 46 00 24 10 15 A8 00 14 03 5C B2 F0 00 6E F3 01 15 01 48 CB 81 40 50 02 88 A9 2D ED C0 A0 28 02 02 30 0B 41 01 81 94 0B C1 02 13 5B 94 ...(+27)
[D] v25 item: rrc=16.16 nr_rrc=16.144 rbid=1 pci=55 earfcn=1721 sfn_subfn=3828 pdu_num=9 sib_mask=0 len=70
[D] QCP: log code=0xB0C0 len=35
[D] LTE 0xB0C0 RRC OTA: ver=27 plen=23
[D] 0xB0C0 [23 bytes]: 1B 10 10 10 90 01 37 00 B9 06 00 00 00 00 0B 00 00 00 00 02 00 14 00 
[D] v25 item: rrc=16.16 nr_rrc=16.144 rbid=1 pci=55 earfcn=1721 sfn_subfn=0 pdu_num=11 sib_mask=0 len=2
[D] QCP: log code=0xB193 len=176
[D] QCP: log code=0xB193 len=176
[D] QCP: log code=0xB0C0 len=37
[D] LTE 0xB0C0 RRC OTA: ver=27 plen=25
[D] 0xB0C0 [25 bytes]: 1B 10 10 10 90 01 37 00 B9 06 00 00 00 00 0B 00 00 00 00 04 00 08 02 4B 54 
[D] v25 item: rrc=16.16 nr_rrc=16.144 rbid=1 pci=55 earfcn=1721 sfn_subfn=0 pdu_num=11 sib_mask=0 len=4
[I] [MEAS] PCell EARFCN=1721 PCI=55 RSRP=-65 RSRQ=-9
[D] QCP: log code=0xB193 len=176
[D] QCP: log code=0xB0C0 len=42
[D] LTE 0xB0C0 RRC OTA: ver=27 plen=30
[D] 0xB0C0 [30 bytes]: 1B 10 10 10 90 01 37 00 B9 06 00 00 23 4F 09 00 00 00 00 09 00 26 02 01 80 01 02 04 10 20 
[D] v25 item: rrc=16.16 nr_rrc=16.144 rbid=1 pci=55 earfcn=1721 sfn_subfn=20259 pdu_num=9 sib_mask=0 len=9
[D] QCP: log code=0xB193 len=176
[D] QCP: log code=0xB0C0 len=35
[D] LTE 0xB0C0 RRC OTA: ver=27 plen=23
[D] 0xB0C0 [23 bytes]: 1B 10 10 10 90 01 37 00 B9 06 00 00 00 00 0B 00 00 00 00 02 00 16 00 
[D] v25 item: rrc=16.16 nr_rrc=16.144 rbid=1 pci=55 earfcn=1721 sfn_subfn=0 pdu_num=11 sib_mask=0 len=2
[D] QCP: log code=0xB193 len=176
[D] QCP: log code=0xB193 len=176
[D] QCP: log code=0xB193 len=176
[D] QCP: log code=0xB193 len=176
[D] QCP: log code=0xB193 len=176
[D] QCP: log code=0xB193 len=176
[D] QCP: log code=0xB193 len=176
[D] QCP: log code=0xB193 len=176
[D] QCP: log code=0xB193 len=176
[D] QCP: log code=0xB193 len=176
[D] QCP: log code=0xB193 len=176
[D] QCP: log code=0xB193 len=176
[D] QCP: log code=0xB0C0 len=51
[D] LTE 0xB0C0 RRC OTA: ver=27 plen=39
[D] 0xB0C0 [39 bytes]: 1B 10 10 10 90 00 37 00 B9 06 00 00 05 50 03 02 00 00 00 12 00 40 49 40 03 45 8E 31 6D F0 58 20 21 10 81 04 4C 24 D8 
[D] v25 item: rrc=16.16 nr_rrc=16.144 rbid=0 pci=55 earfcn=1721 sfn_subfn=20485 pdu_num=3 sib_mask=2 len=18
[I] [SIB1] EARFCN=1721 PCI=55 MCC=250 MNC=1 CID=51830533 TAC=17806 barred=0 csg=0
[D] QCP: log code=0xB197 len=48
[I] ML1 0xB197 ServInfo: EARFCN=1721 PCI=132 (v2)
[D] QCP: log code=0xB0C1 len=23
[D] LTE 0xB0C1 MIB: ver=2 plen=11
[D] 0xB0C1 [11 bytes]: 02 37 00 B9 06 00 00 00 01 04 32 
[D] LTE MIB v2: bandwidth=50 tx_antenna=4 sfn=256 earfcn=1721 pci=55
[D] QCP: log code=0xB0C0 len=37
[D] LTE 0xB0C0 RRC OTA: ver=27 plen=25
[D] 0xB0C0 [25 bytes]: 1B 10 10 10 90 01 37 00 B9 06 00 00 00 00 0B 00 00 00 00 04 00 08 02 CB 58 
[D] v25 item: rrc=16.16 nr_rrc=16.144 rbid=1 pci=55 earfcn=1721 sfn_subfn=0 pdu_num=11 sib_mask=0 len=4
[I] [MEAS] PCell EARFCN=1721 PCI=55 RSRP=-65 RSRQ=-8
[D] QCP: log code=0xB193 len=176
[D] QCP: log code=0xB0C0 len=120
[D] LTE 0xB0C0 RRC OTA: ver=27 plen=108
[D] 0xB0C0 [108 bytes]: 1B 10 10 10 90 01 37 00 B9 06 00 00 58 D0 09 00 00 00 00 57 00 20 12 1F 41 00 14 03 5C B2 F0 00 6E F0 8C 13 E4 94 BC 04 06 40 43 00 0B BC 2F 01 01 90 18 C0 19 00 CB C0 40 64 08 30 0C 41 A2 F0 ...(+44)
[D] v25 item: rrc=16.16 nr_rrc=16.144 rbid=1 pci=55 earfcn=1721 sfn_subfn=53336 pdu_num=9 sib_mask=0 len=87
[D] QCP: log code=0xB0C0 len=35
[D] LTE 0xB0C0 RRC OTA: ver=27 plen=23
[D] 0xB0C0 [23 bytes]: 1B 10 10 10 90 01 37 00 B9 06 00 00 00 00 0B 00 00 00 00 02 00 10 00 
[D] v25 item: rrc=16.16 nr_rrc=16.144 rbid=1 pci=55 earfcn=1721 sfn_subfn=0 pdu_num=11 sib_mask=0 len=2
[D] QCP: log code=0xB0C0 len=37
[D] LTE 0xB0C0 RRC OTA: ver=27 plen=25
[D] 0xB0C0 [25 bytes]: 1B 10 10 10 90 01 37 00 B9 06 00 00 00 00 0B 00 00 00 00 04 00 08 02 4B 58 
[D] v25 item: rrc=16.16 nr_rrc=16.144 rbid=1 pci=55 earfcn=1721 sfn_subfn=0 pdu_num=11 sib_mask=0 len=4
[I] [MEAS] PCell EARFCN=1721 PCI=55 RSRP=-65 RSRQ=-8
[D] QCP: log code=0xB193 len=176
[D] QCP: log code=0xB193 len=176
[D] QCP: log code=0xB193 len=176
[D] QCP: log code=0xB193 len=176
[D] QCP: log code=0xB193 len=176
[D] QCP: log code=0xB193 len=176
[D] QCP: log code=0xB193 len=176
[D] QCP: log code=0xB193 len=176
[D] QCP: log code=0xB193 len=176
[D] QCP: log code=0xB193 len=176
[D] QCP: log code=0xB193 len=176
[D] QCP: log code=0xB193 len=176
[D] QCP: log code=0xB0C0 len=41
[D] LTE 0xB0C0 RRC OTA: ver=27 plen=29
[D] 0xB0C0 [29 bytes]: 1B 10 10 10 90 01 37 00 B9 06 00 00 00 00 0B 00 00 00 00 08 00 08 14 CA 58 07 1D B7 2C 
[D] v25 item: rrc=16.16 nr_rrc=16.144 rbid=1 pci=55 earfcn=1721 sfn_subfn=0 pdu_num=11 sib_mask=0 len=8
[I] [MEAS] PCell EARFCN=1721 PCI=55 RSRP=-66 RSRQ=-8
[I] [MEAS] neigh EARFCN=1721 PCI=455 RSRP=-85 RSRQ=-14
[D] QCP: log code=0xB193 len=176
[D] QCP: log code=0xB193 len=176
[D] QCP: log code=0xB193 len=176
[D] QCP: log code=0xB193 len=176
[D] QCP: log code=0xB193 len=176
[D] QCP: log code=0xB193 len=176
[D] QCP: log code=0xB0C0 len=45
[D] LTE 0xB0C0 RRC OTA: ver=27 plen=33
[D] 0xB0C0 [33 bytes]: 1B 10 10 10 90 01 37 00 B9 06 00 00 C7 D1 09 00 00 00 00 0C 00 22 02 01 80 02 00 20 80 20 02 F0 00 
[D] v25 item: rrc=16.16 nr_rrc=16.144 rbid=1 pci=55 earfcn=1721 sfn_subfn=53703 pdu_num=9 sib_mask=0 len=12
[D] QCP: log code=0xB0C0 len=35
[D] LTE 0xB0C0 RRC OTA: ver=27 plen=23
[D] 0xB0C0 [23 bytes]: 1B 10 10 10 90 01 37 00 B9 06 00 00 00 00 0B 00 00 00 00 02 00 12 00 
[D] v25 item: rrc=16.16 nr_rrc=16.144 rbid=1 pci=55 earfcn=1721 sfn_subfn=0 pdu_num=11 sib_mask=0 len=2
[D] QCP: log code=0xB193 len=176
[D] QCP: log code=0xB193 len=176
[D] QCP: log code=0xB193 len=176
[D] QCP: log code=0xB193 len=176
[D] QCP: log code=0xB193 len=176
[D] QCP: log code=0xB193 len=176
[D] QCP: log code=0xB193 len=176
[D] QCP: log code=0xB193 len=176
[D] QCP: log code=0xB193 len=176
[D] QCP: log code=0xB193 len=176
[D] QCP: log code=0xB193 len=176
[D] QCP: log code=0xB193 len=176
[D] QCP: log code=0xB193 len=176
[D] QCP: log code=0xB0C0 len=41
[D] LTE 0xB0C0 RRC OTA: ver=27 plen=29
[D] 0xB0C0 [29 bytes]: 1B 10 10 10 90 01 37 00 B9 06 00 00 00 00 0B 00 00 00 00 08 00 08 15 48 50 02 71 B7 00 
[D] v25 item: rrc=16.16 nr_rrc=16.144 rbid=1 pci=55 earfcn=1721 sfn_subfn=0 pdu_num=11 sib_mask=0 len=8
[I] [MEAS] PCell EARFCN=1721 PCI=55 RSRP=-68 RSRQ=-9
[I] [MEAS] neigh EARFCN=1721 PCI=156 RSRP=-85 RSRQ=-19
[D] QCP: log code=0xB193 len=176
[D] QCP: log code=0xB0C0 len=59
[D] LTE 0xB0C0 RRC OTA: ver=27 plen=47
[D] 0xB0C0 [47 bytes]: 1B 10 10 10 90 01 37 00 B9 06 00 00 F3 12 09 00 00 00 00 1A 00 24 10 37 00 42 20 14 60 0E 36 45 E0 20 32 00 48 46 10 01 0B DC 05 2A 01 4A 90 
[D] v25 item: rrc=16.16 nr_rrc=16.144 rbid=1 pci=55 earfcn=1721 sfn_subfn=4851 pdu_num=9 sib_mask=0 len=26
[D] QCP: log code=0xB0C0 len=35
[D] LTE 0xB0C0 RRC OTA: ver=27 plen=23
[D] 0xB0C0 [23 bytes]: 1B 10 10 10 90 01 37 00 B9 06 00 00 00 00 0B 00 00 00 00 02 00 14 00 
[D] v25 item: rrc=16.16 nr_rrc=16.144 rbid=1 pci=55 earfcn=1721 sfn_subfn=0 pdu_num=11 sib_mask=0 len=2
[D] QCP: log code=0xB193 len=176
[D] QCP: log code=0xB193 len=176
[D] QCP: log code=0xB193 len=176
[D] QCP: log code=0xB193 len=176
[D] QCP: log code=0xB193 len=176
[D] QCP: log code=0xB193 len=176
[D] QCP: log code=0xB193 len=176
[D] QCP: log code=0xB193 len=176
[D] QCP: log code=0xB193 len=176
[D] QCP: log code=0xB193 len=176
[D] QCP: log code=0xB193 len=176
[D] QCP: log code=0xB193 len=176
[D] QCP: log code=0xB193 len=176
[D] QCP: log code=0xB193 len=176
[D] QCP: log code=0xB193 len=176
[D] QCP: log code=0xB193 len=176
[D] QCP: log code=0xB193 len=176
[D] QCP: log code=0xB193 len=176
[D] QCP: log code=0xB193 len=176
[D] QCP: log code=0xB193 len=176
[D] QCP: log code=0xB0C0 len=41
[D] LTE 0xB0C0 RRC OTA: ver=27 plen=29
[D] 0xB0C0 [29 bytes]: 1B 10 10 10 90 01 37 00 B9 06 00 00 00 00 0B 00 00 00 00 08 00 08 15 C9 4C 02 09 C2 28 
[D] v25 item: rrc=16.16 nr_rrc=16.144 rbid=1 pci=55 earfcn=1721 sfn_subfn=0 pdu_num=11 sib_mask=0 len=8
[I] [MEAS] PCell EARFCN=1721 PCI=55 RSRP=-67 RSRQ=-10
[I] [MEAS] neigh EARFCN=1721 PCI=130 RSRP=-74 RSRQ=-14
[D] QCP: log code=0xB193 len=176
[D] QCP: log code=0xB193 len=176
[D] QCP: log code=0xB193 len=176
[D] QCP: log code=0xB193 len=176
[D] QCP: log code=0xB193 len=176
[D] QCP: log code=0xB193 len=176
[D] QCP: log code=0xB193 len=176
[D] QCP: log code=0xB193 len=176
[D] QCP: log code=0xB193 len=176
[D] QCP: log code=0xB193 len=176
[D] QCP: log code=0xB193 len=176
[D] QCP: log code=0xB193 len=176
[D] QCP: log code=0xB193 len=176
[D] QCP: log code=0xB193 len=176
[D] QCP: log code=0xB193 len=176
[D] QCP: log code=0xB193 len=176
[D] QCP: log code=0xB193 len=176
[D] QCP: log code=0xB193 len=176
[D] QCP: log code=0xB193 len=176
[D] QCP: log code=0xB193 len=176
[D] QCP: log code=0xB193 len=176
[D] QCP: log code=0xB0C0 len=41
[D] LTE 0xB0C0 RRC OTA: ver=27 plen=29
[D] 0xB0C0 [29 bytes]: 1B 10 10 10 90 01 37 00 B9 06 00 00 00 00 0B 00 00 00 00 08 00 08 16 4B 4C 04 59 BD 60 
[D] v25 item: rrc=16.16 nr_rrc=16.144 rbid=1 pci=55 earfcn=1721 sfn_subfn=0 pdu_num=11 sib_mask=0 len=8
[I] [MEAS] PCell EARFCN=1721 PCI=55 RSRP=-65 RSRQ=-10
[I] [MEAS] neigh EARFCN=1721 PCI=278 RSRP=-79 RSRQ=-7
[D] QCP: log code=0xB193 len=176
[D] QCP: log code=0xB193 len=176
[D] QCP: log code=0xB193 len=176
[D] QCP: log code=0xB193 len=176
[D] QCP: log code=0xB193 len=176
[D] QCP: log code=0xB193 len=176
[D] QCP: log code=0xB193 len=176
[D] QCP: log code=0xB193 len=176
[D] QCP: log code=0xB193 len=176
[D] QCP: log code=0xB193 len=176
[D] QCP: log code=0xB193 len=176
[D] QCP: log code=0xB193 len=176
[D] QCP: log code=0xB193 len=176
[D] QCP: log code=0xB193 len=176
[D] QCP: log code=0xB0C0 len=37
[D] LTE 0xB0C0 RRC OTA: ver=27 plen=25
[D] 0xB0C0 [25 bytes]: 1B 10 10 10 90 01 37 00 B9 06 00 00 00 00 0B 00 00 00 00 04 00 08 04 4C 50 
[D] v25 item: rrc=16.16 nr_rrc=16.144 rbid=1 pci=55 earfcn=1721 sfn_subfn=0 pdu_num=11 sib_mask=0 len=4
[I] [MEAS] PCell EARFCN=1721 PCI=55 RSRP=-64 RSRQ=-9
[D] QCP: log code=0xB193 len=176
[D] QCP: log code=0xB193 len=176
[D] QCP: log code=0xB193 len=176
[D] QCP: log code=0xB193 len=176
[D] QCP: log code=0xB193 len=176
[D] QCP: log code=0xB193 len=176
[D] QCP: log code=0xB193 len=176
[D] QCP: log code=0xB0C0 len=41
[D] LTE 0xB0C0 RRC OTA: ver=27 plen=29
[D] 0xB0C0 [29 bytes]: 1B 10 10 10 90 01 37 00 B9 06 00 00 00 00 0B 00 00 00 00 08 00 08 12 CC 54 02 B5 C4 70 
[D] v25 item: rrc=16.16 nr_rrc=16.144 rbid=1 pci=55 earfcn=1721 sfn_subfn=0 pdu_num=11 sib_mask=0 len=8
[I] [MEAS] PCell EARFCN=1721 PCI=55 RSRP=-64 RSRQ=-9
[I] [MEAS] neigh EARFCN=1721 PCI=173 RSRP=-72 RSRQ=-5
[D] QCP: log code=0xB193 len=176
[D] QCP: log code=0xB193 len=176
[D] QCP: log code=0xB0C0 len=60
[D] LTE 0xB0C0 RRC OTA: ver=27 plen=48
[D] 0xB0C0 [48 bytes]: 1B 10 10 10 90 01 37 00 B9 06 00 00 77 17 09 00 00 00 00 1B 00 26 12 2A 40 86 42 8C E8 49 8A 74 2D 85 30 28 B3 6C 32 14 30 08 E1 C1 90 5A 28 40 
[D] v25 item: rrc=16.16 nr_rrc=16.144 rbid=1 pci=55 earfcn=1721 sfn_subfn=6007 pdu_num=9 sib_mask=0 len=27
[D] QCP: log code=0xB193 len=176
[D] QCP: log code=0xB0C0 len=35
[D] LTE 0xB0C0 RRC OTA: ver=27 plen=23
[D] 0xB0C0 [23 bytes]: 1B 10 10 10 90 01 37 00 B9 06 00 00 00 00 0B 00 00 00 00 02 00 16 00 
[D] v25 item: rrc=16.16 nr_rrc=16.144 rbid=1 pci=55 earfcn=1721 sfn_subfn=0 pdu_num=11 sib_mask=0 len=2
[D] QCP: log code=0xB193 len=176
[D] QCP: log code=0xB193 len=176
[D] QCP: log code=0xB193 len=176
[D] QCP: log code=0xB0C0 len=120
[D] LTE 0xB0C0 RRC OTA: ver=27 plen=108
[D] 0xB0C0 [108 bytes]: 1B 10 10 10 90 01 37 00 B9 06 00 00 D5 D7 09 00 00 00 00 57 00 20 02 81 80 01 16 20 28 33 9C 0C 06 80 C8 2D 0A 14 2C 0F 04 01 10 48 06 04 40 00 04 10 21 80 B0 14 F8 E3 CA 6A 0D 94 51 3A E6 68 ...(+44)
[D] v25 item: rrc=16.16 nr_rrc=16.144 rbid=1 pci=55 earfcn=1721 sfn_subfn=55253 pdu_num=9 sib_mask=0 len=87
[D] QCP: log code=0xB197 len=48
[I] ML1 0xB197 ServInfo: EARFCN=1721 PCI=132 (v2)
[D] QCP: log code=0xB197 len=48
[I] ML1 0xB197 ServInfo: EARFCN=1721 PCI=132 (v2)
[D] QCP: log code=0xB0C0 len=35
[D] LTE 0xB0C0 RRC OTA: ver=27 plen=23
[D] 0xB0C0 [23 bytes]: 1B 10 10 10 90 01 37 00 B9 06 00 00 00 00 0B 00 00 00 00 02 00 10 00 
[D] v25 item: rrc=16.16 nr_rrc=16.144 rbid=1 pci=55 earfcn=1721 sfn_subfn=0 pdu_num=11 sib_mask=0 len=2
[D] QCP: log code=0xB193 len=176
[D] QCP: log code=0xB0C0 len=85
[D] LTE 0xB0C0 RRC OTA: ver=27 plen=73
[D] 0xB0C0 [73 bytes]: 1B 10 10 10 90 01 37 00 B9 06 00 00 13 18 09 00 00 00 00 34 00 22 10 15 00 42 30 4A 6A 52 F0 10 19 01 0C 00 2E F0 BC 04 06 40 45 02 22 2B 03 03 08 00 14 A2 5B DB 9C 40 00 C8 09 86 EC A5 09 4C ...(+9)
[D] v25 item: rrc=16.16 nr_rrc=16.144 rbid=1 pci=55 earfcn=1721 sfn_subfn=6163 pdu_num=9 sib_mask=0 len=52
[D] QCP: log code=0xB0C0 len=35
[D] LTE 0xB0C0 RRC OTA: ver=27 plen=23
[D] 0xB0C0 [23 bytes]: 1B 10 10 10 90 01 37 00 B9 06 00 00 00 00 0B 00 00 00 00 02 00 12 00 
[D] v25 item: rrc=16.16 nr_rrc=16.144 rbid=1 pci=55 earfcn=1721 sfn_subfn=0 pdu_num=11 sib_mask=0 len=2
[D] QCP: log code=0xB193 len=176
[D] QCP: log code=0xB193 len=176
[D] QCP: log code=0xB193 len=176
[D] QCP: log code=0xB193 len=176
[D] QCP: log code=0xB193 len=176
[D] QCP: log code=0xB193 len=176
[D] QCP: log code=0xB193 len=176
[D] QCP: log code=0xB193 len=176
[D] QCP: log code=0xB193 len=176
[D] QCP: log code=0xB193 len=176
[D] QCP: log code=0xB193 len=176
[D] QCP: log code=0xB193 len=176
[D] QCP: log code=0xB193 len=176
[D] QCP: log code=0xB193 len=176
[D] QCP: log code=0xB193 len=176
[D] QCP: log code=0xB193 len=176
[D] QCP: log code=0xB193 len=176
[D] QCP: log code=0xB193 len=176
[D] QCP: log code=0xB193 len=176
[D] QCP: log code=0xB193 len=176
[D] QCP: log code=0xB193 len=176
[D] QCP: log code=0xB193 len=176
[D] QCP: log code=0xB193 len=176
[D] QCP: log code=0xB193 len=176
[D] QCP: log code=0xB193 len=176
[D] QCP: log code=0xB193 len=176
[D] QCP: log code=0xB193 len=176
[D] QCP: log code=0xB193 len=176
[D] QCP: log code=0xB193 len=176
[D] QCP: log code=0xB193 len=176
[D] QCP: log code=0xB193 len=176
[D] QCP: log code=0xB193 len=176
[D] QCP: log code=0xB193 len=176
[D] QCP: log code=0xB193 len=176
[D] QCP: log code=0xB193 len=176
[D] QCP: log code=0xB193 len=176
[D] QCP: log code=0xB193 len=176
[D] QCP: log code=0xB0C0 len=40
[D] LTE 0xB0C0 RRC OTA: ver=27 plen=28
[D] 0xB0C0 [28 bytes]: 1B 10 10 10 90 00 37 00 B9 06 00 00 09 A0 07 00 00 00 00 07 00 40 0E 0C 0A 45 81 40 
[D] v25 item: rrc=16.16 nr_rrc=16.144 rbid=0 pci=55 earfcn=1721 sfn_subfn=40969 pdu_num=7 sib_mask=0 len=7
[D] QCP: log code=0xB193 len=176
[D] QCP: log code=0xB193 len=176
[D] QCP: log code=0xB193 len=176
[D] QCP: log code=0xB193 len=176
[D] QCP: log code=0xB193 len=176
[D] QCP: log code=0xB193 len=176
[D] QCP: log code=0xB193 len=176
[D] QCP: log code=0xB193 len=176
[D] QCP: log code=0xB193 len=176
[D] QCP: log code=0xB193 len=176
[D] QCP: log code=0xB193 len=176
[D] QCP: log code=0xB193 len=176
[D] QCP: log code=0xB193 len=176
[D] QCP: log code=0xB193 len=176
[D] QCP: log code=0xB193 len=176
[D] QCP: log code=0xB193 len=176
[D] QCP: log code=0xB193 len=176
[D] QCP: log code=0xB193 len=176
[D] QCP: log code=0xB193 len=176
[D] QCP: log code=0xB193 len=176
[D] QCP: log code=0xB193 len=176
[D] QCP: log code=0xB193 len=176
[D] QCP: log code=0xB193 len=176
[D] QCP: log code=0xB193 len=176
[D] QCP: log code=0xB193 len=176
[D] QCP: log code=0xB193 len=176
[D] QCP: log code=0xB193 len=176
[D] QCP: log code=0xB193 len=176
[D] QCP: log code=0xB193 len=176
[D] QCP: log code=0xB193 len=176
[D] QCP: log code=0xB193 len=176
[D] QCP: log code=0xB193 len=176
[D] QCP: log code=0xB0C0 len=40
[D] LTE 0xB0C0 RRC OTA: ver=27 plen=28
[D] 0xB0C0 [28 bytes]: 1B 10 10 10 90 00 37 00 B9 06 00 00 09 A8 07 00 00 00 00 07 00 40 0E 0C 0A 45 81 40 
[D] v25 item: rrc=16.16 nr_rrc=16.144 rbid=0 pci=55 earfcn=1721 sfn_subfn=43017 pdu_num=7 sib_mask=0 len=7
[D] QCP: log code=0xB193 len=176
[D] QCP: log code=0xB193 len=176
[D] QCP: log code=0xB193 len=176
[D] QCP: log code=0xB193 len=176
[D] QCP: log code=0xB193 len=176
[D] QCP: log code=0xB193 len=176
[D] QCP: log code=0xB193 len=176
[D] QCP: log code=0xB193 len=176
[D] QCP: log code=0xB193 len=176
[D] QCP: log code=0xB193 len=176
[D] QCP: log code=0xB193 len=176
[D] QCP: log code=0xB193 len=176
[D] QCP: log code=0xB193 len=176
[D] QCP: log code=0xB193 len=176
[D] QCP: log code=0xB193 len=176
[D] QCP: log code=0xB193 len=176
[D] QCP: log code=0xB193 len=176
[D] QCP: log code=0xB193 len=176
[D] QCP: log code=0xB193 len=176
[D] QCP: log code=0xB193 len=176
[D] QCP: log code=0xB193 len=176
[D] QCP: log code=0xB193 len=176
[D] QCP: log code=0xB193 len=176
[D] QCP: log code=0xB193 len=176
[D] QCP: log code=0xB193 len=176
[D] QCP: log code=0xB193 len=176
[D] QCP: log code=0xB193 len=176
[D] QCP: log code=0xB193 len=176
[D] QCP: log code=0xB193 len=176
[D] QCP: log code=0xB193 len=176
[D] QCP: log code=0xB193 len=176
[D] QCP: log code=0xB193 len=176
[D] QCP: log code=0xB193 len=176
[D] QCP: log code=0xB193 len=176
[D] QCP: log code=0xB193 len=176
[D] QCP: log code=0xB193 len=176
[D] QCP: log code=0xB193 len=176
[D] QCP: log code=0xB0C0 len=40
[D] LTE 0xB0C0 RRC OTA: ver=27 plen=28
[D] 0xB0C0 [28 bytes]: 1B 10 10 10 90 00 37 00 B9 06 00 00 09 B0 07 00 00 00 00 07 00 40 0E 0C 0A 45 81 40 
[D] v25 item: rrc=16.16 nr_rrc=16.144 rbid=0 pci=55 earfcn=1721 sfn_subfn=45065 pdu_num=7 sib_mask=0 len=7
[D] QCP: log code=0xB193 len=176
[D] QCP: log code=0xB193 len=176
[D] QCP: log code=0xB0C0 len=46
[D] LTE 0xB0C0 RRC OTA: ver=27 plen=34
[D] 0xB0C0 [34 bytes]: 1B 10 10 10 90 01 37 00 B9 06 00 00 00 00 0B 00 00 00 00 0D 00 08 22 48 4C 42 00 19 28 B6 2D 28 25 80 
[D] v25 item: rrc=16.16 nr_rrc=16.144 rbid=1 pci=55 earfcn=1721 sfn_subfn=0 pdu_num=11 sib_mask=0 len=13
[D] QCP: log code=0xB193 len=176
[D] QCP: log code=0xB193 len=176
[D] QCP: log code=0xB193 len=176
[D] QCP: log code=0xB193 len=176
[D] QCP: log code=0xB193 len=176
[D] QCP: log code=0xB193 len=176
[D] QCP: log code=0xB193 len=176
[D] QCP: log code=0xB193 len=176
[D] QCP: log code=0xB193 len=176
[D] QCP: log code=0xB193 len=176
[D] QCP: log code=0xB193 len=176
[D] QCP: log code=0xB193 len=176
[D] QCP: log code=0xB193 len=176
[D] QCP: log code=0xB193 len=176
[D] QCP: log code=0xB193 len=176
[D] QCP: log code=0xB193 len=176
[D] QCP: log code=0xB193 len=176
[D] QCP: log code=0xB193 len=176
[D] QCP: log code=0xB193 len=176
[D] QCP: log code=0xB193 len=176
[D] QCP: log code=0xB193 len=176
[D] QCP: log code=0xB193 len=176
[D] QCP: log code=0xB193 len=176
[D] QCP: log code=0xB193 len=176
[D] QCP: log code=0xB193 len=176
[D] QCP: log code=0xB193 len=176
[D] QCP: log code=0xB193 len=176
[D] QCP: log code=0xB193 len=176
[D] QCP: log code=0xB193 len=176
[D] QCP: log code=0xB193 len=176
[D] QCP: log code=0xB193 len=176
[D] QCP: log code=0xB193 len=176
[D] QCP: log code=0xB193 len=176
[D] QCP: log code=0xB193 len=176
[D] QCP: log code=0xB193 len=176
[D] QCP: log code=0xB193 len=176
[D] QCP: log code=0xB193 len=176
[D] QCP: log code=0xB193 len=176
[D] QCP: log code=0xB193 len=176
[D] QCP: log code=0xB193 len=176
[D] QCP: log code=0xB193 len=176
[D] QCP: log code=0xB193 len=176
[D] QCP: log code=0xB193 len=176
[D] QCP: log code=0xB193 len=176
[D] QCP: log code=0xB193 len=176
[D] QCP: log code=0xB193 len=176
[D] QCP: log code=0xB193 len=176
[D] QCP: log code=0xB193 len=176
[D] QCP: log code=0xB193 len=176
[D] QCP: log code=0xB193 len=176
[D] QCP: log code=0xB193 len=176
[D] QCP: log code=0xB193 len=176
[D] QCP: log code=0xB193 len=176
[D] QCP: log code=0xB193 len=176
[D] QCP: log code=0xB0C0 len=50
[D] LTE 0xB0C0 RRC OTA: ver=27 plen=38
[D] 0xB0C0 [38 bytes]: 1B 10 10 10 90 01 37 00 B9 06 00 00 00 00 0B 00 00 00 00 11 00 08 34 49 58 01 79 BF 08 42 00 19 28 B0 21 28 25 00 
[D] v25 item: rrc=16.16 nr_rrc=16.144 rbid=1 pci=55 earfcn=1721 sfn_subfn=0 pdu_num=11 sib_mask=0 len=17
[D] QCP: log code=0xB193 len=176
[D] QCP: log code=0xB193 len=176
[D] QCP: log code=0xB193 len=176
[D] QCP: log code=0xB193 len=176
[D] QCP: log code=0xB193 len=176
[D] QCP: log code=0xB193 len=176
[D] QCP: log code=0xB193 len=176
[D] QCP: log code=0xB193 len=176
[D] QCP: log code=0xB193 len=176
[D] QCP: log code=0xB193 len=176
[D] QCP: log code=0xB193 len=176
[D] QCP: log code=0xB193 len=176
[D] QCP: log code=0xB0C0 len=46
[D] LTE 0xB0C0 RRC OTA: ver=27 plen=34
[D] 0xB0C0 [34 bytes]: 1B 10 10 10 90 01 37 00 B9 06 00 00 00 00 0B 00 00 00 00 0D 00 08 24 48 54 42 00 19 28 B1 2D 27 CA 80 
[D] v25 item: rrc=16.16 nr_rrc=16.144 rbid=1 pci=55 earfcn=1721 sfn_subfn=0 pdu_num=11 sib_mask=0 len=13
[D] QCP: log code=0xB193 len=176
[D] QCP: log code=0xB193 len=176
[D] QCP: log code=0xB193 len=176
[D] QCP: log code=0xB193 len=176
[D] QCP: log code=0xB193 len=176
[D] QCP: log code=0xB193 len=176
[D] QCP: log code=0xB193 len=176
[D] QCP: log code=0xB193 len=176
[D] QCP: log code=0xB193 len=176
[D] QCP: log code=0xB193 len=176
[D] QCP: log code=0xB193 len=176
[D] QCP: log code=0xB193 len=176
[D] QCP: log code=0xB193 len=176
[D] QCP: log code=0xB193 len=176
[D] QCP: log code=0xB193 len=176
[D] QCP: log code=0xB193 len=176
[D] QCP: log code=0xB193 len=176
[D] QCP: log code=0xB193 len=176
[D] QCP: log code=0xB193 len=176
[D] QCP: log code=0xB193 len=176
[D] QCP: log code=0xB193 len=176
[D] QCP: log code=0xB193 len=176
[D] QCP: log code=0xB193 len=176
[D] QCP: log code=0xB193 len=176
[D] QCP: log code=0xB193 len=176
[D] QCP: log code=0xB193 len=176
[D] QCP: log code=0xB193 len=176
[D] QCP: log code=0xB193 len=176
[D] QCP: log code=0xB193 len=176
[D] QCP: log code=0xB193 len=176
[D] QCP: log code=0xB193 len=176
[D] QCP: log code=0xB193 len=176
[D] QCP: log code=0xB193 len=176
[D] QCP: log code=0xB193 len=176
[D] QCP: log code=0xB193 len=176
[D] QCP: log code=0xB193 len=176
[D] QCP: log code=0xB193 len=176
[D] QCP: log code=0xB193 len=176
[D] QCP: log code=0xB193 len=176
[D] QCP: log code=0xB193 len=176
[D] QCP: log code=0xB193 len=176
[D] QCP: log code=0xB193 len=176
[D] QCP: log code=0xB193 len=176
[D] QCP: log code=0xB193 len=176
[D] QCP: log code=0xB193 len=176
[D] QCP: log code=0xB193 len=176
[D] QCP: log code=0xB193 len=176
[D] QCP: log code=0xB193 len=176
[D] QCP: log code=0xB193 len=176
[D] QCP: log code=0xB193 len=176
[D] QCP: log code=0xB193 len=176
[D] QCP: log code=0xB193 len=176
[D] QCP: log code=0xB193 len=176
[D] QCP: log code=0xB193 len=176
[D] QCP: log code=0xB193 len=176
[D] QCP: log code=0xB193 len=176
[D] QCP: log code=0xB193 len=176
[D] QCP: log code=0xB193 len=176
[D] QCP: log code=0xB193 len=176
[I] DAEMON: SHUTDOWN
[I] DAEMON: client disconnected
[I] DiagDciClient: stopping (client_id=1)...
[D] DiagDciClient: log mask disabled
[D] DiagDciClient: event mask disabled
[D] DiagDciClient: released client_id=0
[D] DiagDciClient: Diag_LSM_DeInit() done
[I] libdiag: unloaded
[I] DiagDciClient: stopped. Stats: logs=4714 events=2 parsed=2712 errors=2002
[LOG] === diag_scan log start (pid=31643) ===
[I] DiagDciClient: starting...
[D] libdiag: resolved Diag_LSM_Init @ 0x7b4a4b2d38
[D] libdiag: resolved Diag_LSM_DeInit @ 0x7b4a4b2f38
[D] libdiag: resolved diag_register_dci_client @ 0x7b4a4b2d68
[D] libdiag: resolved diag_release_dci_client @ 0x7b4a4b2dc4
[D] libdiag: using Variant B (register_dci_client)
[D] libdiag: resolved diag_register_dci_stream_proc @ 0x7b4a4b2d78
[D] libdiag: resolved diag_log_stream_config @ 0x7b4a4b2d98
[D] libdiag: resolved diag_event_stream_config @ 0x7b4a4b2da0
[D] libdiag: resolved diag_get_dci_support_list_proc @ 0x7b4a4b2d90
[D] libdiag: resolved diag_send_dci_async_req @ 0x7b4a4b2d80
[D] libdiag: resolved diag_get_health_stats_proc @ 0x7b4a4b2db0
[I] libdiag: loaded from libdiag.so (variant B (register_dci_client))
[I] DiagDciClient: libdiag loaded from libdiag.so
[D] DiagDciClient: Diag_LSM_Init() OK
[I] DiagDciClient: allocated client_id=1 (variant B)
[D] DiagDciClient: DCI stream callbacks registered
[I] DiagDciClient: log mask enabled (43 codes)
[I] DiagDciClient: mask contains B0C0=1 B0C1=1 B0C2=1 B0EC=1
[I] DiagDciClient: event mask enabled (23 ids)
[I] DiagDciClient: running (client_id=1, log_codes=43, event_ids=23)
[CLEANUP] === unlock_all() — wiping all lock files ===
[CLEANUP] === unlock_lte: starting wipe ===
[UNLINK] === attempt 1/3 path=/nv/item_files/modem/lte/rrc/efs/cell_lock_list ===
[STAT] /nv/item_files/modem/lte/rrc/efs/cell_lock_list -> ABSENT (errno=2)
[UNLINK] file already absent — OK
[UNLINK] === attempt 1/3 path=/nv/item_files/modem/lte/rrc/efs/cell_restrict_opt_params ===
[STAT] /nv/item_files/modem/lte/rrc/efs/cell_restrict_opt_params -> ABSENT (errno=2)
[UNLINK] file already absent — OK
[UNLINK] === attempt 1/3 path=/nv/item_files/modem/lte/rrc/csp/pci_lock ===
[STAT] /nv/item_files/modem/lte/rrc/csp/pci_lock -> ABSENT (errno=2)
[UNLINK] file already absent — OK
[EFS] SyncNoWait seq=1 '/nv/item_files/modem/lte/rrc/efs/cell_lock_list'
[EFS] SyncNoWait raw rsp (14): 4B 13 30 00 01 00 00 00 00 00 02 00 00 00
[EFS] SyncNoWait rsp: seq=1 token=0x00000000 err=2
[EFS] SYNC_NO_WAIT failed: errno=2
[STAT] /nv/item_files/modem/lte/rrc/efs/cell_lock_list -> ABSENT (errno=2)
[EFS] OPEN(rd) '/nv/item_files/modem/lte/rrc/efs/cell_lock_list' failed fd=-1 errno=2
[CLEANUP] /nv/item_files/modem/lte/rrc/efs/cell_lock_list: confirmed gone (stat+get agree)
[STAT] /nv/item_files/modem/lte/rrc/efs/cell_restrict_opt_params -> ABSENT (errno=2)
[EFS] OPEN(rd) '/nv/item_files/modem/lte/rrc/efs/cell_restrict_opt_params' failed fd=-1 errno=2
[CLEANUP] /nv/item_files/modem/lte/rrc/efs/cell_restrict_opt_params: confirmed gone (stat+get agree)
[STAT] /nv/item_files/modem/lte/rrc/csp/pci_lock -> ABSENT (errno=2)
[EFS] OPEN(rd) '/nv/item_files/modem/lte/rrc/csp/pci_lock' failed fd=-1 errno=2
[CLEANUP] /nv/item_files/modem/lte/rrc/csp/pci_lock: confirmed gone (stat+get agree)
[CLEANUP] === unlock_lte: OK ===
[CLEANUP] === unlock_umts() — wiping WCDMA lock files ===
[UNLINK] === attempt 1/3 path=/nv/item_files/wcdma/rrc/wcdma_rrc_freq_lock_item ===
[STAT] /nv/item_files/wcdma/rrc/wcdma_rrc_freq_lock_item -> EXISTS (errno=0)
[EFS] UNLINK '/nv/item_files/wcdma/rrc/wcdma_rrc_freq_lock_item'
[EFS] UNLINK errno=0
[EFS] SyncNoWait seq=2 '/nv/item_files/wcdma/rrc/wcdma_rrc_freq_lock_item'
[EFS] SyncNoWait raw rsp (14): 4B 13 30 00 02 00 00 00 DE AD 02 00 00 00
[EFS] SyncNoWait rsp: seq=2 token=0xADDE0000 err=2
[EFS] SYNC_NO_WAIT failed: errno=2
[STAT] /nv/item_files/wcdma/rrc/wcdma_rrc_freq_lock_item -> ABSENT (errno=2)
[UNLINK] verified gone after attempt 1 (unlink rc=0)
[UNLINK] === attempt 1/3 path=/nv/item_files/wcdma/rrc/wcdma_rrc_enable_psc_lock ===
[STAT] /nv/item_files/wcdma/rrc/wcdma_rrc_enable_psc_lock -> EXISTS (errno=0)
[EFS] UNLINK '/nv/item_files/wcdma/rrc/wcdma_rrc_enable_psc_lock'
[EFS] UNLINK errno=0
[EFS] SyncNoWait seq=3 '/nv/item_files/wcdma/rrc/wcdma_rrc_enable_psc_lock'
[EFS] SyncNoWait raw rsp (14): 4B 13 30 00 03 00 00 00 DE AD 02 00 00 00
[EFS] SyncNoWait rsp: seq=3 token=0xADDE0000 err=2
[EFS] SYNC_NO_WAIT failed: errno=2
[STAT] /nv/item_files/wcdma/rrc/wcdma_rrc_enable_psc_lock -> ABSENT (errno=2)
[UNLINK] verified gone after attempt 1 (unlink rc=0)
[UNLINK] === attempt 1/3 path=/nv/item_files/wcdma/l1/srch/wl1_srch_debug_utils ===
[STAT] /nv/item_files/wcdma/l1/srch/wl1_srch_debug_utils -> EXISTS (errno=0)
[EFS] UNLINK '/nv/item_files/wcdma/l1/srch/wl1_srch_debug_utils'
[EFS] UNLINK errno=0
[EFS] SyncNoWait seq=4 '/nv/item_files/wcdma/l1/srch/wl1_srch_debug_utils'
[EFS] SyncNoWait raw rsp (14): 4B 13 30 00 04 00 00 00 DE AD 02 00 00 00
[EFS] SyncNoWait rsp: seq=4 token=0xADDE0000 err=2
[EFS] SYNC_NO_WAIT failed: errno=2
[STAT] /nv/item_files/wcdma/l1/srch/wl1_srch_debug_utils -> ABSENT (errno=2)
[UNLINK] verified gone after attempt 1 (unlink rc=0)
[STAT] /nv/item_files/wcdma/rrc/wcdma_rrc_freq_lock_item -> ABSENT (errno=2)
[STAT] /nv/item_files/wcdma/rrc/wcdma_rrc_enable_psc_lock -> ABSENT (errno=2)
[STAT] /nv/item_files/wcdma/l1/srch/wl1_srch_debug_utils -> ABSENT (errno=2)
[CLEANUP] === unlock_umts: verified CLEAR (attempt 1/3) ===
[GSM-UNLOCK] === clearing GSM ARFCN lock ===
[EFS] === Attempt 1/3 path=/nv/item_files/modem/geran/grr/feature_lock_arfcn_enabled len=1 ===
[EFS] UNLINK '/nv/item_files/modem/geran/grr/feature_lock_arfcn_enabled'
[EFS] UNLINK errno=0
[EFS] PUT pkt (76):
  0000: 4B 13 26 00 01 00 00 00 42 02 FF 01 BA 17 00 2F
  0010: 6E 76 2F 69 74 65 6D 5F 66 69 6C 65 73 2F 6D 6F
  0020: 64 65 6D 2F 67 65 72 61 6E 2F 67 72 72 2F 66 65
  0030: 61 74 75 72 65 5F 6C 6F 63 6B 5F 61 72 66 63 6E
  0040: 5F 65 6E 61 62 6C 65 64 00 00 00 00
[EFS] PUT rsp: code=0x17BA errno=0
[EFS] PUT OK
[EFS] SyncNoWait seq=5 '/nv/item_files/modem/geran/grr/feature_lock_arfcn_enabled'
[EFS] SyncNoWait raw rsp (14): 4B 13 30 00 05 00 05 00 00 00 00 00 00 00
[EFS] SyncNoWait rsp: seq=5 token=0x00000005 err=0
[EFS] SYNC_NO_WAIT OK: token=0x00000005
[EFS] SyncGetStatus raw rsp (11): 4B 13 31 00 06 00 01 00 00 00 00
[EFS] GET_SYNC_STATUS done after 1 polls (status=1)
[EFS] ==> WRITE + SYNC COMPLETED
[GSM-UNLOCK] feature flag set to 0 OK
[UNLINK] === attempt 1/3 path=/nv/item_files/modem/geran/rr_efs_arfcn_list ===
[STAT] /nv/item_files/modem/geran/rr_efs_arfcn_list -> ABSENT (errno=2)
[UNLINK] file already absent — OK
[EFS] OPEN(rd) '/nv/item_files/modem/geran/rr_efs_arfcn_list' failed fd=-1 errno=2
[EFS] OPEN(rd) '/nv/item_files/modem/geran/grr/feature_lock_arfcn_enabled' -> fd=0
[EFS] READ raw rsp (21 bytes):
[EFS]   0000: 4B 13 04 00 00 00 00 00 00 00 00 00 01 00 00 00
[EFS]   0010: 00 00 00 00 00
[EFS] READ fd=0 -> 1 bytes
[GSM-UNLOCK] === verified CLEAR (attempt 1/3) ===
[CLEANUP] === unlock_all done (rc=0) ===
[I] DiagDciClient: stopping (client_id=1)...
[D] DiagDciClient: log mask disabled
[D] DiagDciClient: event mask disabled
[D] DiagDciClient: released client_id=0
[D] DiagDciClient: Diag_LSM_DeInit() done
[I] libdiag: unloaded
[I] DiagDciClient: stopped. Stats: logs=0 events=0 parsed=0 errors=0
